,isourbid,iso3,urbid,name,pop_2000,area_sq_km,urban_day_mean,buffer_day_mean,day_diff,urban_night_mean,buffer_night_mean,night_diff,latitude,longitude,pop_per_sq_km
22,NZL96,NZL,96,HASTINGS,113497.0,346.34,32.96,32.96,2.14,12.15,12.06,0.08999999999999986,-39.50764653,176.8610136,327.7039902985506
23,CHL101,CHL,101,VALDIVIA,124590.0,180.26,28.51,28.51,1.38,11.03,10.83,0.1999999999999993,-39.81947928,-73.22024876,691.1683124375902
37,CHL125,CHL,125,OSORNO,128430.0,280.58,35.07,35.07,1.24,10.75,10.299000000000001,-0.07000000000000028,-40.54164547,-73.15248481,457.7304155677525
51,NZL155,NZL,155,WELLINGTON,480770.0,754.77,28.24,28.24,3.61,10.75,10.299000000000001,0.20999999999999908,-41.19272482,174.9205029,636.9755024709515
61,CHL183,CHL,183,PUERTOMONTT,143354.0,172.34,29.31,29.31,2.35,10.75,10.299000000000001,-0.7299999999999969,-41.45672752,-72.94488908,831.8092143437391
73,AUS226,AUS,226,HOBART,190598.0,433.35,33.94,33.94,1.95,10.75,10.299000000000001,0.2599999999999998,-42.84981153,147.3440314,439.82462212991805
79,NZL242,NZL,242,CHRISTCHURCH,348117.0,737.7,31.47,31.47,2.19,10.75,10.299000000000001,0.34000000000000163,-43.48796884,172.6002759,471.89507930052866
100,ARG293,ARG,293,COMODORORIVADAVIA,140973.0,417.35,39.45,39.45,0.01,10.75,10.299000000000001,1.42,-45.81408305,-67.54626912,337.78123876841977
101,NZL298,NZL,298,DUNEDIN,107819.0,283.35,28.24,28.24,1.97,10.75,10.299000000000001,-0.25,-45.86698734,170.4730231,380.51526380801124
122,CHL394,CHL,394,PUNTAARENAS,114592.0,142.96,28.24,28.24,0.03,10.75,10.299000000000001,0.8000000000000007,-53.12679359,-70.94782535,801.5668718522663
140,RUS537,RUS,537,NORILSK,140587.0,47.765,34.98,34.98,2.85,10.75,10.299000000000001,1.7710000000000001,69.32154645,88.21226573,12945.395948434623
141,RUS542,RUS,542,MURMANSK,426550.0,1270.26,28.24,28.24,-0.46,10.75,10.299000000000001,0.27999999999999936,68.96678958,33.15519176,335.79739580873206
161,RUS707,RUS,707,APATITY,105379.2,756.86,28.24,28.24,0.51,10.75,10.299000000000001,-0.7299999999999969,67.59663257,33.69532345,137.67407446555507
162,RUS711,RUS,711,VORKUTA,114500.0,957.23,30.03,30.03,-0.77,10.75,10.299000000000001,0.9600000000000009,67.53073558,63.9466964,119.61597526195376
206,FIN1047,FIN,1047,OULU,185935.0,1337.33,28.24,28.24,-0.22,10.75,10.299000000000001,0.7200000000000024,65.00482862,25.57909157,139.0344941039235
220,RUS1157,RUS,1157,ARCHANGEL,409317.0,1038.27,28.24,28.24,0.37,10.75,10.299000000000001,0.5299999999999994,64.53176448,40.5886186,394.2298246120951
233,ISL1285,ISL,1285,REYKJAVIK,174294.0,454.47,28.24,28.24,-0.58,10.75,10.299000000000001,0.10000000000000142,64.11785088,-21.7748005,383.5104627368143
259,RUS1458,RUS,1458,UHTA,136120.0,764.17,28.24,28.24,0.49,10.75,10.299000000000001,0.9199999999999999,63.55535081,53.72834782,178.12790347697504
262,NOR1476,NOR,1476,TRONDHEIM,172647.0,1504.27,28.24,28.24,-0.63,10.75,10.299000000000001,0.33000000000000185,63.30938267,10.32935083,114.77128441037846
303,FIN1856,FIN,1856,JYVASKYLA,115058.0,697.92,28.24,28.24,0.95,10.75,10.93,-0.17999999999999972,62.28772243,25.7503902,164.85843649701974
310,RUS1940,RUS,1940,JAKUTSK,205870.0,753.92,28.24,28.24,0.98,10.75,10.299000000000001,0.6100000000000012,62.04116547,129.7027861,273.0661078098472
322,RUS2049,RUS,2049,PETROZAVODSK,266933.0,451.94,28.24,28.24,1.25,10.75,11.42,-0.7299999999999969,61.82605545,34.25456052,590.6381378059034
325,RUS2060,RUS,2060,SYKTYVKAR,228432.0,771.0,28.24,28.24,0.93,10.75,10.299000000000001,0.6400000000000006,61.72120316,50.7847849,296.2801556420234
338,USA2135,USA,2135,ANCHORAGE,572916.0,2138.968,28.24,28.24,0.88,10.75,10.299000000000001,1.7710000000000001,61.35653925,-149.6303048,221.709854184081
342,FIN2159,FIN,2159,TAMPERE,386255.0,991.99,28.24,28.24,1.1,10.99,11.94,-0.7299999999999969,61.44839804,23.78872095,389.37388481738725
352,RUS2251,RUS,2251,KOTLAS,110400.0,666.34,28.24,28.24,1.03,10.75,10.299000000000001,0.21000000000000085,61.27242441,46.88544257,165.6811837800522
355,FIN2268,FIN,2268,LAHDEN,158459.0,776.59,28.24,28.24,0.57,11.73,11.66,0.07000000000000028,61.0494712,25.78419019,204.04460526146357
369,FIN2363,FIN,2363,HELSINKI,1757825.0,2138.968,28.24,28.24,1.94,11.14,11.23,-0.08999999999999986,60.46312719,24.87862027,643.1169030728536
373,FIN2402,FIN,2402,KOUVOLA,105379.2,567.75,28.24,28.24,0.69,11.06,10.61,0.45000000000000107,60.8434647,26.73932253,178.25099075297226
380,NOR2446,NOR,2446,BERGEN,266994.0,1843.36,28.24,28.24,1.46,10.75,10.299000000000001,-0.03999999999999915,60.43324791,5.419771734,144.8409426265081
385,SWE2463,SWE,2463,BORLANGE,128399.0,958.86,28.24,28.24,1.12,10.75,10.299000000000001,0.05999999999999872,60.5263358,15.64447714,133.9079740525207
386,SWE2464,SWE,2464,GAVLE,115851.0,947.47,28.24,28.24,1.04,10.75,10.299000000000001,-0.16999999999999993,60.62584302,16.89874448,122.27405617064392
394,FIN2506,FIN,2506,TURKU,321587.0,1051.05,28.24,28.24,1.73,10.75,10.65,-0.7299999999999969,60.49992942,22.26718563,305.967365967366
411,NOR2617,NOR,2617,OSLO,1470065.0,2138.968,28.24,28.24,1.54,10.75,10.35,0.22000000000000064,59.61960727,10.49646541,291.7530806373829
419,RUS2674,RUS,2674,SANKTPETERBURG,2067882.5999999978,2138.968,28.24,28.24,1.98,10.79,10.299000000000001,0.6699999999999999,59.8634076,30.38045882,1678.8181060271688
439,SWE2756,SWE,2756,UPPSALA,131959.0,413.83,28.24,28.24,1.94,10.75,10.299000000000001,0.1999999999999993,59.88947082,17.65866849,318.87248387018826
467,RUS2902,RUS,2902,BEREZNIKI,279960.0,1022.98,28.24,28.24,1.41,11.44,11.12,0.3200000000000003,59.51103525,56.82021596,273.6710395120139
468,RUS2903,RUS,2903,MAGADAN,121000.0,417.26,28.24,28.24,-0.25,10.75,10.299000000000001,0.4800000000000022,59.61978669,150.8455964,289.9870584287974
470,SWE2907,SWE,2907,VASTERAS,110543.0,314.36,28.24,28.24,2.32,10.75,10.83,-0.5199999999999996,59.6334023,16.53686507,351.64461127369896
473,RUS2918,RUS,2918,SEROV,105379.2,427.71,28.24,28.24,1.4,10.75,10.299000000000001,0.3600000000000012,59.62155853,60.60217758,235.4656192279816
479,SWE2935,SWE,2935,STOCKHOLM,1554146.0,2138.968,28.24,28.24,2.48,11.63,12.03,-0.3999999999999986,59.35044024,17.9697084,628.2017494219793
494,EST3008,EST,3008,TALLINN,431462.0,630.94,28.24,28.24,0.89,11.41,10.78,0.6300000000000008,59.39136677,24.72647196,683.839984784607
512,SWE3089,SWE,3089,OREBRO,116172.0,751.44,28.24,28.24,1.61,10.75,10.299000000000001,0.14000000000000057,59.19455568,15.13428688,154.5991695943788
517,RUS3108,RUS,3108,VOLOGDA,291271.0,757.69,28.24,28.24,1.47,10.75,10.299000000000001,0.33999999999999986,59.21228159,39.8580043,384.41974950177513
524,RUS3132,RUS,3132,CEREPOVEC,311861.0,743.39,28.24,28.24,0.68,10.75,10.96,-0.23000000000000043,59.16334012,37.81540361,419.51196545554825
529,NOR3172,NOR,3172,STAVANGER,221858.0,1103.02,28.24,28.24,1.16,10.75,10.299000000000001,-0.2699999999999996,58.79368869,5.771340432,201.13687875106527
557,NOR3307,NOR,3307,KRISTIANSAND,137238.0,1250.03,28.24,28.24,0.4,10.85,10.49,0.35999999999999943,58.37559905,8.419265405,109.78776509363776
562,RUS3323,RUS,3323,LESNOJ,128500.0,740.69,28.24,28.24,0.89,10.75,10.299000000000001,0.4299999999999997,58.71785822,59.63993435,173.4868838515438
569,RUS3370,RUS,3370,KIROV,547354.0,1263.94,28.81,28.81,1.32,10.75,10.299000000000001,0.7200000000000006,58.56427439,49.65366095,433.053784198617
575,RUS3387,RUS,3387,VELIKIJNOVGOROD,218975.0,459.26,28.24,28.24,1.39,10.94,10.83,0.10999999999999943,58.5865681,31.29427572,476.79963419413843
593,SWE3477,SWE,3477,LINKOPING,128085.0,717.65,28.24,28.24,1.47,11.09,11.3,-0.21000000000000085,58.39549893,15.47986121,178.47836689193898
605,EST3541,EST,3541,TARTU,105379.2,207.6,29.92,29.92,1.53,11.17,10.82,0.34999999999999964,58.36721945,26.73257515,487.3265895953757
638,RUS3663,RUS,3663,PERM,1085237.0,1762.18,29.34,29.34,1.84,11.49,11.26,0.23000000000000043,58.00179582,56.01262705,615.8491187052401
639,RUS3665,RUS,3665,GLAZOV,105379.2,245.21,32.31,32.31,1.22,10.75,10.299000000000001,0.25,58.13784309,52.66127383,413.40483667060886
642,RUS3680,RUS,3680,USTILIMSK,105379.2,687.42,28.24,28.24,0.89,10.75,10.299000000000001,0.34000000000000163,58.01572538,102.7442511,148.16124058072214
643,SWE3681,SWE,3681,GOTEBORG,654001.0,1340.59,28.24,28.24,1.55,11.7,12.35,-0.6500000000000004,57.7535022,12.03547644,487.84565004960507
648,RUS3688,RUS,3688,RYBINSK,226923.0,420.23,28.24,28.24,1.51,10.75,11.469999999999999,-0.7299999999999969,58.04828795,38.80245535,539.9971444209124
661,RUS3739,RUS,3739,NIZNIJTAGIL,395562.0,669.91,28.24,28.24,2.16,10.75,10.299000000000001,-0.019999999999999574,57.93089871,60.02455805,590.4703616903763
674,RUS3823,RUS,3823,JAROSLAVL,661405.0,1059.42,28.24,28.24,1.74,10.75,10.299000000000001,0.5799999999999983,57.66328301,39.7849102,624.308583942157
677,RUS3831,RUS,3831,KOSTROMA,279184.0,489.02,28.24,28.24,1.49,10.75,10.299000000000001,-0.7299999999999969,57.77386176,40.95095777,570.9050754570366
679,RUS3840,RUS,3840,PSKOV,202899.0,346.36,28.24,28.24,1.94,11.71,11.57,0.14000000000000057,57.80919184,28.31636354,585.8037879662778
714,RUS4050,RUS,4050,NOVOURALSK,118100.0,548.48,28.24,28.24,2.03,10.83,10.299000000000001,0.5800000000000001,57.37847652,60.08152865,215.32234539089848
731,GBR4139,GBR,4139,ABERDEEN,184521.0,848.86,28.24,28.24,0.09,10.75,10.299000000000001,0.3999999999999986,57.2097441,-2.213910406,217.3750677379073
753,RUS4231,RUS,4231,TJUMEN,505364.0,1300.26,28.47,28.47,1.59,11.17,10.33,0.8399999999999999,57.1112839,65.62874574,388.66380570039837
754,DNK4246,DNK,4246,AALBORG,163298.0,589.39,29.62,29.62,1.5,10.75,10.34,0.27999999999999936,57.06695458,9.905833082,277.06272586911894
771,RUS4317,RUS,4317,VOTKINSK,105379.2,298.56,31.59,31.59,1.08,11.23,11.42,-0.1899999999999995,57.05264637,54.01831998,341.271436227224
775,LVA4332,LVA,4332,RIGA,890873.0,1098.6,28.24,28.24,1.17,12.04,11.5,0.5399999999999991,56.92738618,24.13619885,810.9166211541963
783,RUS4376,RUS,4376,IVANOVO,439372.0,499.71,28.24,28.24,1.84,10.75,10.299000000000001,0.28999999999999915,56.98605525,40.98723016,879.2539673010347
786,RUS4416,RUS,4416,JEKATERINBURG,1569404.0,1985.08,28.24,28.24,2.34,10.75,10.299000000000001,0.0600000000000005,56.83864858,60.48456601,790.5998750680073
791,RUS4423,RUS,4423,TVER,415541.0,590.98,28.24,28.24,1.56,11.46,10.97,0.4900000000000002,56.85970983,35.90303314,703.138854106738
801,RUS4466,RUS,4466,IZEVSK,632545.0,730.78,32.68,32.68,2.23,10.75,10.299000000000001,0.5800000000000001,56.84588108,53.27167812,865.57513889269
836,RUS4666,RUS,4666,JOSKAROLA,254466.0,555.24,30.04,30.04,1.26,10.75,10.299000000000001,-0.08999999999999986,56.6415125,47.88478405,458.2991138966933
847,RUS4705,RUS,4705,TOMSK,599058.0,1060.76,28.28,28.28,0.61,10.75,10.299000000000001,0.45000000000000107,56.52214165,85.00842862,564.7441457068517
858,GBR4772,GBR,4772,DUNDEE,177855.0,443.11,28.24,28.24,1.13,10.75,10.299000000000001,0.3899999999999988,56.4779208,-2.861739405,401.378890117578
867,RUS4808,RUS,4808,NIZNIJNOVGOROD,1820517.0,2138.968,29.4,29.4,1.28,10.98,10.33,0.6500000000000004,56.281185,43.70971912,774.3717460101406
875,RUS4846,RUS,4846,ACHINSK,119202.0,825.68,28.24,28.24,0.7,10.75,10.299000000000001,0.4499999999999993,56.34087214,90.50666736,144.36827826760972
877,RUS4849,RUS,4849,SERGIJEVPOSAD,165384.0,435.56,28.24,28.24,1.23,11.12,10.65,0.46999999999999886,56.37273451,38.14960029,379.7042887317476
878,RUS4850,RUS,4850,SARAPUL,105379.2,216.04,31.88,31.88,-0.05,11.11,10.299000000000001,0.8200000000000003,56.46082171,53.78493837,483.0725791520089
887,RUS4882,RUS,4882,KAMENSKURALSKIJ,188200.0,458.06,31.49,31.49,2.28,10.75,10.299000000000001,0.40000000000000036,56.39935055,61.96529056,410.86320569357724
898,RUS4945,RUS,4945,KOVROV,156269.0,426.8,28.24,28.24,1.24,10.96,10.65,0.3100000000000005,56.34818624,41.23921044,366.1410496719775
899,RUS4948,RUS,4948,KRASNOJARSK,1079557.0,2138.968,28.24,28.24,2.98,11.15,11.0,0.15000000000000036,56.09452524,92.92757806,502.4092965245071
902,RUS4956,RUS,4956,VELIKIJELUKI,106337.0,266.44,28.24,28.24,1.35,11.02,10.94,0.08000000000000007,56.35044685,30.5435031,399.1029875394085
908,RUS4976,RUS,4976,BRATSK,283305.0,1080.89,28.24,28.24,2.39,10.75,10.299000000000001,-0.7299999999999969,56.20277445,101.5780289,262.103451785103
914,DNK5015,DNK,5015,ARHUS,335157.0,823.19,29.82,29.82,1.25,10.75,10.63,0.08000000000000007,56.17829988,10.10481584,407.14415869969264
929,RUS5082,RUS,5082,KANSK,105379.2,507.66,29.49,29.49,-0.08,10.75,10.299000000000001,0.03999999999999915,56.20592904,95.67273553,205.12350785959106
934,RUS5093,RUS,5093,VLADIMIR,341607.0,717.99,28.24,28.24,0.81,10.75,10.61,-0.11999999999999922,56.11885508,40.33175125,475.78239251243053
936,GBR5106,GBR,5106,GLASGOW,2067882.5999999978,2138.968,28.24,28.24,2.02,10.75,10.299000000000001,0.18999999999999773,55.87719413,-3.975110279,404.54901228225845
940,SWE5119,SWE,5119,HELSINGBORG,158702.0,544.32,29.41,29.41,1.67,11.55,10.87,0.6800000000000015,56.06357347,12.80669437,291.5601116990006
941,DNK5119,DNK,5119,KOBENHAVN,1617071.0,1576.0,30.31,30.31,2.43,11.72,12.17,-0.4499999999999993,55.72576759,12.31325245,1026.0602791878173
954,RUS5175,RUS,5175,CEBOKSARY,561692.0,621.09,30.46,30.46,1.07,12.45,12.380000000000003,0.06999999999999673,56.08811974,47.30979765,904.3649068572993
962,RUS5215,RUS,5215,NEFTEKAMSK,119811.0,338.95,33.38,33.38,1.72,10.75,10.299000000000001,0.40000000000000036,56.09068443,54.20883102,353.4769139991149
969,RUS5257,RUS,5257,MOSCOW,2067882.5999999978,2138.968,28.24,28.24,1.92,11.27,10.65,0.6199999999999992,55.74309841,37.69619055,2673.822316394869
991,RUS5360,RUS,5360,KAZAN,1264190.0,1698.42,31.5,31.5,0.13,12.030000000000001,11.73,0.3000000000000007,55.84336335,48.96930091,744.3329682881737
995,LTU5388,LTU,5388,SIAULIAI,134825.0,258.78,31.44,31.44,0.65,11.06,10.87,0.19000000000000128,55.92100554,23.33391605,521.0023958574852
1003,LVA5445,LVA,5445,DAUGAVPILS,115265.0,185.61,29.15,29.15,1.49,11.73,10.67,1.0600000000000005,55.88738104,26.54759797,621.0064112924949
1004,RUS5447,RUS,5447,OREHOVOZUJEVO,156454.0,325.21,28.24,28.24,0.79,10.84,10.299000000000001,0.7200000000000006,55.8094892,39.01137883,481.08606746410015
1011,RUS5470,RUS,5470,NABEREZNYJECELNY,816917.0,1560.92,33.36,33.36,0.65,11.54,11.46,0.0799999999999983,55.69872149,52.18689414,523.35609768598
1028,SWE5591,SWE,5591,MALMO,422798.0,930.0,30.98,30.98,1.3,11.72,10.59,1.1300000000000008,55.62170808,13.14135355,454.6215053763441
1030,DNK5606,DNK,5606,KOLDING,196325.0,597.92,29.13,29.13,1.58,10.75,10.299000000000001,0.6899999999999995,55.61452022,9.605398264,328.3466015520471
1031,RUS5607,RUS,5607,OZJORSK,127600.0,362.03,28.24,28.24,0.2,11.41,11.65,-0.2400000000000002,55.70446532,60.65586661,352.4569787034224
1034,LTU5631,LTU,5631,PANEVEZYS,120298.0,188.53,29.62,29.62,1.54,11.05,10.8,0.25,55.73575491,24.37779149,638.0841245425131
1036,LTU5640,LTU,5640,KLAIPEDA,208819.0,303.16,28.24,28.24,1.21,11.14,10.58,0.5600000000000005,55.69698608,21.24482819,688.8078902229845
1038,RUS5656,RUS,5656,KEMEROVO,572512.0,1475.33,28.85,28.85,1.56,10.75,10.299000000000001,0.4299999999999997,55.43239581,86.06390329,388.0569093016478
1051,RUS5759,RUS,5759,MUROM,126365.0,352.48,29.68,29.68,0.94,10.75,10.299000000000001,-0.08000000000000007,55.56836594,42.06219451,358.5026100771675
1059,BLR5816,BLR,5816,NOVOPOLOTSK,189914.0,517.31,28.24,28.24,0.8,11.4,11.400000000000002,-1.7763568394002505e-15,55.51143314,28.64889513,367.1183622972686
1074,RUS5910,RUS,5910,KURGAN,347265.0,735.15,28.24,28.24,-0.81,11.51,10.58,0.9299999999999997,55.42554687,65.32992701,472.3729851050806
1075,DNK5917,DNK,5917,ODENSE,222903.0,987.25,29.49,29.49,1.91,10.75,11.150000000000002,-0.4300000000000015,55.35978069,10.40902815,225.781716890352
1099,RUS6025,RUS,6025,ARZAMAS,193423.0,281.34,29.54,29.54,-0.02,11.27,10.89,0.379999999999999,55.39816813,43.82086723,687.5062202317481
1101,GBR6062,GBR,6062,NEWCASTLEUPONTYNE,1642515.0,2138.968,28.57,28.57,2.08,10.75,10.299000000000001,0.9700000000000006,54.82385512,-1.537593502,524.0920606760646
1114,RUS6145,RUS,6145,CELJABINSK,1226466.0,1775.1,31.48,31.48,1.51,11.96,11.310000000000002,0.6499999999999986,55.09267636,61.40930648,690.9278350515465
1123,BLR6193,BLR,6193,VITEBSK,347308.0,448.98,28.24,28.24,1.48,11.650000000000002,11.17,0.4800000000000022,55.21470116,30.22821674,773.5489331373335
1133,RUS6252,RUS,6252,OBNINSK,126986.0,308.57,28.24,28.24,0.85,11.12,10.78,0.33999999999999986,55.15589898,36.60725821,411.5306089380044
1141,RUS6293,RUS,6293,ZLATOUST,355670.0,771.19,28.24,28.24,0.84,10.75,11.05,-0.3000000000000007,55.10940332,59.91629572,461.1963329400018
1142,RUS6295,RUS,6295,NOVOSIBIRSK,1532978.0,1713.98,29.87,29.87,1.78,11.33,11.0,0.33000000000000007,55.00582544,82.93814124,894.3966674056874
1145,RUS6321,RUS,6321,OMSK,1136058.0,1454.46,30.48,30.48,0.58,11.54,10.96,0.5799999999999983,55.00762947,73.31501334,781.0857637886226
1159,RUS6422,RUS,6422,KOLOMNA,150844.0,183.49,28.41,28.41,1.7,10.75,10.56,0.11999999999999922,55.08818321,38.7976621,822.0829472995803
1175,RUS6498,RUS,6498,UFA,1047799.0,1651.29,32.79,32.79,0.14,10.96,10.299000000000001,1.0600000000000005,54.80808497,56.01663793,634.5336070587238
1189,LTU6611,LTU,6611,KAUNAS,395304.0,464.58,28.65,28.65,1.38,11.44,11.01,0.4299999999999997,54.90378317,23.96272531,850.8846700245383
1192,RUS6633,RUS,6633,SERPUCHOV,168318.0,235.91,28.24,28.24,1.2,12.25,11.52,0.7300000000000004,54.90639651,37.35594664,713.4839557458353
1194,RUS6646,RUS,6646,ALMETJEVSK,138666.0,652.35,32.36,32.36,0.43,10.86,10.75,0.10999999999999943,54.83757907,52.35439759,212.56380777190157
1201,RUS6682,RUS,6682,STUPINO,107000.0,296.58,28.24,28.24,1.02,12.37,11.469999999999999,0.9000000000000004,54.85217535,38.18347662,360.77955357744963
1204,RUS6703,RUS,6703,SMOLENSK,327838.0,642.7,28.24,28.24,1.06,11.25,10.31,0.9399999999999995,54.78312139,32.01574601,510.09491208962186
1208,KAZ6740,KAZ,6740,PETROPAVLOVSK,200212.0,47.765,31.43,31.43,2.21,11.68,11.35,0.33000000000000007,54.86673703,69.1446324,5958.690476190476
1218,POL6808,POL,6808,GDANSK,867120.0,1160.06,28.24,28.24,0.75,11.97,11.36,0.6100000000000012,54.45021051,18.46229884,747.4785786942055
1221,RUS6825,RUS,6825,KALUGA,331438.0,794.49,28.24,28.24,0.96,11.1,10.5,0.5999999999999996,54.60134425,36.13277549,417.1707636345328
1227,RUS6857,RUS,6857,KALININGRAD,425657.0,507.86,28.24,28.24,0.77,11.24,10.63,0.6099999999999994,54.70267496,20.50292992,838.138463356043
1229,RUS6859,RUS,6859,RJAZAN,520664.0,1009.43,30.19,30.19,0.48,10.75,10.299000000000001,0.5600000000000005,54.61068067,39.73118207,515.8000059439486
1231,GBR6879,GBR,6879,BELFAST,478250.0,1677.16,28.84,28.84,1.6,10.75,10.299000000000001,-0.28999999999999915,54.55798196,-6.077096188,285.1546662214696
1232,LTU6882,LTU,6882,VILNIUS,568386.0,664.55,28.24,28.24,1.56,12.73,11.8,0.9299999999999997,54.66783677,25.25019837,855.2945602287263
1234,RUS6912,RUS,6912,LENINSKKUZNECKIJ,223066.0,1350.79,30.4,30.4,1.99,10.75,10.299000000000001,0.23000000000000043,54.43968713,86.20443331,165.13743809178334
1247,RUS7040,RUS,7040,OKTJABRSKIJ,171522.0,555.12,33.77,33.77,0.26,10.75,10.299000000000001,0.23999999999999844,54.56116806,53.58842598,308.98184176394295
1255,BLR7164,BLR,7164,ORSA,136100.0,314.68,29.24,29.24,0.3,10.76,10.58,0.17999999999999972,54.4925694,30.40448872,432.50286004830303
1262,POL7233,POL,7233,SLUPSK,105379.2,180.64,28.89,28.89,1.6,11.57,11.19,0.3800000000000008,54.4667176,17.02655679,555.5690876882197
1268,RUS7317,RUS,7317,ULJANOVSK,633958.0,894.4,34.26,34.26,1.73,12.42,14.13,-0.7299999999999969,54.30410332,48.39296791,708.8081395348837
1273,DEU7345,DEU,7345,KIEL,252168.0,346.07,29.1,29.1,1.03,11.07,11.04,0.030000000000001137,54.31971773,10.15928749,728.6618314213888
1287,RUS7487,RUS,7487,SARANSK,358682.0,851.5,33.55,33.55,0.63,11.82,11.66,0.16000000000000014,54.16764864,45.14040347,421.2354668232531
1292,RUS7533,RUS,7533,TULA,546634.0,981.03,28.63,28.63,0.59,10.88,10.45,0.4300000000000015,54.12223601,37.61229219,557.2041629715707
1293,BLR7544,BLR,7544,BORISOV,151931.0,282.98,28.27,28.27,1.22,12.43,11.76,0.6699999999999999,54.24288085,28.57837535,536.8966004664641
1294,RUS7546,RUS,7546,DIMITROVGRAD,129814.0,328.56,29.61,29.61,-1.39,12.38,12.06,0.3200000000000003,54.21111115,49.60052295,395.099829559289
1296,POL7569,POL,7569,KOSZALIN,109123.0,245.05,28.53,28.53,1.01,11.54,11.39,0.14999999999999858,54.2049721,16.18891957,445.30912058763516
1303,RUS7645,RUS,7645,NOVOKUZNECK,1159742.0,2138.968,29.39,29.39,2.19,10.75,10.299000000000001,0.5500000000000007,53.80856349,87.2340255,355.63453488906947
1307,POL7659,POL,7659,ELBLAG,127972.0,126.17,28.69,28.69,1.89,12.21,11.41,0.8000000000000007,54.17164953,19.41870947,1014.2823175081239
1312,DEU7685,DEU,7685,ROSTOCK,221497.0,452.34,31.59,31.59,2.07,11.66,11.3,0.35999999999999943,54.10751138,12.1257869,489.66927532387143
1326,RUS7785,RUS,7785,NOVOMOSKOVSK,264480.0,749.18,28.99,28.99,-0.17,10.97,10.58,0.39000000000000057,54.0078002,38.29805661,353.02597506607225
1332,DEU7808,DEU,7808,LUBECK,267187.0,429.78,30.56,30.56,0.44,11.62,10.94,0.6799999999999997,53.92306468,10.74836078,621.6831867467076
1335,BLR7839,BLR,7839,MINSK,1688585.0,1241.55,30.77,30.77,1.39,11.71,11.14,0.5700000000000003,53.90607209,27.61395285,1360.062019250131
1347,GBR7946,GBR,7946,YORK,134726.0,173.22,30.67,30.67,2.02,10.75,10.299000000000001,0.41000000000000014,53.9751817,-1.071888309,777.7739291074934
1352,BLR8013,BLR,8013,MOGILEV,355900.0,408.78,30.43,30.43,1.16,12.42,11.58,0.8399999999999999,53.88359356,30.35850528,870.6394637702432
1358,GBR8048,GBR,8048,BIRMINGHAM,2067882.5999999978,2138.968,31.7,31.7,2.15,10.75,10.299000000000001,0.7699999999999996,53.07926169,-1.550021139,873.6089009621647
1363,BLR8068,BLR,8068,LIDA,105379.2,196.91,30.25,30.25,0.84,11.18,11.03,0.15000000000000036,53.89699637,25.30379426,518.3027779188462
1366,GBR8103,GBR,8103,LIVERPOOL,2067882.5999999978,2138.968,30.02,30.02,1.93,10.75,10.299000000000001,1.1099999999999994,53.48034343,-2.710550085,731.7937754100659
1371,RUS8151,RUS,8151,ABAKAN,313925.0,1066.38,37.45,37.45,-0.11,10.75,10.299000000000001,0.1999999999999993,53.72353515,91.43185335,294.38380314709576
1378,CAN8206,CAN,8206,EDMONTON,838493.0,2138.968,28.24,28.24,1.58,10.75,10.299000000000001,0.7200000000000006,53.57607789,-113.4621397,229.30821359616257
1380,GBR8209,GBR,8209,KINGSTONUPONHULL,451597.0,877.42,29.48,29.48,2.02,10.75,10.299000000000001,0.9800000000000004,53.69908871,-0.303782301,514.6873789063391
1386,DEU8251,DEU,8251,HAMBURG,2067882.5999999978,2017.81,32.32,32.32,1.67,11.98,10.83,1.1500000000000004,53.57151483,9.994938297,1122.8153294908836
1389,POL8275,POL,8275,OLSZTYN,171426.0,305.78,28.24,28.24,1.06,11.22,10.73,0.4900000000000002,53.78320255,20.50375493,560.6187455033031
1406,BLR8435,BLR,8435,GRODNO,305402.0,323.44,29.92,29.92,1.4,11.85,11.24,0.6099999999999994,53.67672982,23.87424496,944.2307692307693
1415,DEU8539,DEU,8539,SCHWERIN,105379.2,201.64,31.91,31.91,0.78,11.33,10.88,0.4499999999999993,53.61578701,11.39065897,519.0388811743702
1416,RUS8547,RUS,8547,BARNAUL,662269.0,1198.3,30.19,30.19,0.62,12.28,11.7,0.5800000000000001,53.39440233,83.74770256,552.6737878661437
1417,RUS8552,RUS,8552,STERLITAMAK,261645.0,47.765,36.2,36.2,1.18,14.02,12.21,1.7710000000000001,53.67401146,56.00913882,40691.290824261276
1422,RUS8595,RUS,8595,TOLJATTI,738395.0,808.69,34.25,34.25,3.47,13.17,14.17,-0.7299999999999969,53.52574521,49.40163624,913.0754677317636
1424,DEU8602,DEU,8602,WILHELMSHAVEN,108035.0,216.36,31.78,31.78,0.99,10.75,10.299000000000001,0.0,53.55718238,8.021578483,499.3298206692549
1428,RUS8621,RUS,8621,BRJANSK,469177.0,1083.31,28.35,28.35,1.78,10.75,10.299000000000001,0.5299999999999994,53.33393819,34.34334361,433.0957897554717
1429,IRL8639,IRL,8639,DUBLIN,740041.0,1450.45,31.35,31.35,1.49,10.75,10.299000000000001,1.3100000000000005,53.32121917,-6.404248602,510.21476093626114
1431,DEU8641,DEU,8641,BREMERHAVEN,185209.0,285.67,31.99,31.99,0.82,11.08,10.299000000000001,1.0700000000000003,53.52829027,8.573268444,648.331991458676
1436,POL8697,POL,8697,SZCZECIN,449941.0,500.85,30.35,30.35,1.02,12.42,11.78,0.6400000000000006,53.44735876,14.56331402,898.3547968453629
1439,RUS8724,RUS,8724,MAGNITOGORSK,420306.0,1069.56,35.54,35.54,-1.3,10.87,10.73,0.1399999999999988,53.42908817,59.07276862,392.970941321665
1444,RUS8790,RUS,8790,SAMARA,1395343.0,1989.94,35.0,35.0,0.33,13.05,12.35,0.7000000000000011,53.20479753,50.11580118,701.1985285988522
1447,POL8816,POL,8816,GRUDZIADZ,105379.2,136.68,29.58,29.58,0.0,11.95,11.23,0.7199999999999989,53.4796944,18.75514629,738.8132865086333
1458,KAZ8975,KAZ,8975,KOKCHETAV,122117.0,289.86,33.06,33.06,-0.32,10.75,10.4,0.33000000000000007,53.32041072,69.39712902,421.2964879597047
1463,RUS9006,RUS,9006,PENZA,519392.0,944.22,31.66,31.66,0.35,11.77,11.469999999999999,0.3000000000000007,53.20177545,45.01845006,550.075194340302
1472,RUS9086,RUS,9086,SALAVAT,157162.0,47.765,35.39,35.39,0.2,13.92,10.49,1.7710000000000001,53.35990168,55.94214426,18403.04449648712
1480,NLD9123,NLD,9123,LEEUWARDEN,172190.0,510.82,32.82,32.82,1.32,10.75,10.52,-0.019999999999999574,53.23288119,5.928253466,337.08547042010883
1492,NLD9171,NLD,9171,GRONINGEN,265150.0,582.5,32.1,32.1,1.02,10.75,10.299000000000001,0.9000000000000004,53.17818579,6.694984052,455.1931330472103
1496,RUS9211,RUS,9211,MICURINSK,120700.0,817.86,32.8,32.8,0.8,10.75,10.299000000000001,0.4499999999999993,53.03115126,40.41971996,147.58027046193726
1497,RUS9214,RUS,9214,SYZRAN,212708.0,834.9,36.22,36.22,1.5,13.01,13.08,-0.07000000000000028,53.14439542,48.48600656,254.77063121331898
1498,GBR9225,GBR,9225,STOKEONTRENT,495193.0,677.84,31.51,31.51,1.72,10.75,10.299000000000001,0.6099999999999994,53.10284699,-2.319230542,730.545556473504
1501,DEU9237,DEU,9237,BREMEN,861336.0,1046.54,32.95,32.95,1.71,11.3,10.299000000000001,1.0700000000000003,53.09666006,8.774629389,823.0320866856499
1505,DEU9267,DEU,9267,OLDENBURG,189406.0,222.45,33.7,33.7,0.92,11.08,10.299000000000001,1.0899999999999999,53.14764609,8.215251249,851.4542593841313
1506,KAZ9290,KAZ,9290,KOSTANAY,221043.0,47.765,37.5,37.5,-1.7769999999999997,13.92,11.77,1.7710000000000001,53.21810654,63.6293706,8465.836844121026
1510,POL9309,POL,9309,BIALYSTOK,287840.0,307.46,29.08,29.08,1.84,11.05,10.59,0.46000000000000085,53.14049399,23.14479214,936.1868210498927
1511,BLR9310,BLR,9310,BOBRUISK,221000.0,259.5,30.42,30.42,1.52,11.37,10.69,0.6799999999999997,53.1518158,29.22686005,851.6377649325626
1512,RUS9313,RUS,9313,PETROPAVLOVSKKAMCATSKIJ,272690.0,771.04,28.24,28.24,1.98,10.75,10.299000000000001,-0.41000000000000014,53.05833204,158.5228048,353.66517949782116
1517,POL9333,POL,9333,BYDGOSZCZ,375737.0,400.78,30.56,30.56,1.05,12.38,11.54,0.8400000000000016,53.13005702,18.04993333,937.5143470233046
1523,BLR9362,BLR,9362,BARANAVICI,167928.0,214.81,31.17,31.17,1.76,11.57,11.19,0.3800000000000008,53.13137312,26.00036229,781.7513151156836
1529,RUS9394,RUS,9394,KUZNECK,160800.0,314.89,31.36,31.36,1.0,11.27,11.12,0.15000000000000036,53.11102773,46.6451132,510.65451427482617
1548,RUS9509,RUS,9509,ORJOL,334121.0,589.48,31.86,31.86,-0.24,11.11,10.66,0.4499999999999993,52.96741052,36.07605781,566.806337789238
1552,KAZ9538,KAZ,9538,RUDNI,108147.0,486.52,40.16,40.16,-0.51,12.93,12.26,0.6699999999999999,52.99918873,63.14173598,222.28685357230947
1554,POL9555,POL,9555,TORUN,209321.0,241.97,32.57,32.57,2.15,12.14,11.29,0.8500000000000014,53.02516437,18.64886708,865.0700500061992
1574,NLD9694,NLD,9694,AMSTERDAM,2067882.5999999978,2138.968,33.96,33.96,2.62,13.02,12.57,0.4499999999999993,52.25272305,4.762801969,1156.8508391245127
1590,RUS9813,RUS,9813,USOLJESIBIRSKOJE,105379.2,404.61,33.22,33.22,1.87,10.75,10.299000000000001,-0.0600000000000005,52.80125768,103.5822558,255.85625664219864
1602,BLR9891,BLR,9891,SOLIGORSK,105379.2,205.26,33.83,33.83,1.3,12.1,11.37,0.7300000000000004,52.82821705,27.532304,496.13660722985486
1606,RUS9918,RUS,9918,TAMBOV,333221.0,791.45,31.25,31.25,0.92,10.75,10.299000000000001,0.5399999999999991,52.72375046,41.43455048,421.0259650009476
1626,NLD10049,NLD,10049,EMMEN,105972.0,215.2,32.73,32.73,0.12,10.75,10.299000000000001,0.5899999999999999,52.74601367,6.943346336,492.4349442379182
1630,POL10084,POL,10084,GORZOWWIELKOPOLSKI,125640.0,175.18,35.04,35.04,4.17,12.1,11.58,0.5199999999999996,52.73760528,15.23855579,717.2051604064391
1633,DEU10109,DEU,10109,BERLIN,2067882.5999999978,2138.968,34.46,34.46,2.02,13.72,12.380000000000003,1.339999999999998,52.49564304,13.39898837,1451.6891000768383
1635,GBR10144,GBR,10144,NORWICH,172110.0,525.67,31.49,31.49,1.58,10.75,10.299000000000001,0.4499999999999993,52.64122192,1.323362158,327.41073296935343
1640,RUS10185,RUS,10185,LIPECK,546051.0,1036.81,33.4,33.4,0.94,11.51,10.7,0.8100000000000005,52.58571359,39.62481713,526.6644804737609
1643,POL10201,POL,10201,WLOCLAWEK,121444.0,228.51,32.53,32.53,-1.68,11.8,10.79,1.0100000000000016,52.66670023,19.04209217,531.4603299636777
1645,GBR10228,GBR,10228,LOWESTOFT,123539.0,306.28,28.89,28.89,0.88,10.75,10.299000000000001,0.0,52.54771327,1.666732857,403.3531409168082
1653,GBR10279,GBR,10279,PETERBOROUGH,137316.0,248.83,31.1,31.1,2.09,11.02,10.3,0.7199999999999989,52.58592301,-0.238170945,551.8466422858979
1656,RUS10287,RUS,10287,JELEC,117202.0,338.3,32.37,32.37,0.1,10.99,10.299000000000001,0.7000000000000011,52.61786138,38.53401101,346.44398462902745
1665,RUS10341,RUS,10341,IRKUTSK,895065.0,1655.28,30.34,30.34,1.84,10.75,10.299000000000001,0.1999999999999993,52.37801924,104.1149304,540.7332898361607
1667,BLR10372,BLR,10372,GOMEL,483853.0,594.22,32.67,32.67,1.49,11.37,11.16,0.20999999999999908,52.46543161,30.96334292,814.265760156171
1669,POL10391,POL,10391,PLOCK,127683.0,251.27,35.35,35.35,0.49,11.63,11.38,0.25,52.55975344,19.71431661,508.15059497751423
1672,RUS10418,RUS,10418,BIJSK,220756.0,532.69,30.23,30.23,0.18,11.880000000000003,11.43,0.45000000000000284,52.52734261,85.18333585,414.417390977867
1674,POL10457,POL,10457,POZNAN,631064.0,825.52,34.32,34.32,2.04,12.94,12.220000000000002,0.7199999999999971,52.40417702,16.91702414,764.4442290919663
1682,NLD10523,NLD,10523,ZWOLLE,105801.0,136.26,35.88,35.88,2.2,11.75,10.82,0.9299999999999997,52.50374181,6.08765785,776.4641127256716
1683,DEU10524,DEU,10524,HANNOVER,1010350.0,880.13,33.96,33.96,2.12,11.33,10.89,0.4399999999999995,52.39750996,9.747273968,1147.9554156772294
1691,POL10568,POL,10568,WARSZAWA,1966228.0,2111.5,34.08,34.08,1.5,12.869999999999997,11.75,1.1199999999999974,52.22325771,21.02717424,931.1996211224248
1702,DEU10660,DEU,10660,WOLFSBURG,123351.0,174.32,33.58,33.58,1.23,11.67,10.65,1.0199999999999996,52.43144584,10.78163667,707.6124368976594
1712,KAZ10738,KAZ,10738,PAVLODAR,297609.0,793.39,33.39,33.39,-1.7769999999999997,13.09,12.47,0.6199999999999992,52.30006594,76.90646934,375.1106013436015
1713,GBR10753,GBR,10753,NORTHAMPTON,284072.0,354.48,31.54,31.54,2.09,10.75,10.299000000000001,0.7699999999999996,52.29053157,-0.776456948,801.3766644098397
1717,NLD10771,NLD,10771,ENSCHEDE,429451.0,409.42,36.08,36.08,1.3,11.82,10.87,0.9500000000000011,52.28859938,6.813896231,1048.92530897367
1721,CAN10804,CAN,10804,SASKATOON,203480.0,1069.81,28.8,28.8,0.89,10.75,10.299000000000001,0.46999999999999886,52.18579751,-106.6381499,190.20199848571244
1739,DEU10881,DEU,10881,OSNABRUCK,242360.0,234.83,35.86,35.86,1.97,11.66,10.93,0.7300000000000004,52.27518821,8.03542312,1032.0657496912659
1743,DEU10917,DEU,10917,BRAUNSCHWEIG,431527.0,563.97,33.74,33.74,1.55,11.14,10.64,0.5,52.21160687,10.47281591,765.1594942993421
1746,DEU10954,DEU,10954,BIELEFELD,1110982.0,1162.19,34.19,34.19,1.56,11.72,10.93,0.7900000000000009,52.0884442,8.67033442,955.9383577556165
1750,DEU10969,DEU,10969,MAGDEBURG,275552.0,481.54,34.84,34.84,1.15,12.78,11.82,0.9599999999999991,52.14823987,11.63896943,572.2307596461353
1756,GBR11046,GBR,11046,CAMBRIDGE,111401.0,182.07,32.62,32.62,1.81,11.25,10.72,0.5299999999999994,52.2024464,0.142189739,611.8580765639589
1759,NLD11066,NLD,11066,APELDOORN,153261.0,109.43,37.38,37.38,3.75,11.38,10.39,0.9900000000000002,52.21106476,5.979519912,1400.5391574522525
1778,DEU11203,DEU,11203,HILDESHEIM,105379.2,143.8,33.08,33.08,1.84,11.35,10.74,0.6099999999999994,52.15818769,9.945826001,726.7454798331015
1783,RUS11236,RUS,11236,CITA,318595.0,638.43,34.83,34.83,4.17,10.75,10.299000000000001,0.5500000000000007,52.04283703,113.4467251,499.02886769105464
1787,BLR11253,BLR,11253,BREST,289187.0,262.12,34.61,34.61,1.49,12.719999999999999,11.9,0.8199999999999985,52.10751908,23.74531793,1103.2618647947504
1788,BLR11255,BLR,11255,MOZYR,153907.0,425.11,32.31,32.31,1.9,13.5,12.71,0.7899999999999991,52.01460142,29.28738652,362.04041306955844
1792,BLR11275,BLR,11275,PINSK,131265.0,128.08,32.8,32.8,1.21,11.8,11.13,0.6699999999999999,52.12836212,26.08663432,1024.867270455965
1793,RUS11292,RUS,11292,BALAKOVO,200198.0,523.38,39.26,39.26,1.75,13.8,13.66,0.14000000000000057,52.00446432,47.86231671,382.5098398868891
1801,GBR11340,GBR,11340,IPSWICH,159959.0,389.89,30.08,30.08,1.04,11.39,10.76,0.6300000000000008,52.02946919,1.200072128,410.26699838415965
1816,NLD11449,NLD,11449,ARNHEM,741483.0,650.62,35.66,35.66,1.77,12.65,11.49,1.1600000000000001,51.92647878,5.833899719,1139.6560204113
1819,GBR11485,GBR,11485,LONDON,2067882.5999999978,2138.968,32.36,32.36,2.64,11.89,10.87,1.0200000000000014,51.52399551,-0.124325958,1397.4622994016559
1825,POL11520,POL,11520,ZIELONAGORA,117654.0,167.21,31.95,31.95,0.87,13.42,12.380000000000003,1.0399999999999974,51.9527534,15.50012359,703.6301656599485
1827,DEU11556,DEU,11556,MUNSTER,266483.0,154.51,36.43,36.43,2.46,12.2,10.76,1.4399999999999995,51.95395089,7.634239179,1724.6974305870172
1828,DEU11557,DEU,11557,DETMOLD,109710.0,96.83,33.56,33.56,1.15,11.39,11.32,0.07000000000000028,51.95545051,8.853111586,1133.0166270783848
1838,IRL11614,IRL,11614,CORK,153677.0,580.08,30.64,30.64,1.83,10.75,10.299000000000001,1.1799999999999997,51.88753989,-8.405043652,264.9238036132947
1842,RUS11621,RUS,11621,ORENBURG,543945.0,1798.81,42.74,42.74,-1.7769999999999997,11.68,11.12,0.5600000000000005,51.80204185,54.92599965,302.3915811008389
1845,GBR11650,GBR,11650,GLOUCESTER,217043.0,275.06,32.83,32.83,2.35,11.55,10.54,1.0100000000000016,51.88283439,-2.155040845,789.0751108848979
1849,RUS11659,RUS,11659,ULANUDE,358408.0,777.8,39.44,39.44,4.17,10.75,10.38,-0.10000000000000142,51.84833353,107.7161886,460.7971200822834
1852,GBR11693,GBR,11693,COLCHESTER,105379.2,140.95,32.5,32.5,2.65,11.29,10.71,0.5799999999999983,51.89284001,0.907730773,735.8141184817312
1868,POL11774,POL,11774,LODZ,951206.0,788.82,35.04,35.04,0.82,12.79,12.07,0.7199999999999989,51.74990074,19.45194041,1205.8593849040337
1877,DEU11829,DEU,11829,COTTBUS,111420.0,269.3,35.45,35.45,2.72,13.45,12.82,0.629999999999999,51.78255129,14.38852763,413.73932417378387
1885,GBR11890,GBR,11890,OXFORD,178510.0,285.12,31.43,31.43,1.17,10.75,10.299000000000001,0.6399999999999988,51.71623242,-1.255837553,626.0872615039282
1887,NLD11892,NLD,11892,SHERTOGENBOSCH,419301.0,508.91,35.56,35.56,1.35,12.55,11.77,0.7800000000000011,51.71592039,5.279677807,823.919750054037
1894,GBR11914,GBR,11914,BRISTOL,1805971.0,2138.968,30.8,30.8,0.71,10.75,10.299000000000001,0.3200000000000003,51.5871151,-3.220417174,452.92512571005807
1897,RUS11921,RUS,11921,KURSK,414334.0,584.22,31.66,31.66,-0.52,11.829999999999998,11.39,0.4399999999999977,51.70513166,36.15230556,709.2088596761494
1898,RUS11922,RUS,11922,VORONEZ,877083.0,940.3,34.5,34.5,0.57,12.34,11.53,0.8100000000000005,51.66594436,39.16658153,932.7693289375732
1902,POL11949,POL,11949,KALISZ,182571.0,389.41,34.88,34.88,1.18,12.2,11.94,0.2599999999999998,51.71322595,17.98570445,468.84004006060445
1906,DEU11980,DEU,11980,PADERBORN,162491.0,174.39,35.48,35.48,2.93,10.75,10.55,0.16999999999999993,51.73874289,8.760307386,931.7678765984289
1921,RUS12126,RUS,12126,SARATOV,1101810.0,1137.18,35.93,35.93,0.79,13.61,14.14,-0.5300000000000011,51.54188412,46.00783994,968.8967445786947
1922,NLD12138,NLD,12138,TILBURG,737644.0,600.42,35.37,35.37,2.62,13.08,12.49,0.5899999999999999,51.59762894,4.822332056,1228.5466839878752
1926,DEU12156,DEU,12156,ESSEN,2067882.5999999978,2138.968,35.8,35.8,2.45,13.47,12.06,1.4100000000000001,51.2723625,7.062334408,1805.2330326828767
1937,NLD12216,NLD,12216,EINDHOVEN,552155.0,530.78,35.63,35.63,1.95,12.85,11.45,1.4000000000000004,51.49660542,5.520876797,1040.270922039263
1938,DEU12217,DEU,12217,WESEL,105379.2,48.3,38.32,38.32,3.01,13.55,12.73,0.8200000000000003,51.65927696,6.644327519,2084.513457556936
1956,GBR12346,GBR,12346,SWINDON,152295.0,196.4,32.57,32.57,1.92,10.75,10.299000000000001,0.8499999999999996,51.56844281,-1.783385984,775.4327902240326
1957,DEU12365,DEU,12365,GOTTINGEN,124627.0,138.82,32.21,32.21,1.56,11.05,11.16,-0.10999999999999943,51.54898102,9.92550507,897.7596888056477
1964,RUS12395,RUS,12395,RUBCOVSK,162569.0,248.04,33.62,33.62,-0.38,12.38,12.09,0.2900000000000009,51.52750086,81.21548595,655.4144492823739
1971,UKR12449,UKR,12449,CHERNIHIV,304239.0,252.26,32.89,32.89,0.72,12.75,11.89,0.8599999999999994,51.50369991,31.28512649,1206.053278363593
1973,POL12461,POL,12461,LUBIN,105379.2,204.93,33.49,33.49,0.67,11.89,11.99,-0.09999999999999964,51.45162267,16.14293154,493.36846728151073
1977,NLD12494,NLD,12494,MIDDELBURG,133198.0,148.1,31.42,31.42,3.1,13.0,13.76,-0.7299999999999969,51.48532494,3.648451786,899.3787981093856
1979,DEU12496,DEU,12496,HALLE,293891.0,390.34,36.36,36.36,1.57,12.95,11.98,0.9699999999999989,51.41887497,11.98482895,752.9102833427269
1991,POL12555,POL,12555,RADOM,229834.0,236.71,36.57,36.57,1.14,12.7,12.09,0.6099999999999994,51.40943341,21.1471076,970.9517975581936
1998,DEU12606,DEU,12606,LEIPZIG,507673.0,582.98,35.4,35.4,1.14,13.149999999999999,12.32,0.8299999999999983,51.34323244,12.35034098,870.8240419911489
2013,DEU12687,DEU,12687,KASSEL,269758.0,362.22,32.5,32.5,2.53,11.72,10.97,0.75,51.31766697,9.507789243,744.7352437745017
2017,GBR12732,GBR,12732,MARGATE,286976.0,660.64,28.41,28.41,0.72,11.57,11.64,-0.07000000000000028,51.25195284,1.183714175,434.39089367885686
2021,NLD12778,NLD,12778,MAASTRICHT,444130.0,564.16,33.82,33.82,1.3,13.99,12.630000000000003,1.3599999999999977,50.91228748,5.856748309,787.2412081678957
2022,DEU12778,DEU,12778,AACHEN,638801.0,510.68,34.39,34.39,1.36,12.690000000000001,12.64,0.05000000000000071,50.84423325,6.170741361,1250.8831362105427
2023,FRA12778,FRA,12778,LILLE,2067882.5999999978,2138.968,33.06,33.06,2.9,12.489999999999998,11.75,0.7399999999999984,50.483676,2.990810062,1122.7164210544795
2024,BEL12778,BEL,12778,BRUSSEL,2067882.5999999978,2138.968,34.2,34.2,2.05,13.27,12.41,0.8599999999999994,51.02435814,4.345509577,554.3273230091826
2029,RUS12788,RUS,12788,ORSK,359804.0,1129.05,42.17,42.17,-0.2,12.27,11.75,0.5199999999999996,51.24277545,58.50835009,318.67853505159206
2033,POL12803,POL,12803,LUBLIN,395917.0,412.15,33.65,33.65,0.4,13.19,12.44,0.75,51.25549385,22.59720458,960.6138541793038
2034,RUS12804,RUS,12804,STARYJOSKOL,295833.0,810.07,33.75,33.75,1.1,12.04,11.58,0.4599999999999991,51.26750867,37.76503945,365.1943659189946
2036,BEL12817,BEL,12817,BRUGGE,424972.0,644.86,30.47,30.47,0.48,12.85,12.01,0.8399999999999999,51.20151945,3.037479778,659.0143597059827
2037,FRA12817,FRA,12817,DUNKERQUE,579031.0,1062.97,29.21,29.21,0.73,12.740000000000002,12.25,0.490000000000002,50.82882421,1.936020669,544.7293902932349
2045,BEL12884,BEL,12884,TURNHOUT,115709.0,109.48,33.33,33.33,1.26,12.78,12.17,0.6099999999999994,51.31311324,4.920661643,1056.8962367555719
2046,CAN12898,CAN,12898,CALGARY,900500.0,1959.33,29.05,29.05,2.69,10.75,10.299000000000001,0.6300000000000026,51.04107045,-114.0477143,459.59588226587664
2061,KAZ12986,KAZ,12986,ORAL,195056.0,313.68,39.61,39.61,-1.7769999999999997,13.54,12.36,1.1799999999999997,51.22629225,51.41100934,621.8311655190003
2066,KAZ13044,KAZ,13044,AKMOLA,316848.0,466.18,38.48,38.48,0.62,10.93,10.299000000000001,0.6699999999999999,51.1632852,71.45390705,679.6687974602085
2076,POL13073,POL,13073,LEGNICA,106996.0,155.47,34.99,34.99,1.35,12.17,12.19,-0.019999999999999574,51.20400428,16.17480471,688.209944040651
2091,DEU13165,DEU,13165,DRESDEN,676116.0,787.12,33.73,33.73,1.98,13.52,12.53,0.9900000000000002,51.07234367,13.74593311,858.9744892773656
2095,POL13187,POL,13187,WROCLAW,640426.0,510.98,36.35,36.35,1.69,11.66,11.85,-0.1899999999999995,51.11310037,17.05457277,1253.3288974128145
2126,GBR13385,GBR,13385,SOUTHAMPTON,1254358.0,1771.21,31.21,31.21,1.88,11.49,10.75,0.7400000000000002,50.86329442,-0.868845533,708.1927044224005
2139,DEU13457,DEU,13457,ERFURT,203722.0,238.31,36.82,36.82,1.32,12.52,11.52,1.0,50.99546262,11.03140778,854.8613150937854
2146,UKR13483,UKR,13483,SUMY,292832.0,449.42,32.84,32.84,1.39,11.35,10.78,0.5700000000000003,50.90219483,34.79663821,651.5775888923501
2161,DEU13598,DEU,13598,SIEGEN,204695.0,170.01,33.23,33.23,2.65,10.9,10.95,-0.049999999999998934,50.9043087,8.026213031,1204.0174107405448
2166,POL13621,POL,13621,KIELCE,212673.0,355.46,34.06,34.06,1.29,12.82,11.94,0.8800000000000008,50.86963706,20.6045779,598.3036065942722
2167,DEU13632,DEU,13632,JENA,105379.2,132.09,34.1,34.1,1.64,11.99,11.77,0.22000000000000064,50.91357863,11.60327128,765.5765008706185
2174,DEU13680,DEU,13680,GERA,114293.0,151.69,35.2,35.2,2.13,11.880000000000003,11.7,0.18000000000000327,50.87854243,12.09945614,753.4643021952667
2175,DEU13695,DEU,13695,DUREN,122097.0,128.52,36.35,36.35,1.8,13.52,12.67,0.8499999999999996,50.83170942,6.487140777,950.0233426704015
2177,DEU13697,DEU,13697,CHEMNITZ,317809.0,426.28,33.39,33.39,2.21,11.85,11.53,0.3200000000000003,50.82787256,12.87070969,745.5404898188984
2178,GBR13728,GBR,13728,HASTINGS,124521.0,115.75,28.24,28.24,-0.17,11.84,11.17,0.6699999999999999,50.8778501,0.527215299,1075.7753779697625
2181,GBR13756,GBR,13756,BOURNEMOUTH,389748.0,641.76,31.65,31.65,1.94,11.06,10.33,0.7300000000000004,50.75885917,-1.86780625,607.3111443530291
2183,POL13760,POL,13760,CZESTOCHOWA,253039.0,326.61,34.64,34.64,1.38,11.77,11.61,0.16000000000000014,50.81015602,19.13697956,774.7435779676066
2185,GBR13777,GBR,13777,EASTBOURNE,105379.2,137.87,29.62,29.62,0.76,10.78,11.1,-0.3200000000000003,50.81829553,0.269733163,749.9601073475012
2189,POL13802,POL,13802,WALBRZYCH,156044.0,181.26,32.08,32.08,0.21,12.11,11.66,0.4499999999999993,50.79623571,16.28000705,860.8849166942514
2195,DEU13814,DEU,13814,ZWICKAU,195740.0,335.08,33.65,33.65,1.65,11.93,11.69,0.2400000000000002,50.76290868,12.47584989,584.1590068043453
2199,UKR13840,UKR,13840,LUTSK,208060.0,248.77,32.56,32.56,0.58,12.64,11.74,0.9000000000000004,50.75726109,25.36332886,836.3548659404269
2209,CZE13910,CZE,13910,LIBEREC,145719.0,447.66,28.63,28.63,0.46,11.86,11.68,0.17999999999999972,50.73988658,15.20644769,325.5126658624849
2210,CHN13917,CHN,13917,GENHE,156839.0,88.44,28.24,28.24,3.82,10.75,10.299000000000001,-0.6699999999999999,50.77458462,121.5173552,1773.3943916779738
2218,GBR13965,GBR,13965,EXETER,303473.0,780.82,33.05,33.05,0.78,11.14,10.66,0.4800000000000004,50.59043289,-3.50698484,388.6593581107041
2223,POL13988,POL,13988,OPOLE,129868.0,199.08,37.02,37.02,2.56,12.9,12.4,0.5,50.69158454,17.92109834,652.340767530641
2232,UKR14028,UKR,14028,RIVNE,247178.0,365.99,33.4,33.4,0.83,12.29,11.92,0.3699999999999992,50.63033708,26.21295184,675.3681794584552
2242,CZE14113,CZE,14113,USTINADLABEM,347524.0,757.23,34.29,34.29,3.03,13.120000000000001,11.7,1.4200000000000017,50.58473228,13.73245902,458.9411407366322
2243,RUS14124,RUS,14124,KOMSOMOLSKNAAMURE,285981.0,681.34,28.68,28.68,1.35,14.060000000000002,13.89,0.1700000000000017,50.54867727,136.9830736,419.73317286523616
2248,RUS14152,RUS,14152,BELGOROD,331523.0,428.92,34.92,34.92,1.86,12.25,11.8,0.4499999999999993,50.59761174,36.60938895,772.9250209829338
2269,UKR14263,UKR,14263,KYYIV,2067882.5999999978,1618.9,33.77,33.77,1.06,13.579999999999998,12.49,1.089999999999998,50.43813119,30.55406317,1698.7769473099017
2282,CAN14335,CAN,14335,REGINA,180773.0,1006.86,30.82,30.82,2.2,10.75,10.299000000000001,0.240000000000002,50.45925388,-104.5591913,179.54134636394335
2289,GBR14368,GBR,14368,PLYMOUTH,263613.0,540.81,31.49,31.49,0.85,10.91,10.52,0.39000000000000057,50.42826588,-4.103716961,487.4410606312754
2301,POL14457,POL,14457,KATOWICE,2067882.5999999978,2138.968,36.74,36.74,2.12,13.31,12.25,1.0600000000000005,50.21964518,18.93667937,1218.5627274533258
2304,KAZ14495,KAZ,14495,SEMEY,265260.0,385.3,40.11,40.11,-1.7769999999999997,13.83,12.75,1.08,50.40807948,80.25612333,688.450558006748
2309,DEU14547,DEU,14547,KOBLENZ,240768.0,314.59,34.85,34.85,3.01,13.8,12.59,1.2100000000000009,50.39809618,7.540895624,765.339012683175
2331,KAZ14683,KAZ,14683,AQTOBE,253010.0,488.17,45.45,45.45,-1.7769999999999997,12.59,11.6,0.9900000000000002,50.29501878,57.21891341,518.2825654997234
2332,CHN14685,CHN,14685,HEIHE,141568.0,81.7,31.07,31.07,1.92,13.45,12.89,0.5599999999999987,50.22821944,127.4827044,1732.7784577723378
2333,RUS14685,RUS,14685,BLAGOVESCENSK,216780.0,207.42,29.19,29.19,0.7,12.28,12.48,-0.20000000000000107,50.31532437,127.5538444,1045.125831645936
2338,CZE14699,CZE,14699,HRADECKRALOVE,111363.0,274.01,36.05,36.05,1.68,12.15,11.98,0.16999999999999993,50.24151857,15.86401205,406.4194737418343
2341,CZE14720,CZE,14720,KARLOVYVARY,111821.0,346.55,34.17,34.17,4.17,11.25,10.62,0.6300000000000008,50.23443354,12.77126092,322.669167508296
2358,FRA14791,FRA,14791,MAUBEUGE,137570.0,170.95,31.6,31.6,2.06,11.92,11.49,0.4299999999999997,50.2615388,3.956337769,804.7382275519158
2361,UKR14794,UKR,14794,ZHYTOMYR,284658.0,267.35,31.19,31.19,0.33,13.87,12.72,1.1499999999999986,50.25382713,28.68937375,1064.7391060407704
2364,CZE14827,CZE,14827,PRAHA,1323384.0,1274.89,35.6,35.6,1.34,13.09,12.32,0.7699999999999996,50.10388277,14.41893569,1038.0377914957369
2370,DEU14885,DEU,14885,FRANKFURT,2067882.5999999978,2138.968,36.78,36.78,2.78,14.17,12.94,1.2300000000000004,50.04427479,8.600979881,1152.5317962920496
2391,RUS14995,RUS,14995,KAMYSIN,127142.0,317.15,41.94,41.94,1.72,14.0,14.22,-0.22000000000000064,50.10985731,45.336775,400.8891691628567
2392,CAN15001,CAN,15001,WINNIPEG,637543.0,2138.968,32.79,32.79,0.88,10.75,10.299000000000001,0.3000000000000007,49.92898951,-97.10715868,260.8487343041025
2405,KAZ15086,KAZ,15086,KARAGANDA,630313.0,1229.97,39.2,39.2,-1.38,10.8,10.299000000000001,0.8300000000000001,49.91887692,73.06306753,512.4620925713635
2406,KAZ15087,KAZ,15087,OSKEMEN,309729.0,695.44,37.19,37.19,0.31,12.15,11.469999999999999,0.6800000000000015,49.99695442,82.61637097,445.3712757391004
2411,POL15118,POL,15118,KRAKOW,779449.0,717.96,35.63,35.63,1.57,13.29,12.66,0.629999999999999,50.04164928,19.98786378,1085.6440470221182
2412,UKR15122,UKR,15122,KHARKIV,1481186.0,1316.21,34.84,34.84,1.37,12.67,11.87,0.8000000000000007,49.96257254,36.14760765,1125.3417007924268
2417,CAN15151,CAN,15151,KELOWNA,108145.0,665.79,36.29,36.29,4.17,13.529999999999998,11.3,1.7710000000000001,49.89905523,-119.4755163,162.43109689241354
2428,POL15205,POL,15205,RZESZOW,159642.0,228.88,35.38,35.38,1.88,12.93,12.630000000000003,0.29999999999999716,50.03246655,21.99522286,697.4921356169172
2430,CZE15212,CZE,15212,PARDUBICE,115592.0,295.16,36.49,36.49,1.39,12.2,12.05,0.14999999999999858,50.01771879,15.75316172,391.6248814202466
2436,POL15251,POL,15251,TARNOW,120307.0,230.06,34.74,34.74,2.23,12.970000000000002,12.81,0.16000000000000192,50.01698448,20.97548231,522.9374945666348
2453,POL15345,POL,15345,BIELSKOBIALA,240855.0,231.84,34.84,34.84,2.11,14.03,13.25,0.7799999999999994,49.87678921,19.02032834,1038.8845755693583
2465,FRA15443,FRA,15443,AMIENS,277159.0,300.88,31.5,31.5,2.18,12.04,11.62,0.41999999999999993,49.8963296,2.336758251,921.1612603031109
2468,DEU15446,DEU,15446,NURNBERG,1024279.0,1191.69,35.8,35.8,2.18,13.41,12.94,0.47000000000000064,49.56618431,11.03643741,859.5179954518372
2473,CZE15490,CZE,15490,OSTRAVA,674211.0,869.86,37.34,37.34,2.6,13.71,13.35,0.3600000000000012,49.79298503,18.38335182,775.0798979146069
2480,UKR15526,UKR,15526,LVIV,737666.0,462.51,33.87,33.87,1.15,11.86,11.42,0.4399999999999995,49.82583229,24.02111533,1594.9190287777562
2487,FRA15571,FRA,15571,SAINTQUENTIN,105379.2,138.98,30.72,30.72,1.41,12.64,11.65,0.9900000000000002,49.84446795,3.299677607,749.1221758526407
2489,CZE15573,CZE,15573,PLZEN,181359.0,387.73,35.01,35.01,1.46,11.880000000000003,11.58,0.3000000000000025,49.75685543,13.45055789,467.7455961622779
2498,DEU15646,DEU,15646,WURZBURG,129036.0,226.13,35.89,35.89,1.46,13.79,12.68,1.1099999999999994,49.79503733,9.938860694,570.6275151461549
2502,FRA15659,FRA,15659,CHARLEVILLEMEZIERES,141323.0,311.27,31.16,31.16,2.05,12.37,12.12,0.25,49.74235838,4.804455974,454.0206251807113
2503,UKR15660,UKR,15660,BILATSERKVA,199916.0,217.27,33.63,33.63,-0.18,12.3,11.77,0.5300000000000011,49.79280169,30.12654346,920.1270308832328
2545,LUX15897,LUX,15897,LUXEMBOURG,268104.0,672.5,32.35,32.35,0.58,12.740000000000002,12.5,0.240000000000002,49.59292595,6.067150782,398.66765799256507
2549,FRA15913,FRA,15913,CHERBOURG,118406.0,277.26,28.24,28.24,-0.26,12.09,11.9,0.1899999999999995,49.63391371,-1.695387037,427.0576354324461
2559,UKR15995,UKR,15995,POLTAVA,317748.0,438.55,33.98,33.98,0.16,13.400000000000002,12.53,0.8700000000000028,49.59641477,34.50728855,724.5422414775966
2562,DEU16007,DEU,16007,MANNHEIM,1064838.0,943.69,38.42,38.42,2.64,15.48,14.1,1.3800000000000008,49.44144906,8.517383096,1128.376903432271
2563,CHN16015,CHN,16015,MANZHOULI,181112.0,120.34,32.78,32.78,0.67,12.489999999999998,12.03,0.4599999999999991,49.59247322,117.4347178,1505.0024929366793
2569,CZE16071,CZE,16071,OLOMOUC,105379.2,148.59,37.7,37.7,2.18,13.42,12.779999999999998,0.6400000000000023,49.59566233,17.27897176,696.7494447809408
2571,UKR16073,UKR,16073,TERNOPIL,226080.0,284.12,34.19,34.19,0.81,11.99,11.629999999999999,0.3600000000000012,49.54616071,25.62755733,795.7201182598902
2577,FRA16140,FRA,16140,CAEN,708529.0,1316.51,31.33,31.33,1.26,12.38,11.26,1.120000000000001,49.3083252,-0.105436694,538.1873286188484
2582,FRA16162,FRA,16162,ROUEN,655744.0,854.7,31.04,31.04,0.92,12.75,11.79,0.9600000000000009,49.38418438,1.082039422,767.2212472212472
2594,FRA16257,FRA,16257,COMPIEGNE,110442.0,219.48,31.1,31.1,1.05,12.88,12.1,0.7800000000000011,49.42616564,2.833994331,503.19846910880267
2614,DEU16345,DEU,16345,KAISERSLAUTERN,105379.2,217.74,35.09,35.09,2.18,12.7,12.369999999999997,0.33000000000000185,49.44075519,7.680120088,461.67447414347384
2616,UKR16348,UKR,16348,KHMELNYTSKYY,252537.0,301.08,31.63,31.63,0.74,12.11,11.46,0.6499999999999986,49.41516186,27.00522542,838.770426464727
2620,USA16375,USA,16375,BELLINGHAM,105731.0,47.765,30.28,30.28,0.94,12.14,12.84,-0.6999999999999993,48.88150551,-122.5516832,inf
2621,CAN16375,CAN,16375,VANCOUVER,2067882.5999999978,2138.968,31.5,31.5,4.17,13.55,13.17,0.3800000000000008,49.17870118,-122.6106768,657.9391317489705
2622,FRA16380,FRA,16380,BEAUVAIS,105379.2,104.43,32.99,32.99,2.09,12.81,12.03,0.7800000000000011,49.42958355,2.102733542,972.843052762616
2629,UKR16431,UKR,16431,CHERKASY,294580.0,47.765,36.62,36.62,4.17,16.26,16.31,-0.04999999999999716,49.42974961,32.06715768,11192.24924012158
2631,FRA16443,FRA,16443,METZ,599161.0,959.43,34.87,34.87,1.42,13.8,12.630000000000003,1.1699999999999982,49.22584701,6.123572659,624.4968366634356
2636,CZE16480,CZE,16480,BRNO,380056.0,591.42,36.48,36.48,1.8,13.32,12.4,0.9199999999999999,49.23917054,16.61262657,642.6160765614961
2638,FRA16496,FRA,16496,PARIS,2067882.5999999978,2138.968,34.0,34.0,2.64,13.62,12.14,1.4799999999999986,48.85648229,2.376335438,2035.1355507400588
2639,FRA16499,FRA,16499,FORBACH,203589.0,493.79,34.6,34.6,0.74,13.05,12.52,0.5300000000000011,49.12054359,6.831163479,412.2987504809737
2640,DEU16499,DEU,16499,SAARBRUCKEN,677179.0,983.96,34.34,34.34,0.71,12.76,12.42,0.33999999999999986,49.29733816,7.042114648,688.2180169925606
2645,CAN16547,CAN,16547,VICTORIA,413986.0,1421.68,29.49,29.49,3.6,13.34,12.68,0.6600000000000001,48.87273018,-123.7694464,291.19492431489505
2648,FRA16554,FRA,16554,REIMS,293946.0,459.52,34.42,34.42,2.5,12.8,12.09,0.7100000000000009,49.25605979,4.053284794,639.6805362116992
2653,UKR16594,UKR,16594,VINNYTSYA,358386.0,391.41,32.91,32.91,0.9,11.86,11.41,0.4499999999999993,49.2242416,28.46440204,915.6281137426228
2665,CHN16642,CHN,16642,YAKESHI,386434.0,269.46,30.05,30.05,2.72,13.3,12.31,0.9900000000000002,49.27252926,120.6822545,1434.1052475321014
2670,SVK16663,SVK,16663,ZILINA,105379.2,197.35,35.36,35.36,3.7,12.71,12.82,-0.10999999999999943,49.23325899,18.76194672,516.4073980238155
2679,CHN16738,CHN,16738,HAILAER,253576.0,213.12,37.15,37.15,3.69,13.87,13.18,0.6899999999999995,49.21846365,119.775448,1189.8273273273273
2687,CZE16788,CZE,16788,ZLIN,105379.2,221.53,36.88,36.88,1.23,13.57,13.74,-0.16999999999999993,49.21713207,17.65456103,456.9042567598068
2689,UKR16792,UKR,16792,KREMENCHUK,336722.0,841.82,34.17,34.17,1.36,14.28,14.01,0.2699999999999996,49.09942982,33.48214823,399.9928725855884
2697,DEU16823,DEU,16823,HEILBRONN,147468.0,179.63,38.16,38.16,2.52,13.88,13.11,0.7700000000000014,49.17196793,9.218430312,820.9541835996215
2734,DEU17030,DEU,17030,REGENSBURG,161838.0,292.24,36.54,36.54,2.6,13.22,12.46,0.7599999999999998,49.01978038,12.12389228,553.7845606350944
2738,SVK17047,SVK,17047,PRESOV,109030.0,262.34,33.91,33.91,2.19,13.2,13.23,-0.030000000000001137,49.03035272,21.2174461,415.6057025234429
2742,DEU17079,DEU,17079,KARLSRUHE,408871.0,300.04,36.93,36.93,2.25,15.32,13.96,1.3599999999999994,49.01205172,8.394593497,1362.7216371150512
2757,UKR17160,UKR,17160,SYEVERODONETSK,302541.0,500.96,38.02,38.02,1.03,13.14,12.12,1.0200000000000014,48.92560957,38.41521279,603.9224688597892
2770,UKR17259,UKR,17259,IVANOFRANKIVSK,217663.0,239.76,35.35,35.35,1.99,12.32,12.18,0.14000000000000057,48.92490617,24.73859039,907.837003670337
2771,SVK17273,SVK,17273,TRENCIN,111966.0,199.13,38.69,38.69,4.17,14.22,14.13,0.08999999999999986,48.92814875,18.10961237,562.2759001657209
2773,FRA17286,FRA,17286,NANCY,489806.0,1016.74,34.14,34.14,0.81,13.01,12.380000000000003,0.6299999999999972,48.69477239,6.150805705,481.74164486496056
2779,DEU17313,DEU,17313,STUTTGART,1585340.0,1358.4,37.01,37.01,2.65,13.48,12.66,0.8200000000000003,48.76099763,9.286711191,1167.0641931684333
2791,RUS17365,RUS,17365,VOLGOGRAD,1314240.0,1813.99,40.57,40.57,0.79,15.42,14.27,1.1500000000000004,48.67454254,44.59756225,724.5023401452048
2798,DEU17395,DEU,17395,PFORZHEIM,118255.0,84.11,35.6,35.6,1.96,13.44,13.22,0.21999999999999886,48.89604982,8.699405684,1405.956485554631
2813,UKR17470,UKR,17470,KRAMATORSK,373794.0,466.08,37.96,37.96,-0.15,12.84,11.98,0.8599999999999994,48.76005173,37.55733027,801.9953656024717
2834,DEU17564,DEU,17564,INGOLSTADT,143887.0,389.92,36.75,36.75,2.18,12.56,12.18,0.3800000000000008,48.76807696,11.56189888,369.01672137874436
2853,UKR17646,UKR,17646,KAMYANETSPODILSKYY,105379.2,194.3,33.05,33.05,0.5,12.04,11.93,0.10999999999999943,48.72045696,26.6206064,515.5172413793103
2860,SVK17667,SVK,17667,BANSKABYSTRICA,131390.0,325.97,34.17,34.17,3.04,12.91,12.35,0.5600000000000005,48.68085726,19.16191285,403.0739025063656
2861,SVK17668,SVK,17668,KOSICE,235961.0,366.24,36.37,36.37,2.51,14.04,13.43,0.6099999999999994,48.67852701,21.25281736,644.2797072957624
2876,FRA17738,FRA,17738,STRASBOURG,641747.0,675.89,36.25,36.25,2.15,14.76,14.38,0.379999999999999,48.55205281,7.651412096,949.4843835535369
2897,UKR17829,UKR,17829,LUHANSK,465742.0,344.72,38.31,38.31,-0.63,13.09,12.32,0.7699999999999996,48.59226239,39.36238171,1351.0733348804827
2899,FRA17845,FRA,17845,SAINTBRIEUC,134453.0,444.64,31.35,31.35,1.05,11.03,10.900000000000002,0.12999999999999723,48.49763205,-2.741509082,302.38620007196835
2907,UKR17867,UKR,17867,DNIPROPETROVSK,1404383.0,1351.78,35.07,35.07,-0.16,14.37,13.38,0.9899999999999984,48.50897052,34.92666121,1038.9138765183684
2909,CAN17881,CAN,17881,CHICOUTIMIJONQUIERE,126801.0,1653.96,28.86,28.86,2.37,10.75,10.299000000000001,-0.3800000000000008,48.43673534,-71.08611278,76.66509468185446
2913,UKR17911,UKR,17911,UZHHOROD,117916.0,124.49,38.71,38.71,0.47,13.59,12.85,0.7400000000000002,48.60918717,22.29945805,947.1925455859908
2914,UKR17914,UKR,17914,ALCHEVSK,266914.0,462.79,38.41,38.41,-0.39,13.04,11.96,1.0799999999999983,48.53565821,38.68890385,576.7497136930357
2924,RUS17975,RUS,17975,HABAROVSK,585479.0,1063.18,29.38,29.38,2.09,14.84,15.08,-0.2400000000000002,48.47180261,135.1640754,550.6866193871216
2928,UKR17994,UKR,17994,KIROVOHRAD,255296.0,313.89,36.91,36.91,0.03,12.59,12.26,0.33000000000000007,48.52602153,32.23780914,813.3295103380166
2931,FRA18011,FRA,18011,BREST,321023.0,690.42,29.92,29.92,1.77,10.92,10.84,0.08000000000000007,48.4319987,-4.433485521,464.9677008197909
2935,UKR18019,UKR,18019,PAVLOHRAD,119956.0,352.49,37.93,37.93,0.51,12.62,12.19,0.4299999999999997,48.53574393,35.95448109,340.31036341456496
2942,CAN18062,CAN,18062,THUNDERBAY,105379.2,1005.18,28.24,28.24,3.4,10.75,10.299000000000001,-0.5099999999999998,48.42826709,-89.34877421,101.29330070236178
2951,DEU18102,DEU,18102,REUTLINGEN,232045.0,195.66,35.97,35.97,1.92,12.79,12.52,0.2699999999999996,48.51546829,9.178091489,1185.9603393642033
2955,DEU18125,DEU,18125,AUGSBURG,410862.0,566.74,35.6,35.6,1.78,11.99,11.629999999999999,0.3600000000000012,48.33992596,10.87931846,724.956770300314
2966,CHN18197,CHN,18197,NEHE,179096.0,92.19,32.29,32.29,1.59,15.11,14.63,0.47999999999999865,48.4869023,124.8700509,1942.683588241675
2971,FRA18222,FRA,18222,CHARTRES,132344.0,183.96,36.61,36.61,1.76,12.09,11.34,0.75,48.44716658,1.505733083,719.417264622744
2987,DEU18300,DEU,18300,ULM,230506.0,359.49,35.84,35.84,1.85,11.829999999999998,11.12,0.7099999999999991,48.3496267,10.03261131,641.2028150991682
3007,DEU18374,DEU,18374,MUNCHEN,1812537.0,1474.49,35.56,35.56,2.72,12.11,11.5,0.6099999999999994,48.19110132,11.58492056,1229.2636776105637
3015,AUT18425,AUT,18425,WIEN,1875388.0,1584.22,38.7,38.7,1.57,14.88,13.48,1.4000000000000004,48.13099168,16.33810101,1183.7926550605346
3023,FRA18459,FRA,18459,EPINAL,113415.0,416.87,32.3,32.3,0.69,12.32,12.4,-0.08000000000000007,48.17090903,6.488786028,272.0632331422266
3029,UKR18479,UKR,18479,CHERNIVTSI,242294.0,305.55,34.53,34.53,1.7,12.83,13.05,-0.22000000000000064,48.30454059,25.93266332,792.9765995745377
3030,UKR18482,UKR,18482,HORLIVKA,400828.0,378.3,36.64,36.64,-1.57,12.96,11.8,1.1600000000000001,48.27598168,38.12774854,1059.5506212001058
3031,FRA18497,FRA,18497,TROYES,172992.0,325.03,35.75,35.75,2.16,12.8,12.18,0.620000000000001,48.29481331,4.076625446,532.2339476356029
3033,AUT18499,AUT,18499,LINZ,422088.0,827.52,36.78,36.78,1.39,14.03,12.77,1.2599999999999998,48.23669871,14.31175518,510.06380510440835
3042,UKR18523,UKR,18523,KRASNOARMIYSK,124949.0,140.52,38.74,38.74,-0.54,12.29,11.33,0.9599999999999991,48.29673655,37.21310068,889.1901508682038
3063,HUN18629,HUN,18629,MISKOLC,312388.0,458.36,36.68,36.68,1.32,13.31,13.029999999999998,0.2800000000000029,48.14160894,20.75561707,681.5341652849288
3069,CHN18644,CHN,18644,BEIAN,221381.0,125.79,33.79,33.79,1.89,14.37,13.96,0.40999999999999837,48.2483962,126.5091546,1759.9252722791955
3075,SVK18660,SVK,18660,BRATISLAVA,440687.0,420.66,38.42,38.42,-0.01,15.23,13.93,1.3000000000000007,48.16648305,17.14022436,1047.6085199448485
3093,UKR18737,UKR,18737,KRYVYYRIH,673574.0,1067.23,37.27,37.27,-0.3,14.7,13.08,1.6199999999999992,47.98664961,33.43268592,631.1423029712433
3095,FRA18751,FRA,18751,RENNES,525520.0,763.79,33.4,33.4,1.26,12.07,11.69,0.3800000000000008,48.09975813,-1.658684677,688.0425247777531
3107,USA18786,USA,18786,SEATTLE,2067882.5999999978,2138.968,31.1,31.1,4.17,12.09,11.27,0.8200000000000003,47.51141194,-122.3085114,519.3551869538711
3122,UKR18845,UKR,18845,DONETSK,1480876.0,1225.84,38.75,38.75,-0.94,12.47,11.42,1.0500000000000007,48.03289456,37.855095,1208.0499902107942
3141,FRA18931,FRA,18931,COLMAR,116271.0,172.05,38.1,38.1,4.17,15.92,14.66,1.2599999999999998,48.09293903,7.335436236,675.797733217088
3147,DEU18942,DEU,18942,FREIBURG,230574.0,184.87,35.88,35.88,3.28,15.22,14.61,0.6100000000000012,48.03539509,7.847042718,1247.2223724779574
3150,FRA18968,FRA,18968,LAVAL,105379.2,176.11,34.24,34.24,2.15,11.64,11.35,0.2900000000000009,48.07800154,-0.760905742,588.1153824314349
3170,FRA19036,FRA,19036,LEMANS,296041.0,456.2,34.49,34.49,2.33,12.57,11.970000000000002,0.5999999999999979,47.99730503,0.228078491,648.9281017097765
3177,UKR19045,UKR,19045,TOREZ,193116.0,289.33,37.49,37.49,-1.28,13.54,12.31,1.2299999999999986,48.04143208,38.64030222,667.4593025265268
3199,CHN19139,CHN,19139,ZHALANTUN,162239.0,126.98,33.72,33.72,1.29,14.38,14.09,0.2900000000000009,47.99770687,122.7486499,1277.6736493936053
3201,FRA19148,FRA,19148,QUIMPER,123654.0,159.15,33.35,33.35,1.35,10.79,10.57,0.21999999999999886,47.98870525,-4.085813786,776.9651272384542
3208,FRA19166,FRA,19166,ORLEANS,359472.0,773.21,35.08,35.08,2.25,13.42,12.68,0.7400000000000002,47.85795706,1.873339574,464.90862766906787
3216,HUN19184,HUN,19184,NYIREGYHAZA,133450.0,174.79,37.75,37.75,1.28,13.92,13.18,0.7400000000000002,47.96019627,21.72570458,763.487613707878
3218,CAN19201,CAN,19201,STJOHNS,166426.0,1472.48,28.24,28.24,-0.45,11.37,11.400000000000002,-0.030000000000002913,47.54910915,-52.97510334,113.02428555905682
3219,FRA19202,FRA,19202,AUXERRE,111442.0,390.47,35.61,35.61,1.4,12.9,12.47,0.4299999999999997,47.8751798,3.545359605,285.4047686121853
3226,MNG19213,MNG,19213,ULAANBAATAR,760077.0,449.42,39.01,39.01,4.16,10.75,10.299000000000001,0.4800000000000004,47.91820511,106.8822918,1691.2398202127185
3246,KAZ19306,KAZ,19306,DZHESKAZGAN,146963.0,579.93,45.89,45.89,-0.02,13.31,12.35,0.9600000000000009,47.83878124,67.57224077,253.41506733571296
3254,UKR19334,UKR,19334,ZAPORIZHZHYA,820305.0,571.32,36.53,36.53,0.54,15.14,14.23,0.9100000000000001,47.84262685,35.17233952,1435.8065532451164
3259,FRA19347,FRA,19347,MULHOUSE,301356.0,518.16,35.94,35.94,3.05,15.35,14.07,1.2799999999999994,47.8049268,7.303774713,581.5886984715146
3272,USA19381,USA,19381,SPOKANE,368165.0,2037.5,42.22,42.22,3.79,13.03,12.64,0.3899999999999988,47.68971251,-117.2516886,180.69447852760737
3282,AUT19417,AUT,19417,SALZBURG,216269.0,319.55,34.32,34.32,3.01,12.94,12.07,0.8699999999999992,47.78791874,13.06692804,676.7923642622437
3286,DEU19431,DEU,19431,ROSENHEIM,127541.0,183.8,34.24,34.24,1.81,11.63,11.61,0.02000000000000135,47.85169983,12.07965464,693.9118607181719
3309,FRA19513,FRA,19513,LORIENT,186137.0,348.99,32.21,32.21,1.67,11.71,11.560000000000002,0.14999999999999858,47.77368096,-3.373747426,533.3591220378808
3316,RUS19524,RUS,19524,NOVOSAHTINSK,105379.2,180.02,40.85,40.85,-1.27,13.55,12.45,1.1000000000000014,47.77805212,39.91801914,567.8146872569714
3320,ROU19540,ROU,19540,SATUMARE,124197.0,89.99,38.2,38.2,0.26,13.82,12.67,1.1500000000000004,47.7910858,22.88476738,1380.120013334815
3326,HUN19554,HUN,19554,BUDAPEST,2067882.5999999978,1722.2,40.9,40.9,1.97,14.8,13.38,1.42,47.49923196,19.09979861,1409.3694112182093
3332,MDA19569,MDA,19569,BALTI,131541.0,155.83,36.03,36.03,0.71,13.49,13.189999999999998,0.3000000000000025,47.76569884,27.91409725,844.1314252711287
3340,RUS19587,RUS,19587,SAHTY,221252.0,370.81,41.17,41.17,-0.24,13.27,12.43,0.8399999999999999,47.72476974,40.22693874,596.6721501577628
3351,ROU19618,ROU,19618,BOTOSANI,117428.0,101.61,33.74,33.74,0.21,13.79,13.35,0.4399999999999995,47.74819753,26.66400704,1155.6736541678968
3360,CHN19652,CHN,19652,YICHUN,814016.0,255.87,29.57,29.57,2.37,13.27,12.28,0.9900000000000002,47.72415236,128.8018243,3181.3655371868526
3370,HUN19694,HUN,19694,GYOR,145813.0,161.61,40.57,40.57,1.93,13.86,13.01,0.8499999999999996,47.68576811,17.64047984,902.2523358703049
3377,UKR19710,UKR,19710,NIKOPOL,188030.0,756.92,37.86,37.86,2.92,13.72,15.85,-0.7299999999999969,47.65187086,34.36432633,248.41462770173865
3382,FRA19722,FRA,19722,VANNES,118966.0,213.64,32.43,32.43,1.55,12.42,12.95,-0.5299999999999994,47.66425864,-2.74028496,556.8526493166074
3383,ROU19725,ROU,19725,SUCEAVA,154014.0,208.79,36.12,36.12,2.13,12.489999999999998,12.11,0.379999999999999,47.65562557,26.29577848,737.6502706068298
3399,RUS19763,RUS,19763,VOLGODONSK,167927.0,309.46,39.54,39.54,0.47,15.18,15.25,-0.07000000000000028,47.55170356,42.14722871,542.6452530213921
3403,ROU19782,ROU,19782,BAIAMARE,169012.0,106.42,37.41,37.41,4.17,13.85,12.98,0.8699999999999992,47.65530986,23.57897783,1588.1601202781433
3408,FRA19799,FRA,19799,MONTBELIARD,285971.0,456.77,34.32,34.32,2.77,13.77,13.43,0.33999999999999986,47.54710974,6.853268785,626.0722026402785
3411,HUN19815,HUN,19815,TATABANYA,108593.0,171.38,38.83,38.83,1.37,13.37,13.3,0.06999999999999851,47.59875189,18.37859522,633.6386976309955
3416,FRA19830,FRA,19830,BLOIS,117125.0,259.55,34.21,34.21,0.07,12.93,12.93,0.0,47.58493594,1.350392583,451.26179926796374
3417,DEU19831,DEU,19831,LORRACH,106280.0,130.73,36.15,36.15,1.9,14.65,14.59,0.0600000000000005,47.59838811,7.683457151,812.9733037558327
3418,CHE19831,CHE,19831,BASEL,394350.0,265.14,35.98,35.98,2.92,15.13,13.94,1.1900000000000013,47.51596497,7.674936157,1487.327449649242
3421,AUT19846,AUT,19846,INNSBRUCK,275144.0,1529.44,30.89,30.89,3.43,11.72,10.299000000000001,1.7710000000000001,47.35415919,11.72451931,179.8985249503086
3426,CHE19860,CHE,19860,ZURICH,1411575.0,1935.03,34.57,34.57,2.43,15.01,14.11,0.9000000000000004,47.36725095,8.461774452,729.4848141889273
3457,HUN19959,HUN,19959,DEBRECEN,210526.0,203.47,39.53,39.53,2.21,13.79,12.870000000000001,0.9199999999999982,47.53533513,21.62654712,1034.6783309578807
3469,AUT19984,AUT,19984,DORNBIRN,214585.0,358.74,32.91,32.91,2.98,11.2,12.84,-0.7299999999999969,47.38004133,9.681296446,598.1630149969337
3470,CHE19984,CHE,19984,SANKTGALLEN,327525.0,733.26,32.82,32.82,2.93,13.16,12.66,0.5,47.35310266,9.386833494,446.6696669666967
3476,FRA20010,FRA,20010,ANGERS,335300.0,408.38,34.3,34.3,0.9,13.85,12.92,0.9299999999999997,47.47398828,-0.52605132,821.0490229688036
3479,RUS20016,RUS,20016,NOVOCERKASSK,173426.0,307.77,40.29,40.29,-0.34,13.74,12.66,1.08,47.44534322,40.14184661,563.4922182149007
3493,FRA20110,FRA,20110,TOURS,399066.0,694.94,34.8,34.8,1.51,14.54,13.57,0.9699999999999989,47.37465233,0.747621352,574.2452585834748
3494,CHN20115,CHN,20115,HAILUN,144242.0,98.08,31.85,31.85,1.15,14.43,14.38,0.049999999999998934,47.4724922,126.9703278,1470.6566068515497
3522,FRA20247,FRA,20247,DIJON,496838.0,1344.54,35.25,35.25,2.56,13.98,13.45,0.5300000000000011,47.11382011,5.002561941,369.5226620256742
3527,CHN20262,CHN,20262,QIQIHAER,1338587.0,518.42,35.95,35.95,3.46,16.92,16.93,-0.00999999999999801,47.2853638,123.8363339,2582.0512325913355
3528,CHN20267,CHN,20267,HEGANG,659509.0,327.85,33.85,33.85,3.95,16.19,15.33,0.8600000000000012,47.2957618,130.2769045,2011.6181180417873
3537,FRA20297,FRA,20297,SAINTNAZAIRE,173710.0,553.13,34.62,34.62,1.22,13.0,12.71,0.28999999999999915,47.27457546,-2.216614495,314.0491385388607
3543,CHN20317,CHN,20317,LONGJIANG,106332.0,97.17,33.4,33.4,1.63,15.85,15.74,0.10999999999999943,47.33583192,123.1740649,1094.288360605125
3556,FRA20359,FRA,20359,NANTES,715342.0,788.99,35.68,35.68,1.0,13.62,12.6,1.0199999999999996,47.22834288,-1.567457761,906.6553441741974
3557,FRA20361,FRA,20361,BESANCON,223466.0,384.7,33.62,33.62,1.39,14.44,13.89,0.5499999999999989,47.24578246,6.000926721,580.8838055627762
3562,RUS20379,RUS,20379,ROSTOV,1202941.0,688.2,39.89,39.89,-0.74,15.03,13.31,1.7199999999999989,47.22508002,39.70261606,1747.9526300494042
3571,RUS20415,RUS,20415,TAGANROG,283621.0,202.09,41.16,41.16,-1.02,15.48,14.07,1.4100000000000001,47.25687361,38.90213149,1403.4390618041466
3585,CHN20460,CHN,20460,FUJIN,138010.0,96.16,32.08,32.08,1.03,17.98,17.09,0.8900000000000006,47.2518177,132.0379941,1435.212146422629
3612,CAN20535,CAN,20535,QUEBEC,674658.0,2138.968,30.91,30.91,2.26,10.75,10.299000000000001,0.35999999999999943,46.85238574,-71.22318801,182.35330686293324
3614,CHE20537,CHE,20537,BIEL,138441.0,343.57,32.77,32.77,2.24,13.95,13.24,0.7099999999999991,47.1621619,7.406631232,402.9484530081206
3618,HUN20556,HUN,20556,SZEKESFEHERVAR,117599.0,149.96,41.37,41.37,1.22,13.73,13.530000000000001,0.1999999999999993,47.18711409,18.42478125,784.20245398773
3624,ROU20562,ROU,20562,IASI,381497.0,284.35,34.11,34.11,1.09,13.49,13.57,-0.08000000000000007,47.1551789,27.59686951,1341.6458589766132
3625,UKR20565,UKR,20565,MARIUPOL,494195.0,404.16,40.51,40.51,-0.22,14.68,13.52,1.1600000000000001,47.14571013,37.58740833,1222.7706848772762
3626,HUN20576,HUN,20576,SZOLNOK,120646.0,266.79,41.75,41.75,0.11,14.76,14.07,0.6899999999999995,47.1637394,20.26931219,452.2133513250121
3627,HUN20589,HUN,20589,VESZPREM,143311.0,320.64,40.03,40.03,3.35,14.41,15.34,-0.7299999999999969,47.09417149,18.00875557,446.9529690618763
3642,MDA20623,MDA,20623,CHISINAU,684072.0,530.65,36.65,36.65,0.65,14.15,13.71,0.4399999999999995,47.02413034,28.86106367,1289.120889475172
3644,FRA20639,FRA,20639,BOURGES,123650.0,429.78,36.39,36.39,1.85,13.85,13.280000000000001,0.5699999999999985,47.07670542,2.353501508,287.70533761459353
3655,AUT20669,AUT,20669,GRAZ,256674.0,627.77,37.53,37.53,1.93,14.55,14.04,0.5100000000000016,46.98415451,15.45501501,408.86630453828633
3659,RUS20684,RUS,20684,JUZNOSAHALINSK,172187.0,462.75,28.63,28.63,1.56,11.4,11.02,0.3800000000000008,46.98263731,142.7331531,372.09508373851975
3666,ROU20696,ROU,20696,ORADEA,229007.0,225.69,40.2,40.2,1.68,14.72,13.49,1.2300000000000004,47.06979859,21.91936424,1014.6971509592804
3667,KAZ20700,KAZ,20700,GUREV,141866.0,47.765,45.04,45.04,-1.73,17.89,14.21,1.7710000000000001,47.10066897,51.91502769,3585.1908011119535
3680,FRA20734,FRA,20734,NEVERS,105379.2,355.09,34.59,34.59,1.47,13.19,13.1,0.08999999999999986,47.01442053,3.143362739,286.1612548931257
3681,CHE20736,CHE,20736,LUZERN,221109.0,187.38,33.39,33.39,3.37,14.27,14.06,0.20999999999999908,47.0569934,8.331419298,1180.0032020493115
3683,UKR20739,UKR,20739,MYKOLAYIV,514825.0,547.63,38.77,38.77,-1.62,15.66,13.73,1.7710000000000001,46.94246891,32.01091924,940.0964154629951
3704,CHE20827,CHE,20827,BERN,274762.0,255.54,33.56,33.56,1.53,13.97,13.48,0.4900000000000002,46.95308061,7.469736633,1075.2211004148078
3716,CHN20871,CHN,20871,TIELI,277640.0,175.23,30.28,30.28,1.68,15.5,14.6,0.9000000000000004,46.95680721,128.1045173,1584.4318895166355
3719,USA20880,USA,20880,FARGO,143100.0,898.22,34.72,34.72,1.07,10.75,10.299000000000001,0.9800000000000004,46.86372599,-96.79943099,159.31508984435885
3734,ROU20935,ROU,20935,PIATRANEAMT,151164.0,214.74,33.79,33.79,1.98,13.099999999999998,12.54,0.5599999999999987,46.89641179,26.43710467,703.9396479463537
3735,ROU20936,ROU,20936,ROMAN,107969.0,89.69,35.62,35.62,2.92,12.48,12.68,-0.1999999999999993,46.93989789,26.93417019,1203.8019846136694
3736,UKR20937,UKR,20937,MELITOPOL,162045.0,270.66,42.2,42.2,-1.7769999999999997,13.65,12.3,1.3499999999999996,46.86062301,35.38223134,598.7031700288184
3746,FRA20964,FRA,20964,POITIERS,281436.0,655.09,36.35,36.35,2.02,14.63,14.21,0.41999999999999993,46.67682674,0.415183141,429.6142514768963
3748,HUN20971,HUN,20971,KECSKEMET,113561.0,141.37,43.09,43.09,0.64,14.69,13.66,1.0299999999999994,46.90650008,19.69893751,803.2892409987975
3760,USA21014,USA,21014,DULUTH,138819.0,1273.61,28.24,28.24,0.92,10.77,10.37,0.40000000000000036,46.755691,-92.20371076,108.9964745879822
3770,MDA21050,MDA,21050,TIRASPOL,325665.0,456.54,36.71,36.71,-1.36,13.9,13.1,0.8000000000000007,46.81881245,29.5986454,713.3328952556183
3775,CHN21069,CHN,21069,JIAMUSI,624598.0,348.43,32.63,32.63,3.2,16.19,15.94,0.2500000000000018,46.81708585,130.3502044,1792.6068363803347
3797,UKR21118,UKR,21118,BERDYANSK,122880.0,145.91,39.28,39.28,-1.7769999999999997,14.25,13.21,1.0399999999999991,46.79247308,36.78486521,842.1629771777123
3812,ROU21178,ROU,21178,CLUJNAPOCA,344915.0,218.16,38.57,38.57,1.26,13.7,12.75,0.9499999999999993,46.77527139,23.61024605,1581.0185185185185
3813,CHN21179,CHN,21179,SHUANGYASHAN,568109.0,348.79,32.47,32.47,2.91,15.73,14.91,0.8200000000000003,46.67213322,131.1613479,1628.7995642076894
3819,CHN21193,CHN,21193,DAQING,1320755.0,2022.72,33.56,33.56,0.74,18.02,17.2,0.8200000000000003,46.5265007,124.9689476,652.9598758107894
3843,CAN21265,CAN,21265,TROISRIVIERES,174441.0,1329.69,31.17,31.17,1.22,10.91,11.04,-0.129999999999999,46.46838775,-72.62581095,131.18922455609953
3851,USA21290,USA,21290,YAKIMA,167428.0,1618.84,45.02,45.02,-1.7769999999999997,14.39,13.78,0.6100000000000012,46.46030014,-120.2877332,103.42467445825406
3852,CAN21292,CAN,21292,SUDBURY,131840.0,1643.05,32.39,32.39,3.26,10.75,11.21,-0.46000000000000085,46.5391674,-81.04696454,80.24101518517392
3866,UKR21324,UKR,21324,KHERSON,330169.0,565.17,36.76,36.76,-1.7769999999999997,14.71,13.66,1.0500000000000007,46.61455469,32.57877881,584.1941362775802
3886,CHN21391,CHN,21391,SUIHUA,313253.0,126.74,31.36,31.36,2.68,15.6,15.74,-0.14000000000000057,46.64499812,126.9972542,2471.6190626479406
3891,AUT21404,AUT,21404,KLAGENFURT,117888.0,253.42,37.44,37.44,3.18,15.35,14.28,1.0700000000000003,46.61965551,14.25659871,465.1882250808934
3904,UKR21441,UKR,21441,ODESA,1089987.0,721.1,39.36,39.36,0.01,15.02,14.85,0.16999999999999993,46.50241933,30.72652618,1511.5615032589099
3918,ROU21498,ROU,21498,BACAU,196069.0,136.36,35.24,35.24,3.45,13.45,13.439999999999998,0.010000000000001563,46.56556925,26.921186,1437.8776767380461
3923,CHE21524,CHE,21524,LAUSANNE,224463.0,187.99,33.32,33.32,3.76,15.61,15.55,0.05999999999999872,46.54699619,6.605565742,1194.015639129741
3924,SVN21527,SVN,21527,MARIBOR,112154.0,255.16,37.67,37.67,1.94,14.94,14.14,0.7999999999999989,46.53533917,15.64441773,439.54381564508543
3934,ROU21550,ROU,21550,TARGUMURES,190501.0,145.29,38.91,38.91,1.01,12.77,12.29,0.4800000000000004,46.54036854,24.54975511,1311.177644710579
3938,CAN21577,CAN,21577,MONCTON,110141.0,2138.968,30.06,30.06,0.67,11.67,11.04,0.6300000000000008,46.11074162,-64.64174042,51.393548567722306
3948,ITA21626,ITA,21626,BOLZANO,122751.0,211.07,32.6,32.6,4.17,15.63,12.7,1.7710000000000001,46.48192282,11.34825366,581.5653574643484
3987,RUS21735,RUS,21735,ASTRACHAN,502567.0,585.42,43.31,43.31,2.48,16.99,15.94,1.049999999999999,46.34121404,48.03719843,858.4725496224933
4004,CHE21788,CHE,21788,GENEVE,389463.0,336.54,34.07,34.07,4.17,15.28,14.32,0.9599999999999991,46.27180778,6.157785129,1157.2561954002495
4016,RUS21831,RUS,21831,ELISTA,105379.2,216.99,48.57,48.57,-0.74,15.36,14.22,1.1399999999999988,46.33013128,44.27533237,465.77261624959675
4040,FRA21885,FRA,21885,NIORT,126906.0,273.31,37.41,37.41,0.79,14.3,13.66,0.6400000000000006,46.33097689,-0.404879261,464.32988181917966
4043,USA21893,USA,21893,KENNEWICK,153566.0,915.29,46.22,46.22,-1.7769999999999997,15.14,14.01,1.1300000000000008,46.24488999,-119.1773369,167.77851828382262
4046,CHE21900,CHE,21900,SION,105379.2,724.19,30.98,30.98,4.17,12.439999999999998,10.299000000000001,1.7710000000000001,46.25733967,7.545773985,144.35300128419337
4060,HUN21941,HUN,21941,SZEGED,180553.0,312.68,40.22,40.22,-1.26,15.21,13.73,1.4800000000000004,46.27606581,20.1714296,577.4369962901369
4084,ITA22015,ITA,22015,TRIESTE,459859.0,1399.45,38.8,38.8,3.39,17.93,17.16,0.7699999999999996,45.96972145,13.37635655,328.59980706706205
4108,SVN22101,SVN,22101,LJUBLJANA,366639.0,754.64,37.2,37.2,3.94,14.69,14.22,0.46999999999999886,46.12143069,14.47969746,485.8462313155942
4114,FRA22125,FRA,22125,BOURGENBRESSE,105379.2,156.88,35.44,35.44,1.85,14.95,14.58,0.3699999999999992,46.20509453,5.242100769,651.8867924528303
4121,CHE22145,CHE,22145,LUGANO,118761.0,394.16,29.75,29.75,2.8,16.15,14.25,1.7710000000000001,46.12195335,8.930895501,301.30150192815097
4129,FRA22165,FRA,22165,LAROCHELLE,172889.0,306.03,37.26,37.26,2.62,15.67,15.0,0.6699999999999999,46.16260544,-1.135849306,564.9413456197105
4131,ROU22168,ROU,22168,ARAD,192651.0,192.02,42.89,42.89,-0.19,14.66,13.68,0.9800000000000004,46.18080945,21.33968472,1003.2861160295802
4133,CAN22176,CAN,22176,MONTREAL,2067882.5999999978,2138.968,32.46,32.46,2.76,11.650000000000002,11.23,0.4200000000000017,45.66369392,-73.67760958,474.21984855613175
4137,ITA22190,ITA,22190,TRENTO,121278.0,270.07,32.5,32.5,3.5,14.18,13.36,0.8200000000000003,46.10222949,11.15281126,449.0613544636576
4148,HUN22213,HUN,22213,PECS,202472.0,322.71,37.31,37.31,0.2,15.14,14.26,0.8800000000000008,46.09749845,18.24347359,627.411607945214
4162,SCG22252,SCG,22252,SUBOTICA,105379.2,176.88,41.82,41.82,0.28,14.31,13.61,0.7000000000000011,46.10853431,19.68034207,565.5359565807327
4178,FRA22316,FRA,22316,LYON,2067882.5999999978,2138.968,36.52,36.52,2.7,15.92,14.65,1.2699999999999996,45.64321658,4.76138262,700.7832456632221
4192,CHN22378,CHN,22378,WULANHAOTE,226314.0,162.0,35.5,35.5,2.25,14.92,14.75,0.16999999999999993,46.07983142,122.0679109,1397.0
4194,CHN22394,CHN,22394,ZHAODONG,229417.0,110.79,33.64,33.64,2.11,17.36,16.93,0.4299999999999997,46.07555243,125.9929538,2070.7374311760987
4197,FRA22405,FRA,22405,ROANNE,105379.2,163.9,35.15,35.15,1.7,14.52,13.66,0.8599999999999994,46.04313061,4.072462318,642.7943868212325
4205,ITA22443,ITA,22443,PORDENONE,274043.0,576.44,38.81,38.81,2.42,18.64,17.37,1.2699999999999996,45.94406396,12.56317682,475.4059399070154
4231,CHN22522,CHN,22522,HARBIN,2067882.5999999978,1238.49,33.94,33.94,3.82,18.11,17.96,0.14999999999999858,45.75246448,126.6134895,2820.610582241278
4246,USA22570,USA,22570,BILLINGS,105379.2,1120.16,44.43,44.43,-1.7769999999999997,13.47,12.95,0.5200000000000014,45.79175582,-108.5282932,89.63719468647335
4252,FRA22591,FRA,22591,CLERMONTFERRAND,469635.0,935.13,35.83,35.83,2.36,13.99,12.88,1.1099999999999994,45.75755327,3.166672528,502.2135959706137
4253,FRA22593,FRA,22593,ANNECY,190819.0,225.27,32.15,32.15,2.49,15.04,14.39,0.6499999999999986,45.90778893,6.128711211,847.0679628889776
4262,FRA22611,FRA,22611,LIMOGES,249850.0,505.98,34.36,34.36,1.65,14.22,13.65,0.5700000000000003,45.84823917,1.270766895,493.7942211154591
4270,ROU22632,ROU,22632,HUNEDOARA,171778.0,329.11,38.78,38.78,3.59,13.48,13.530000000000001,-0.05000000000000071,45.82050961,22.94733995,521.947069368904
4279,USA22664,USA,22664,PORTLAND,1679957.0,2138.968,36.16,36.16,4.07,12.55,11.76,0.7900000000000009,45.51932894,-122.664513,503.7186179766184
4282,HRV22672,HRV,22672,ZAGREB,814882.0,957.64,37.3,37.3,2.33,15.11,14.48,0.629999999999999,45.80277244,15.9666279,850.9272795622572
4295,ITA22727,ITA,22727,MILANO,2067882.5999999978,2138.968,37.59,37.59,4.17,17.97,16.78,1.1899999999999977,45.59021254,9.537647995,919.3137159647142
4313,CHN22767,CHN,22767,QITAIHE,436599.0,506.45,32.45,32.45,2.69,15.47,15.0,0.47000000000000064,45.79691845,131.0052572,862.0772040675289
4330,ROU22827,ROU,22827,SIBIU,173894.0,192.21,37.72,37.72,3.27,12.47,12.51,-0.03999999999999915,45.78196088,24.14901853,904.7083918630664
4339,ITA22881,ITA,22881,BASSANODELGRAPPA,186486.0,357.38,37.34,37.34,1.46,18.98,17.68,1.3000000000000007,45.70396277,11.79602128,521.8143152946444
4343,ROU22886,ROU,22886,TIMISOARA,326344.0,217.49,41.88,41.88,-0.41,14.37,13.49,0.879999999999999,45.75033933,21.24584873,1500.5011724676997
4348,CHN22899,CHN,22899,HULIN,149222.0,90.44,31.71,31.71,1.4,16.05,15.49,0.5600000000000005,45.77171305,132.9844514,1649.9557717823973
4356,ITA22914,ITA,22914,VENEZIA,1153836.0,1427.29,39.02,39.02,1.56,19.21,19.08,0.13000000000000256,45.4894417,12.09361419,808.4103440786386
4358,ROU22916,ROU,22916,FOCSANI,125336.0,161.87,37.49,37.49,2.17,15.31,15.31,0.0,45.71310548,27.15872599,774.3003644900228
4368,ITA22948,ITA,22948,VICENZA,320628.0,513.68,39.44,39.44,3.91,19.27,17.6,1.6699999999999982,45.59545852,11.491996,624.1784768727613
4380,FRA22983,FRA,22983,ANGOULEME,154799.0,337.29,36.72,36.72,1.59,15.39,14.66,0.7300000000000004,45.6540645,0.161069289,458.9492721397017
4388,FRA23012,FRA,23012,CHAMBERY,171874.0,431.06,32.67,32.67,4.17,16.11,14.2,1.7710000000000001,45.54634032,5.970255382,398.72407553472834
4389,ROU23015,ROU,23015,BRASOV,415845.0,500.12,36.47,36.47,4.17,12.62,11.83,0.7899999999999991,45.6339959,25.551047,831.4904422938495
4420,CHN23107,CHN,23107,BAICHENG,323009.0,164.54,33.76,33.76,3.03,17.32,16.97,0.3500000000000014,45.62246902,122.8433277,1963.103196791054
4421,CAN23111,CAN,23111,OTTAWAHULL,926479.0,2138.968,32.41,32.41,2.14,12.01,11.65,0.35999999999999943,45.41654895,-75.64999344,382.72711124330266
4447,CAN23223,CAN,23223,SHERBROOKE,153431.0,1199.77,29.56,29.56,1.85,11.66,10.96,0.6999999999999993,45.39087401,-71.94490028,127.88367770489344
4450,HRV23228,HRV,23228,OSIJEK,121204.0,203.7,37.72,37.72,-0.3,15.08,14.61,0.47000000000000064,45.55004863,18.65624687,595.0122729504174
4454,CHN23241,CHN,23241,ACHENG,323973.0,126.28,32.23,32.23,2.79,17.82,17.36,0.46000000000000085,45.54667701,126.9814957,2565.513145391194
4461,CHN23266,CHN,23266,MISHAN,174453.0,111.86,32.59,32.59,1.95,15.71,15.43,0.28000000000000114,45.53778163,131.8561234,1559.5655283389951
4471,CHN23302,CHN,23302,SONGYUAN,474275.0,68.29,32.55,32.55,1.57,20.32,20.41,-0.08999999999999986,45.52183842,125.0791349,6945.0139112607985
4477,CHN23318,CHN,23318,DAAN,212781.0,75.91,32.54,32.54,1.42,19.6,19.0,0.6000000000000014,45.51062134,124.2795802,2803.0694243182716
4498,ROU23407,ROU,23407,GALATI,303903.0,194.8,40.34,40.34,0.9,16.76,15.59,1.1700000000000017,45.43395364,27.9996559,1560.077002053388
4501,ROU23433,ROU,23433,PETROSANI,151205.0,204.99,32.0,32.0,4.17,11.08,11.18,-0.09999999999999964,45.3979256,23.32472208,737.6213473827992
4503,RUS23437,RUS,23437,KROPOTKIN,118000.0,361.09,38.49,38.49,-0.87,14.79,13.78,1.0099999999999998,45.40706776,40.63319323,326.78833531806475
4516,SCG23501,SCG,23501,NOVISAD,208010.0,420.82,37.86,37.86,1.33,15.16,15.0,0.16000000000000014,45.27816179,19.84060648,494.2968490090775
4520,CHN23520,CHN,23520,SHUANGCHENG,216351.0,112.18,30.95,30.95,1.74,17.18,15.87,1.3100000000000005,45.38007704,126.3130248,1928.605812087716
4521,USA23525,USA,23525,MINNEAPOLIS,2067882.5999999978,2138.968,33.42,33.42,2.03,13.56,11.89,1.67,44.99301266,-93.22041135,506.23309702822854
4526,CHN23533,CHN,23533,JIXI,917631.0,954.01,31.7,31.7,1.93,14.67,14.68,-0.009999999999999787,45.27781663,130.9666638,961.8672760243603
4532,HRV23545,HRV,23545,RIJEKA,172130.0,433.25,36.47,36.47,3.13,17.69,15.92,1.7700000000000014,45.2873253,14.51114483,397.29948066935947
4534,UKR23547,UKR,23547,KERCH,158350.0,320.83,39.83,39.83,-0.31,17.36,17.36,0.0,45.34292968,36.42791547,493.5635694916311
4535,FRA23559,FRA,23559,GRENOBLE,557888.0,824.34,32.76,32.76,4.17,15.84,13.26,1.7710000000000001,45.21835675,5.725189298,676.7692942232574
4546,CHN23595,CHN,23595,TAONAN,201042.0,112.85,36.04,36.04,2.72,17.33,16.3,1.0299999999999976,45.34170468,122.7969799,1781.4975631369075
4569,ROU23681,ROU,23681,BRAILA,225727.0,173.9,39.28,39.28,0.37,15.94,15.27,0.6699999999999999,45.26479968,27.95426072,1298.0276020701551
4592,UKR23772,UKR,23772,YEVPATORIYA,106165.0,127.64,41.23,41.23,0.16,16.23,16.01,0.21999999999999886,45.22611157,33.36823921,831.7533688498903
4595,ITA23787,ITA,23787,TORINO,1532408.0,1342.14,36.04,36.04,4.17,17.25,15.34,1.7710000000000001,45.07854084,7.649452409,1141.764644522926
4598,ROU23789,ROU,23789,CAMPINA,110347.0,182.19,31.86,31.86,1.54,14.33,14.19,0.14000000000000057,45.1751474,25.70498947,605.6699050441847
4609,CHN23838,CHN,23838,SHANGZHI,267942.0,82.86,31.28,31.28,2.43,17.75,17.13,0.620000000000001,45.21507834,127.9668067,3233.6712527154236
4615,RUS23855,RUS,23855,STAVROPOL,399006.0,533.55,34.98,34.98,-1.7769999999999997,14.17,14.14,0.02999999999999936,45.07819724,42.00716937,747.8324430700029
4638,ROU23924,ROU,23924,BUZAU,158760.0,106.56,39.51,39.51,1.62,15.71,15.44,0.27000000000000135,45.15927657,26.82792772,1489.8648648648648
4648,RUS23955,RUS,23955,KRASNODAR,701421.0,705.84,37.2,37.2,2.3,15.45,15.43,0.019999999999999574,45.02224934,38.98689335,993.7393743624617
4654,CAN23977,CAN,23977,HALIFAX,282919.0,1695.25,30.63,30.63,1.32,12.78,11.43,1.3499999999999996,44.76215264,-63.56652718,166.8892493732488
4656,RUS23985,RUS,23985,ARMAVIR,219432.0,378.64,38.58,38.58,-0.87,15.13,14.43,0.7000000000000011,45.03318062,41.08010593,579.5267272343123
4661,ROU23996,ROU,23996,RAMNICUVALCEA,120869.0,161.86,35.53,35.53,1.69,15.47,14.62,0.8500000000000014,45.08629864,24.34657454,746.7502780180403
4666,UKR24013,UKR,24013,SIMFEROPOL,344083.0,390.49,36.89,36.89,0.26,14.43,13.58,0.8499999999999996,44.98603933,34.07748607,881.157007861917
4685,FRA24080,FRA,24080,VALENCE,202250.0,555.24,37.37,37.37,1.87,17.87,16.95,0.9200000000000017,44.90458549,4.878264698,364.25689791801744
4688,FRA24095,FRA,24095,BORDEAUX,961816.0,1483.6,36.31,36.31,1.9,16.02,15.06,0.9599999999999991,44.86496597,-0.505675717,648.2987328120788
4695,ROU24118,ROU,24118,TARGUJIU,109650.0,114.68,40.3,40.3,2.47,14.47,14.61,-0.1399999999999988,45.03685775,23.28026057,956.1388210673177
4696,USA24127,USA,24127,SALEM,240672.0,751.63,39.15,39.15,1.35,11.880000000000003,11.17,0.7100000000000026,44.91557857,-123.0328818,320.2000984526961
4713,ROU24186,ROU,24186,PLOIESTI,335168.0,315.44,39.49,39.49,3.14,15.69,15.2,0.4900000000000002,44.93941747,26.03835875,1062.5412122749176
4729,SCG24247,SCG,24247,BEOGRAD,1247596.0,1103.83,40.09,40.09,0.85,15.76,14.57,1.1899999999999995,44.80541454,20.41978868,1130.2428816031454
4756,ROU24328,ROU,24328,TARGOVISTE,113677.0,94.83,38.11,38.11,2.98,15.27,14.92,0.34999999999999964,44.93029624,25.47087831,1198.7451228514183
4757,RUS24330,RUS,24330,KRYMSK,134700.0,485.58,35.93,35.93,2.37,15.36,15.69,-0.33000000000000007,44.87238308,38.29885429,277.4002224144322
4764,CHN24346,CHN,24346,WUCHANG,262584.0,86.94,30.5,30.5,1.82,18.04,17.87,0.16999999999999815,44.92098683,127.1599246,3020.289855072464
4788,ITA24410,ITA,24410,FERRARA,141406.0,132.56,40.37,40.37,1.5,18.75,17.67,1.0799999999999983,44.85295285,11.61287343,1066.7320458660229
4789,ROU24414,ROU,24414,PITESTI,208984.0,259.38,38.09,38.09,2.67,15.42,14.97,0.4499999999999993,44.83620447,24.90640809,805.7059141028607
4795,KAZ24432,KAZ,24432,KZYLORDA,157950.0,230.95,45.62,45.62,-0.68,16.06,14.71,1.3499999999999979,44.83293598,65.52731238,683.9142671573934
4800,ITA24441,ITA,24441,PARMA,204723.0,322.71,41.01,41.01,1.12,18.73,17.55,1.1799999999999997,44.79375109,10.31360292,634.3869108487497
4819,BIH24494,BIH,24494,BANJALUKA,162828.0,152.93,37.59,37.59,1.65,14.44,14.08,0.35999999999999943,44.7983855,17.21428453,1064.7224220231478
4826,RUS24510,RUS,24510,NOVOROSSIJSK,224163.0,302.25,31.71,31.71,1.28,17.56,16.87,0.6899999999999977,44.75432531,37.7563622,741.6476426799007
4827,CHN24512,CHN,24512,YUSHU,219514.0,82.21,31.79,31.79,2.5,17.02,16.83,0.19000000000000128,44.82900039,126.5571797,2670.161780805255
4857,CHN24612,CHN,24612,MUDANJIANG,955059.0,518.82,32.84,32.84,3.21,17.38,16.39,0.9899999999999984,44.62543216,129.5945846,1840.829189314213
4879,ITA24676,ITA,24676,REGGIONELLEMILIA,175478.0,216.66,41.34,41.34,1.45,18.21,17.76,0.4499999999999993,44.69853276,10.6119771,809.9233822579156
4893,USA24714,USA,24714,CORVALLIS,105379.2,497.61,39.64,39.64,1.45,12.13,10.97,1.1600000000000001,44.60463852,-123.1716739,204.07548079821547
4902,RUS24748,RUS,24748,NEVINNOMYSSK,130328.0,289.0,36.22,36.22,-0.43,14.21,13.599999999999998,0.610000000000003,44.63476234,41.90570862,450.961937716263
4907,ROU24761,ROU,24761,DROBETATURNUSEVERIN,116008.0,158.0,40.67,40.67,3.11,16.35,15.86,0.490000000000002,44.6630548,22.65299651,734.2278481012659
4909,RUS24764,RUS,24764,MAJKOP,160263.0,344.19,33.95,33.95,2.5,15.0,14.3,0.6999999999999993,44.60135718,40.09899203,465.6236381068596
4915,ITA24775,ITA,24775,MODENA,434819.0,636.52,41.87,41.87,1.79,19.21,18.23,0.9800000000000004,44.59147848,10.9012292,683.1191478665243
4923,USA24801,USA,24801,GREENBAY,182393.0,707.44,32.59,32.59,1.63,13.18,12.41,0.7699999999999996,44.51668809,-88.03317949,257.8211579780617
4926,UKR24806,UKR,24806,SEVASTOPOL,343145.0,339.74,36.79,36.79,2.92,17.62,16.02,1.6000000000000014,44.58143714,33.57433079,1010.0223700476835
4943,ITA24852,ITA,24852,BOLOGNA,549723.0,526.47,42.34,42.34,1.92,18.99,18.22,0.7699999999999996,44.52353573,11.36347066,1044.1677588466578
4957,ROU24884,ROU,24884,BUCURESTI,2067882.5999999978,773.93,40.19,40.19,1.74,17.42,15.64,1.7710000000000001,44.45793066,26.09211571,2803.5390797617356
4972,ITA24925,ITA,24925,GENOVA,1034845.0,1552.35,32.86,32.86,3.45,19.65,17.78,1.7710000000000001,44.20634594,8.552978559,666.6312365123845
4973,FRA24925,FRA,24925,NICE,1812803.0,2138.968,37.19,37.19,2.66,18.79,17.4,1.3900000000000006,43.44893103,6.060885309,337.896204452215
4995,ITA24970,ITA,24970,RAVENNA,740503.0,1506.44,41.22,41.22,1.91,18.47,18.03,0.4399999999999977,44.19529999,12.28618,491.558243275537
4999,CHN24982,CHN,24982,DEHUI,194453.0,101.61,33.54,33.54,3.74,16.94,16.42,0.5199999999999996,44.52964541,125.7109821,1913.7191221336482
5008,CHN25011,CHN,25011,MULING,121029.0,62.45,30.83,30.83,0.87,14.99,14.76,0.23000000000000043,44.51617756,130.2566042,1938.0144115292233
5041,CAN25116,CAN,25116,BARRIE,129502.0,363.93,32.05,32.05,2.09,11.44,11.94,-0.5,44.37392797,-79.66529415,355.84315665100434
5044,CHN25126,CHN,25126,NONGAN,235648.0,131.83,31.27,31.27,1.57,15.98,16.2,-0.21999999999999886,44.4271688,125.1623338,1787.5142228627776
5048,CHN25140,CHN,25140,KELAMAYI,453734.0,433.16,44.23,44.23,2.02,17.85,15.7,1.7710000000000001,44.39241921,84.84703984,1047.4974605226705
5053,CHN25159,CHN,25159,NINGAN,129692.0,152.18,33.04,33.04,1.76,15.78,16.52,-0.7299999999999969,44.38282125,129.4832206,852.227625180707
5062,CHN25187,CHN,25187,SHULAN,257126.0,237.7,29.9,29.9,1.46,15.93,16.74,-0.7299999999999969,44.33048516,126.8320825,1081.7248632730332
5065,USA25195,USA,25195,APPLETON,217244.0,960.96,32.96,32.96,2.3,12.970000000000002,13.18,-0.2099999999999973,44.21846733,-88.48097773,226.06976356976355
5079,ROU25242,ROU,25242,CRAIOVA,309367.0,232.79,42.98,42.98,1.05,15.35,14.94,0.41000000000000014,44.32802191,23.79910103,1328.9531337256756
5083,CAN25252,CAN,25252,KINGSTON,106694.0,580.43,31.54,31.54,3.13,12.11,14.08,-0.7299999999999969,44.27544386,-76.55965391,183.81889288975415
5087,ITA25259,ITA,25259,IMOLA,126039.0,202.67,41.36,41.36,0.55,18.56,18.13,0.4299999999999997,44.33457138,11.8045616,621.8927320274338
5088,ROU25261,ROU,25261,CONSTANTA,414773.0,378.45,38.3,38.3,-1.7769999999999997,18.06,16.68,1.379999999999999,44.21055905,28.61774414,1095.978332672744
5113,CHN25342,CHN,25342,SHIHEZI,298885.0,293.74,39.14,39.14,1.31,17.95,16.42,1.5299999999999976,44.2986362,86.11862697,1017.5154898890174
5140,USA25420,USA,25420,EUGENE,245440.0,1215.0,37.56,37.56,4.05,12.09,11.87,0.22000000000000064,44.04314555,-123.0877837,202.0082304526749
5143,RUS25426,RUS,25426,CERKESSK,147370.0,331.35,33.56,33.56,2.71,13.67,12.65,1.0199999999999996,44.16736588,42.02903352,444.7562999849102
5157,RUS25481,RUS,25481,PJATIGORSK,419799.0,686.81,33.76,33.76,0.32,14.43,13.38,1.049999999999999,44.10772622,43.02493825,611.2301801080357
5162,ITA25510,ITA,25510,FIRENZE,2067882.5999999978,2138.968,38.0,38.0,4.06,19.19,17.97,1.2200000000000024,43.82944982,10.65168852,667.188603898762
5186,CHN25616,CHN,25616,JIUTAI,212971.0,113.96,31.05,31.05,2.03,16.66,16.56,0.10000000000000142,44.1592248,125.8702801,1868.822393822394
5188,USA25623,USA,25623,ROCHESTER,105379.2,722.51,33.07,33.07,-0.2,11.21,10.77,0.4400000000000013,44.01155263,-92.52863557,141.72122185160066
5198,USA25640,USA,25640,BOSTON,2067882.5999999978,2138.968,32.72,32.72,2.77,14.43,13.49,0.9399999999999995,42.47844352,-70.97602262,333.4875316899008
5203,USA25660,USA,25660,BUFFALO,757189.0,2138.968,33.15,33.15,3.16,13.03,13.02,0.009999999999999787,42.92144364,-78.78311742,318.9225047489481
5204,CAN25660,CAN,25660,TORONTO,2067882.5999999978,2138.968,34.49,34.49,4.17,12.81,13.36,-0.5499999999999989,43.58139034,-79.44537928,1000.7548382058527
5228,RUS25719,RUS,25719,USSURIJSK,157831.0,600.42,30.49,30.49,1.14,17.56,17.29,0.2699999999999996,43.90924772,132.0293379,262.8676593051531
5241,FRA25755,FRA,25755,AVIGNON,332061.0,695.74,41.17,41.17,1.66,18.72,18.22,0.5,43.95350235,4.944829724,477.2774312243079
5244,FRA25769,FRA,25769,ALBI,105379.2,321.95,38.96,38.96,1.7,16.79,16.13,0.6600000000000001,43.96993,2.149760761,322.2581146140705
5259,SCG25808,SCG,25808,KRAGUJEVAC,139413.0,164.25,39.41,39.41,1.64,14.84,14.74,0.09999999999999964,44.01470832,20.9171286,848.7853881278539
5260,JPN25811,JPN,25811,KITAMI,179300.0,1028.31,32.84,32.84,4.17,13.09,13.24,-0.15000000000000036,43.82929481,143.9253431,174.3637619005942
5265,CHN25823,CHN,25823,WULUMUQI,2062200.0,1278.97,43.25,43.25,1.71,17.92,15.69,1.7710000000000001,43.8928314,87.54880193,1612.3912210606973
5270,CHN25842,CHN,25842,CHANGCHUN,2067882.5999999978,923.47,34.77,34.77,4.17,16.83,16.45,0.379999999999999,43.87460224,125.332204,2978.119484119679
5287,CHN25881,CHN,25881,JILIN,1448434.0,661.67,32.26,32.26,3.44,17.67,17.62,0.05000000000000071,43.86968366,126.5795215,2189.0579896322943
5304,CHN25926,CHN,25926,XILINHAOTE,142846.0,118.07,40.6,40.6,1.03,13.45,12.39,1.0599999999999987,43.95209544,116.0963897,1209.841619378335
5306,CHN25941,CHN,25941,YINING,256588.0,199.12,39.21,39.21,1.02,16.08,14.98,1.0999999999999979,43.92939089,81.32385076,1288.6098834873442
5311,RUS25957,RUS,25957,KISLOVODSK,127234.0,268.36,28.24,28.24,1.71,10.87,10.299000000000001,0.8099999999999987,43.93270141,42.64392311,474.11685795200475
5312,JPN25958,JPN,25958,SAPPORO,2067882.5999999978,2138.968,32.12,32.12,4.17,12.52,12.4,0.11999999999999922,43.21491663,141.7449834,531.711271001472
5319,ITA26004,ITA,26004,ANCONA,728300.0,1865.83,39.85,39.85,1.02,17.71,17.04,0.6700000000000017,43.46201854,13.37661977,390.335668308474
5322,BGR26006,BGR,26006,RUSE,162988.0,124.35,36.83,36.83,-0.7,18.75,16.69,1.7710000000000001,43.84753149,26.01026599,1310.7197426618416
5337,FRA26043,FRA,26043,MONTPELLIER,779469.0,1646.75,39.99,39.99,1.91,18.96,18.55,0.41000000000000014,43.66763821,4.045152763,473.3377865492637
5347,BIH26061,BIH,26061,SARAJEVO,388812.0,134.37,37.23,37.23,4.17,13.26,12.23,1.0299999999999994,43.85030911,18.37650909,2893.592319714222
5366,FRA26145,FRA,26145,BAYONNE,214777.0,803.04,33.52,33.52,0.37,16.73,15.9,0.8300000000000001,43.54688688,-1.449193938,267.4549212990636
5367,ESP26145,ESP,26145,BILBAO,2035380.0,2138.968,30.85,30.85,1.15,14.95,14.31,0.6399999999999988,43.27284735,-2.989344532,493.7055202223807
5375,FRA26161,FRA,26161,TOULOUSE,970212.0,1406.74,38.78,38.78,2.04,17.6,16.7,0.9000000000000021,43.59681728,1.403087002,689.688215306311
5394,RUS26235,RUS,26235,SOCI,330048.0,440.04,28.99,28.99,2.49,15.65,14.86,0.7900000000000009,43.59214581,39.78732435,750.0409053722389
5410,USA26292,USA,26292,BOISE,334394.0,1840.7,47.59,47.59,-1.7769999999999997,13.6,14.07,-0.47000000000000064,43.6097855,-116.446507,181.66675721193025
5426,CHN26341,CHN,26341,JIAOHE,207818.0,124.74,30.66,30.66,2.09,14.72,15.98,-0.7299999999999969,43.71444518,127.3862017,1666.0092993426329
5436,USA26394,USA,26394,SIOUXFALLS,133254.0,797.05,34.58,34.58,1.78,11.73,10.84,0.8900000000000006,43.55954972,-96.72453197,167.1839909666897
5442,CHN26411,CHN,26411,TONGLIAO,411625.0,283.37,38.34,38.34,2.13,17.16,16.57,0.5899999999999999,43.63452099,122.2396634,1452.6061333239227
5445,USA26418,USA,26418,FLINT,502203.0,2138.968,32.68,32.68,2.21,13.0,12.75,0.25,43.274184,-83.86215965,194.64855332261
5456,ESP26446,ESP,26446,ACORUNA,515586.0,1110.11,32.09,32.09,1.34,12.17,11.09,1.08,43.38716208,-8.287979609,464.4458657250183
5478,ESP26521,ESP,26521,GIJON,786127.0,1736.45,31.49,31.49,2.21,13.21,12.3,0.9100000000000001,43.40906291,-5.801791019,452.72078090356763
5485,CAN26547,CAN,26547,KITCHENER,510050.0,1214.05,31.81,31.81,2.42,11.22,10.44,0.7800000000000011,43.46083012,-80.4009246,420.1227297063548
5488,BGR26554,BGR,26554,DOBRIC,105379.2,119.42,39.55,39.55,0.5,14.87,14.55,0.3199999999999985,43.57936491,27.83836006,844.3141852286049
5490,HRV26562,HRV,26562,SPLIT,242060.0,370.28,39.06,39.06,1.03,18.84,17.95,0.8900000000000006,43.52964502,16.46633072,653.7215080479638
5491,RUS26565,RUS,26565,NALCIK,267521.0,345.59,33.73,33.73,3.41,14.59,14.81,-0.22000000000000064,43.51408894,43.62261154,774.0993663011083
5518,CHN26663,CHN,26663,SHUANGLIAO,152180.0,113.31,34.6,34.6,0.43,17.59,17.69,-0.10000000000000142,43.52166484,123.5000793,1343.041214367664
5519,CHN26664,CHN,26664,GONGZHULING,305382.0,135.14,32.43,32.43,3.08,17.49,17.3,0.18999999999999773,43.50737454,124.8161735,2259.7454491638305
5521,USA26673,USA,26673,SYRACUSE,485515.0,2138.968,31.3,31.3,2.07,12.94,12.75,0.1899999999999995,43.13576287,-75.85223713,146.40703214522648
5523,USA26687,USA,26687,CHICAGO,2067882.5999999978,2138.968,33.42,33.42,3.96,14.75,13.89,0.8599999999999994,42.14848208,-87.90233536,653.3745291124183
5526,USA26699,USA,26699,ALBANY,472478.0,2138.968,32.43,32.43,2.31,14.14,13.46,0.6799999999999997,42.92084456,-73.77071997,183.63921861275
5530,ITA26716,ITA,26716,AREZZO,114104.0,164.53,38.31,38.31,2.08,17.3,17.19,0.10999999999999943,43.46226045,11.85210777,693.5148605117607
5534,KAZ26738,KAZ,26738,ALMAATA,1129430.0,1696.35,38.34,38.34,2.36,14.75,11.36,1.7710000000000001,43.3077091,77.01415233,665.8001002151678
5537,BGR26749,BGR,26749,PLEVEN,123082.0,283.14,39.73,39.73,-0.11,15.32,14.77,0.5500000000000007,43.42075722,24.57238499,434.7036801582256
5546,FRA26781,FRA,26781,BEZIERS,217030.0,1147.89,39.54,39.54,1.54,18.15,18.29,-0.14000000000000057,43.31230218,3.230594914,189.06863898108702
5547,RUS26791,RUS,26791,VLADIVOSTOK,665105.0,725.9,29.86,29.86,2.43,17.86,18.43,-0.5700000000000003,43.2938757,132.114648,916.2487945998072
5553,RUS26815,RUS,26815,GROZNYJ,244068.0,1060.96,42.87,42.87,3.23,15.96,15.89,0.07000000000000028,43.30504422,45.64410217,230.0444880108581
5557,FRA26824,FRA,26824,PAU,219462.0,702.65,35.95,35.95,1.28,16.67,16.08,0.5900000000000034,43.32964335,-0.429840895,312.3347327972675
5564,BGR26840,BGR,26840,VARNA,313854.0,564.53,37.77,37.77,-0.22,16.65,15.63,1.0199999999999978,43.25024994,27.84623625,555.9562822170656
5582,CHN26893,CHN,26893,DUNHUA,286554.0,136.07,32.38,32.38,2.55,15.02,13.52,1.5,43.37074034,128.2418061,2105.930770926729
5588,SCG26908,SCG,26908,NIS,172508.0,274.82,41.13,41.13,2.36,14.47,13.88,0.5899999999999999,43.32809397,21.91146858,627.712684666327
5595,USA26939,USA,26939,MUSKEGON,106516.0,712.55,31.24,31.24,2.52,13.85,13.93,-0.08000000000000007,43.17722152,-86.20527082,149.48565012981547
5608,CHN26976,CHN,26976,YITONG,105379.2,57.44,31.65,31.65,2.51,17.89,17.12,0.7699999999999996,43.3498754,125.3077776,1776.8802228412258
5621,RUS27011,RUS,27011,VLADIKAVKAZ,474504.0,941.88,36.25,36.25,3.02,15.07,14.61,0.46000000000000085,43.16691751,44.72594905,503.7839215186648
5630,USA27037,USA,27037,ROCHESTER,428058.0,2138.968,32.09,32.09,3.01,13.099999999999998,13.64,-0.5400000000000027,43.12181836,-77.51131542,169.02920097139136
5642,FRA27073,FRA,27073,TARBES,110563.0,242.71,36.5,36.5,1.74,16.32,16.16,0.16000000000000014,43.23681885,0.067153632,455.53541263235957
5656,USA27132,USA,27132,MADISON,335177.0,1134.0,31.75,31.75,1.39,13.66,13.06,0.5999999999999996,43.08309214,-89.37483616,295.5705467372134
5667,USA27181,USA,27181,GRANDRAPIDS,523283.0,1994.31,34.62,34.62,3.16,13.01,12.74,0.2699999999999996,42.93537875,-85.7384146,262.3879938424819
5672,CHN27209,CHN,27209,SIPING,434085.0,244.86,33.31,33.31,2.99,18.04,17.44,0.5999999999999979,43.16830458,124.3807741,1772.7885322224945
5711,ITA27323,ITA,27323,PERUGIA,173915.0,457.74,40.69,40.69,2.7,17.62,17.39,0.23000000000000043,43.08983719,12.42525414,379.942762266789
5713,BGR27325,BGR,27325,VELIKOTARNOVO,105379.2,244.44,38.13,38.13,0.68,16.26,15.62,0.6400000000000023,43.1154351,25.66347486,421.4940271641303
5715,CAN27334,CAN,27334,LONDON,417993.0,1443.48,31.65,31.65,2.13,10.75,10.76,-0.35999999999999943,42.96122712,-81.13053883,289.5731149721506
5733,JPN27425,JPN,27425,OBIHIRO,212230.0,1101.6,34.56,34.56,2.72,11.97,11.57,0.40000000000000036,42.95614016,143.1032453,192.65613652868555
5760,JPN27489,JPN,27489,KUSHIRO,191739.0,506.02,29.52,29.52,0.95,11.03,11.58,-0.5500000000000007,43.00239083,144.2793863,378.91585312833485
5765,KGZ27503,KGZ,27503,BISHKEK,1000026.0,1452.86,42.6,42.6,-0.68,15.12,14.13,0.9899999999999984,42.85958015,74.34735573,688.3154605399006
5772,RUS27519,RUS,27519,MAHACKALA,506394.0,482.47,40.18,40.18,4.08,18.24,18.67,-0.43000000000000327,42.90451686,47.51680519,1049.586502787738
5779,GEO27541,GEO,27541,SUKHUMI,129619.0,203.76,28.97,28.97,2.45,16.55,14.89,1.6600000000000001,42.96562326,41.07544869,636.1356497840598
5785,ITA27556,ITA,27556,PESCARA,618933.0,1722.38,39.93,39.93,1.97,17.59,16.86,0.7300000000000004,42.55305715,14.03669346,359.3475307423449
5790,KAZ27571,KAZ,27571,DZHAMBUL,332504.0,627.47,44.59,44.59,-1.7769999999999997,16.01,15.83,0.1800000000000015,42.90805004,71.40816019,529.9121870368305
5801,CHN27603,CHN,27603,TUMEN,105379.2,95.24,32.03,32.03,1.68,15.67,16.8,-0.7299999999999969,42.98620912,129.8169006,1070.3590928181436
5809,CHN27621,CHN,27621,HUADIAN,238655.0,122.5,31.63,31.63,3.16,18.66,16.67,1.7710000000000001,42.97829836,126.7744544,1948.204081632653
5811,CHN27631,CHN,27631,TULUFAN,123379.0,152.7,51.06699999999999,51.06699999999999,-1.7769999999999997,24.24,23.77,0.46999999999999886,42.95833561,89.20871688,807.9829731499673
5817,CHN27665,CHN,27665,LIAOYUAN,507885.0,271.01,31.69,31.69,2.36,16.08,16.19,-0.11000000000000298,42.91920801,125.0818234,1874.045238183093
5823,FRA27678,FRA,27678,PERPIGNAN,254509.0,1096.52,39.38,39.38,4.17,19.03,18.27,0.7600000000000016,42.6480919,2.875935295,232.10611753547587
5824,ESP27678,ESP,27678,BARCELONA,2067882.5999999978,2138.968,38.17,38.17,2.46,18.72,17.58,1.1400000000000006,41.49043122,1.965498116,744.3836237328615
5825,CHN27684,CHN,27684,PANSHI,212513.0,74.17,30.17,30.17,1.67,17.02,16.35,0.6699999999999982,42.94248975,126.0667953,2865.2150465147633
5826,RUS27685,RUS,27685,NAKHODKA,150898.0,309.17,29.31,29.31,1.43,16.41,15.8,0.6099999999999994,42.86463115,132.9673424,488.07452210757833
5829,ESP27697,ESP,27697,VITORIA,215813.0,336.68,35.64,35.64,3.17,13.03,12.779999999999998,0.2500000000000018,42.86259288,-2.66996597,641.0033266009267
5833,CHN27702,CHN,27702,YANJI,362905.0,215.72,34.72,34.72,3.68,16.35,15.88,0.47000000000000064,42.90709453,129.4898455,1682.296495457074
5839,USA27714,USA,27714,CASPER,114369.0,519.26,47.3,47.3,-1.7769999999999997,13.03,12.32,0.7099999999999991,42.84999605,-106.3432292,220.25382274775643
5849,CHN27747,CHN,27747,HAMI,237332.0,286.38,47.07,47.07,-1.7769999999999997,18.11,16.88,1.2300000000000004,42.85949505,93.51712275,828.7310566380334
5851,ESP27753,ESP,27753,SANTIAGODECOMPOSTELA,124074.0,253.6,37.26,37.26,0.86,11.11,11.49,-0.3800000000000008,42.87167853,-8.537424344,489.25078864353316
5858,CHN27775,CHN,27775,HUNCHUN,137163.0,161.92,34.01,34.01,2.72,20.09,18.18,1.7710000000000001,42.87245707,130.3597275,847.1035079051384
5871,ESP27825,ESP,27825,PAMPLONA,221609.0,403.19,38.25,38.25,3.48,14.97,14.56,0.41000000000000014,42.80185144,-1.645462679,549.6391279545624
5875,USA27840,USA,27840,ROCKFORD,339162.0,1289.4,33.42,33.42,2.81,14.47,13.54,0.9300000000000015,42.44249213,-89.00990207,263.0386226151698
5883,USA27857,USA,27857,LANSING,264261.0,1061.3,32.23,32.23,1.91,12.83,11.52,1.3100000000000005,42.70449467,-84.56953919,248.9974559502497
5889,CAN27870,CAN,27870,WINDSOR,307561.0,913.44,31.29,31.29,1.88,14.11,15.55,-0.7299999999999969,42.17910754,-82.8395835,336.7062970747942
5890,USA27870,USA,27870,DETROIT,2067882.5999999978,2138.968,33.63,33.63,4.17,14.09,13.58,0.5099999999999998,42.45737223,-83.31270298,665.3250256550821
5892,CHN27878,CHN,27878,CHANGTU,174086.0,167.0,31.24,31.24,1.0,18.12,17.77,0.3500000000000014,42.78273398,124.0822997,1042.4311377245508
5895,ESP27884,ESP,27884,VIGO,760156.0,1626.02,36.29,36.29,1.66,12.53,12.51,0.019999999999999574,42.40648022,-8.73701563,467.4948647618111
5908,BGR27912,BGR,27912,SOFIJA,1185045.0,1157.6,37.98,37.98,3.42,13.07,12.06,1.0099999999999998,42.68356592,23.30651727,1023.7085348997928
5930,CHN27963,CHN,27963,LONGJING,162897.0,57.99,33.34,33.34,1.53,16.51,15.2,1.3100000000000023,42.77496548,129.4203693,2809.0532850491463
5969,BGR28077,BGR,28077,SLIVEN,105379.2,164.77,40.69,40.69,3.21,17.05,15.42,1.6300000000000008,42.67144854,26.33637388,614.7538993748861
5974,SCG28087,SCG,28087,PRISTINA,156439.0,244.35,39.84,39.84,1.78,12.78,12.870000000000001,-0.09000000000000163,42.66213793,21.13073087,640.2250869654184
5980,ESP28100,ESP,28100,LEON,167402.0,374.88,43.44,43.44,2.22,12.4,12.05,0.34999999999999964,42.58628208,-5.556491996,446.5482287665386
6014,USA28194,USA,28194,SIOUX,105379.2,766.99,34.8,34.8,1.4,12.79,12.15,0.6399999999999988,42.47624327,-96.38897358,136.0747858511845
6025,BGR28211,BGR,28211,BURGAS,193577.0,338.33,40.9,40.9,0.71,17.03,16.71,0.3200000000000003,42.54295476,27.39869008,572.1544054621228
6030,ITA28223,ITA,28223,TERNI,125444.0,244.11,38.89,38.89,1.91,17.82,16.83,0.990000000000002,42.56241809,12.61149864,513.8830854942444
6040,CHN28252,CHN,28252,KAIYUAN,196517.0,148.65,33.01,33.01,2.55,18.82,18.45,0.370000000000001,42.54902394,124.0861776,1322.0114362596703
6050,USA28279,USA,28279,WATERLOO,112587.0,591.98,34.55,34.55,0.36,13.27,12.66,0.6099999999999994,42.48636634,-92.35653336,190.1871684854218
6055,CHN28290,CHN,28290,MEIHEKOU,327125.0,112.61,31.27,31.27,2.58,17.63,17.0,0.629999999999999,42.53984074,125.6939478,2904.9373945475536
6061,CHN28305,CHN,28305,HELONG,141903.0,118.93,30.66,30.66,2.2,15.87,13.92,1.7710000000000001,42.5452752,129.0238366,1193.1640460775245
6072,ESP28329,ESP,28329,LOGRONO,131936.0,532.09,40.0,40.0,2.84,15.75,14.75,1.0,42.46176673,-2.444432398,247.95805220921272
6078,CHN28346,CHN,28346,TIEFA,258980.0,223.64,31.82,31.82,0.97,19.37,19.31,0.060000000000002274,42.45031616,123.605618,1158.021820783402
6079,USA28347,USA,28347,MEDFORD,152863.0,1235.11,43.17,43.17,4.17,13.64,13.58,0.0600000000000005,42.36949677,-122.9964705,123.76468492684863
6096,SCG28386,SCG,28386,PODGORICA,132767.0,311.55,45.19,45.19,4.17,20.04,19.31,0.7300000000000004,42.40972049,19.25895159,426.1498956828759
6113,KAZ28441,KAZ,28441,CHIMKENT,356965.0,977.89,47.09,47.09,-0.68,16.02,15.72,0.29999999999999893,42.30792603,69.71011373,365.03594473816077
6114,UZB28445,UZB,28445,NUQUS,200139.0,47.765,47.0,47.0,-0.19,20.81,18.96,1.7710000000000001,42.46178795,59.61075853,11548.701673398731
6121,ESP28461,ESP,28461,BURGOS,165586.0,453.77,37.85,37.85,-0.23,12.77,12.36,0.41000000000000014,42.34253645,-3.694115473,364.91173942746326
6122,BGR28464,BGR,28464,STARAZAGORA,144700.0,173.03,41.54,41.54,2.45,17.14,15.8,1.3399999999999999,42.42546476,25.6533337,836.2711668496793
6137,USA28505,USA,28505,NEWYORK,2067882.5999999978,2138.968,35.59,35.59,4.17,16.15,14.58,1.5699999999999985,40.68159541,-74.01597805,903.1734630020485
6147,UZB28535,UZB,28535,HUCAYLI,136094.0,47.765,46.23,46.23,4.17,19.56,18.04,1.5199999999999996,42.40407545,59.43933775,18121.704394141147
6148,USA28542,USA,28542,KALAMAZOO,160647.0,821.68,31.44,31.44,1.47,12.37,11.23,1.1399999999999988,42.24922522,-85.61350863,195.510417680849
6149,ESP28544,ESP,28544,OURENSE,107025.0,326.44,38.58,38.58,1.88,14.14,12.79,1.3500000000000014,42.2975236,-7.841155199,327.8550422742311
6160,CHN28583,CHN,28583,TIELING,387634.0,174.64,33.54,33.54,2.02,19.56,19.15,0.41000000000000014,42.30306979,123.83467,2219.6174988547873
6169,GEO28610,GEO,28610,KUTAISI,209085.0,359.69,32.06,32.06,2.12,14.39,14.83,-0.4399999999999995,42.25785174,42.65571879,581.2922238594346
6191,CHN28656,CHN,28656,CHIFENG,692267.0,239.52,40.4,40.4,0.58,16.75,15.49,1.2599999999999998,42.27412322,118.9516131,2890.2262859051434
6208,USA28708,USA,28708,CLEVELAND,2067882.5999999978,2138.968,31.64,31.64,3.76,14.68,14.62,0.0600000000000005,41.44540753,-81.34146058,371.86702088895663
6227,PRK28765,PRK,28765,NAJIN,106767.0,47.765,32.33,32.33,3.89,21.07,19.14,1.7710000000000001,42.23971136,130.2964489,8956.963087248323
6238,RUS28789,RUS,28789,DERBENT,123205.0,229.67,39.63,39.63,4.04,18.32,19.3,-0.7299999999999969,42.12077695,48.18271336,536.443592981234
6245,BGR28805,BGR,28805,PLOVDIV,392827.0,428.03,42.81,42.81,3.97,17.13,15.76,1.3699999999999992,42.1134225,24.79469694,917.7557647828423
6272,ITA28863,ITA,28863,ROMA,2067882.5999999978,2138.968,42.18,42.18,3.32,18.37,17.4,0.9700000000000024,41.79462164,12.60001845,1074.3101344551287
6280,JPN28893,JPN,28893,HAKODATE,351837.0,1302.84,28.24,28.24,1.67,14.1,14.49,-0.39000000000000057,41.79736538,140.451971,270.05388228792486
6301,USA28938,USA,28938,CEDARRAPIDS,156487.0,632.69,32.73,32.73,1.09,14.11,13.73,0.379999999999999,41.98885874,-91.65729331,247.33597812514816
6309,CHN28950,CHN,28950,FUXIN,754195.0,414.09,36.8,36.8,4.17,17.07,16.44,0.629999999999999,42.00458432,121.6787306,1821.331111594098
6310,CHN28951,CHN,28951,BAISHAN,453556.0,567.8,28.97,28.97,2.46,12.88,14.24,-0.7299999999999969,41.93891491,126.4442738,798.7953504755196
6317,MKD28961,MKD,28961,TETOVO,190715.0,486.09,36.6,36.6,3.08,13.55,11.150000000000002,1.7710000000000001,41.93321843,20.97065045,392.34503898455023
6327,BGR28989,BGR,28989,HASKOVO,127274.0,196.54,43.78,43.78,0.2,16.26,15.19,1.070000000000002,41.99643185,25.58703218,647.5730131270989
6338,MKD29013,MKD,29013,SKOPJE,500425.0,464.55,44.19,44.19,3.56,16.07,15.22,0.8499999999999996,41.99616136,21.49322643,1077.225271768378
6360,CHN29070,CHN,29070,XINMIN,146540.0,105.92,34.71,34.71,3.21,18.0,18.53,-0.5300000000000011,42.00414289,122.8331192,1383.4969788519638
6402,CHN29175,CHN,29175,SHENYANG,2067882.5999999978,1404.58,36.99,36.99,4.17,19.6,17.98,1.620000000000001,41.82361555,123.6200986,4279.875834769113
6431,USA29246,USA,29246,DAVENPORT,318654.0,1665.62,33.01,33.01,1.88,14.08,13.5,0.5800000000000001,41.59529495,-90.5173269,191.31254427780647
6436,ESP29256,ESP,29256,ZARAGOZA,642571.0,1257.41,43.52,43.52,-1.22,17.94,17.2,0.740000000000002,41.67899143,-0.90954613,511.0274293985255
6440,TKM29267,TKM,29267,DASHOGUZ,157903.0,225.13,44.4,44.4,0.03,18.79,17.98,0.8099999999999987,41.8489704,60.00287593,701.3858659441212
6443,CHN29280,CHN,29280,BEIPIAO,204930.0,149.09,37.99,37.99,1.44,17.09,16.6,0.48999999999999844,41.82044608,120.767352,1374.538869139446
6453,USA29301,USA,29301,SOUTHBEND,310613.0,1454.47,32.4,32.4,2.2,12.13,11.51,0.620000000000001,41.70445769,-86.08875794,213.55751579613192
6456,GEO29305,GEO,29305,TBILISI,1240411.0,775.21,39.32,39.32,0.81,16.35,14.71,1.6400000000000006,41.65696829,44.91042041,1600.0967479779672
6458,CHN29307,CHN,29307,KUERLE,226542.0,434.75,44.93,44.93,2.55,18.55,16.85,1.6999999999999993,41.78003498,86.15605897,521.0856814261069
6464,CHN29318,CHN,29318,LINJIANG,139613.0,97.24,29.66,29.66,1.66,16.79,16.25,0.5399999999999991,41.80000636,126.8962332,1435.756890168655
6474,PRK29347,PRK,29347,CHONGJIN,664923.0,118.41,32.97,32.97,3.7,18.1,15.93,1.7710000000000001,41.77673853,129.7564808,5615.429440081074
6486,USA29370,USA,29370,TOLEDO,469956.0,1418.08,31.85,31.85,1.83,13.3,12.630000000000003,0.6699999999999982,41.59805283,-83.59117585,331.40302380683744
6493,CHN29392,CHN,29392,TONGHUA,391931.0,199.21,30.4,30.4,3.1,16.81,15.89,0.9199999999999982,41.75503083,125.9984737,1967.4263340193766
6496,USA29398,USA,29398,POUGHKEEPSIE,183558.0,721.91,34.47,34.47,2.72,14.42,13.71,0.7099999999999991,41.59738799,-73.96477533,254.26715241512102
6499,USA29407,USA,29407,DESMOINES,375978.0,1520.39,36.55,36.55,1.33,14.22,12.9,1.3200000000000003,41.62361211,-93.62322376,247.29049783279288
6514,ESP29452,ESP,29452,VALLADOLID,336868.0,659.8,44.11,44.11,0.24,14.15,13.22,0.9299999999999997,41.62570121,-4.723839848,510.5607759927251
6527,ESP29481,ESP,29481,LLEIDA,124923.0,682.17,40.76,40.76,-1.05,17.33,16.97,0.35999999999999943,41.63456715,0.737808166,183.1259070319715
6528,ITA29483,ITA,29483,FROSINONE,158500.0,325.93,41.17,41.17,3.97,16.23,15.86,0.370000000000001,41.64839224,13.34354575,486.30073942257536
6531,TUR29487,TUR,29487,EDIRNE,119300.0,251.48,42.55,42.55,0.66,17.32,16.74,0.5800000000000018,41.6782947,26.55048941,474.39160171783044
6551,UZB29540,UZB,29540,TASHKENT,2067882.5999999978,1902.99,44.26,44.26,0.6,17.27,15.62,1.6500000000000004,41.35864537,69.41239554,1434.833078471248
6573,GEO29596,GEO,29596,BATUMI,124019.0,87.01,30.99,30.99,4.17,18.04,15.59,1.7710000000000001,41.6247084,41.66446635,1425.3419147224456
6576,USA29599,USA,29599,SCRANTON,377300.0,1350.28,32.7,32.7,2.84,12.81,11.810000000000002,0.9999999999999982,41.38073299,-75.73199136,279.42352697218354
6586,CHN29626,CHN,29626,CHAOYANG,420315.0,248.52,40.74,40.74,2.07,16.92,16.64,0.28000000000000114,41.58933554,120.4178492,1691.2723322066634
6601,USA29679,USA,29679,NORWICH,143108.0,840.55,31.69,31.69,1.53,14.14,13.64,0.5,41.42110575,-72.01582745,170.25519005413122
6602,PRT29680,PRT,29680,PORTO,1856301.0,2138.968,39.6,39.6,1.84,14.25,13.7,0.5500000000000007,41.23208979,-8.479051428,740.3260735180925
6606,CHN29690,CHN,29690,BEINING,156399.0,56.51,33.76,33.76,1.55,15.92,17.31,-0.7299999999999969,41.59019509,121.7973362,2767.634047071315
6623,USA29723,USA,29723,OMAHA,597035.0,2033.51,36.3,36.3,1.84,14.86,13.530000000000001,1.3299999999999983,41.24708157,-96.01680205,293.5982611346883
6637,UZB29755,UZB,29755,URGENCH,146387.0,47.765,45.95,45.95,4.09,20.7,18.32,1.7710000000000001,41.54528446,60.63284455,5088.182134167536
6670,TUR29833,TUR,29833,ZONGULDAK,138235.0,142.27,31.69,31.69,0.45,19.16,16.98,1.7710000000000001,41.45629723,31.83736461,971.6384339635903
6674,ITA29845,ITA,29845,FOGGIA,229778.0,497.46,47.39,47.39,-0.53,17.88,17.06,0.8200000000000003,41.36914272,15.7021406,461.90246451976043
6697,ALB29895,ALB,29895,TIRANE,361496.0,284.85,40.66,40.66,2.4,18.85,18.32,0.5300000000000011,41.36107521,19.79442991,1269.07495172898
6715,PRK29938,PRK,29938,HYESAN,191513.0,47.765,32.13,32.13,2.61,13.780000000000001,13.2,0.5800000000000018,41.42210278,128.2307358,4320.166929844349
6721,TUR29949,TUR,29949,SAMSUN,363200.0,292.87,38.13,38.13,3.86,18.38,16.6,1.7710000000000001,41.28394118,36.33677428,1240.1406767507767
6722,CHN29951,CHN,29951,DENGTA,181104.0,47.765,33.32,33.32,2.17,19.18,18.82,0.35999999999999943,41.42671731,123.3257588,5210.126582278482
6734,CHN29983,CHN,29983,YEBAISHOU,105379.2,83.09,40.48,40.48,2.64,16.54,16.75,-0.21000000000000085,41.39777624,119.6442717,1243.0617402816222
6747,ITA30018,ITA,30018,BARI,1471657.0,2138.968,45.38,45.38,0.7,19.11,17.65,1.4600000000000009,41.0460457,16.79249191,673.5056542810985
6762,ALB30056,ALB,30056,DURRES,123991.0,112.83,40.48,40.48,1.77,17.84,18.77,-0.7299999999999969,41.34259314,19.52128369,1098.9187272888416
6766,USA30069,USA,30069,SALTLAKE,1779904.0,2138.968,43.92,43.92,3.9,16.67,15.13,1.540000000000001,40.68179761,-111.904187,451.4394848239671
6770,CHN30081,CHN,30081,BENXI,860838.0,293.93,32.93,32.93,2.47,19.69,18.43,1.2600000000000016,41.29414885,123.7509853,2928.717721906576
6777,USA30102,USA,30102,YOUNGSTOWN,369544.0,1346.44,31.87,31.87,2.02,13.07,12.2,0.870000000000001,41.16037173,-80.67889974,274.46005763346307
6784,TUR30120,TUR,30120,CORLU,157692.0,471.94,41.91,41.91,0.96,16.46,16.15,0.3100000000000023,41.24546556,27.80810271,334.1356952154935
6786,CHN30122,CHN,30122,LINGYUAN,201030.0,177.49,38.2,38.2,1.41,17.54,17.03,0.509999999999998,41.26522178,119.396549,1132.6271902642402
6796,CHN30142,CHN,30142,ANSHAN,2067882.5999999978,932.76,35.95,35.95,4.17,20.35,19.6,0.75,41.16333622,123.0615981,2417.4525065397315
6817,CHN30198,CHN,30198,AKESU,245602.0,297.27,40.41,40.41,0.35,16.53,15.81,0.7200000000000006,41.18128827,80.26912056,826.1916775994887
6822,TUR30205,TUR,30205,KARABUK,132400.0,195.68,41.02,41.02,4.17,15.54,14.02,1.5199999999999996,41.22270147,32.66350942,676.6148814390842
6824,CHN30210,CHN,30210,PANJIN,753232.0,693.82,33.38,33.38,2.54,21.1,20.48,0.620000000000001,41.1444687,122.0459498,1085.6302787466489
6832,USA30224,USA,30224,CHEYENNE,145209.0,548.38,47.54,47.54,-0.49,11.14,10.97,0.16999999999999993,41.13714976,-104.8051136,264.79630912870635
6843,USA30253,USA,30253,FORTWAYNE,226873.0,1013.4,33.01,33.01,2.57,12.47,11.53,0.9400000000000013,41.09033464,-85.12288517,223.87310045391752
6852,TUR30268,TUR,30268,ISTANBUL,2067882.5999999978,2138.968,39.5,39.5,3.56,18.4,16.86,1.5399999999999991,40.9351002,29.21516903,3555.7876039838848
6872,CHN30318,CHN,30318,LINGHAI,178665.0,92.34,35.66,35.66,1.75,18.13,17.57,0.5599999999999987,41.17606948,121.3788084,1934.8602988953864
6880,CHN30337,CHN,30337,JINZHOU,776628.0,379.75,36.81,36.81,2.51,19.05,18.01,1.0399999999999991,41.10974735,121.1194719,2045.1033574720211
6886,ITA30350,ITA,30350,NAPOLI,2067882.5999999978,2138.968,39.45,39.45,2.51,18.7,17.31,1.3900000000000006,40.89178935,14.50489693,1245.7292392762374
6887,GRC30351,GRC,30351,KAVALA,158908.0,794.53,39.99,39.99,2.5,18.17,17.55,0.620000000000001,41.01053171,24.38421654,200.00251721143317
6910,PRK30406,PRK,30406,MANPO,111566.0,47.765,30.24,30.24,0.96,19.29,18.92,0.36999999999999744,41.11889512,126.2273722,5429.002433090024
6935,TUR30463,TUR,30463,RIZE,115775.0,599.85,29.77,29.77,4.11,16.62,14.54,1.7710000000000001,40.97334654,40.50933321,193.0065849795782
6947,ESP30488,ESP,30488,SALAMANCA,169047.0,445.57,44.33,44.33,-0.11,13.41,12.74,0.6699999999999999,40.95059815,-5.618626015,379.3949323338645
6949,UZB30491,UZB,30491,NAMANGAN,415717.0,587.18,43.04,43.04,-0.94,19.01,18.03,0.9800000000000004,40.99377647,71.65237457,707.9890323239892
6953,TUR30506,TUR,30506,GIRESUN,228300.0,402.59,31.07,31.07,2.39,18.22,16.45,1.7699999999999996,40.9336621,38.12883925,567.0781688566532
6962,UZB30529,UZB,30529,ANGREN,173949.0,257.17,44.68,44.68,1.6,15.97,13.75,1.7710000000000001,41.02344904,70.1098448,676.3969358789905
6965,CHN30532,CHN,30532,JINING,240592.0,144.44,38.74,38.74,2.37,13.62,12.93,0.6899999999999995,41.03072764,113.1161508,1665.68817502077
6979,TUR30555,TUR,30555,TRABZON,289804.0,501.18,31.24,31.24,4.17,16.76,14.13,1.7710000000000001,40.94853079,39.68352496,578.2433457041383
6981,KGZ30556,KGZ,30556,JALALABAD,116122.0,398.93,41.62,41.62,-1.7769999999999997,16.47,16.57,-0.10000000000000142,40.91950823,73.01753789,291.08364876043413
7001,CHN30605,CHN,30605,CHENGDE,409738.0,293.06,35.4,35.4,2.45,17.5,16.73,0.7699999999999996,40.96443217,117.851814,1398.1369002934553
7018,TUR30650,TUR,30650,TEKIRDAG,107200.0,90.55,40.94,40.94,0.39,18.24,17.6,0.639999999999997,40.9666479,27.50065082,1183.8763114301491
7043,TUR30724,TUR,30724,DUZCE,257800.0,861.29,36.22,36.22,4.17,14.12,13.88,0.23999999999999844,40.79519259,31.34530332,299.3184641642188
7048,USA30738,USA,30738,LINCOLN,228029.0,697.19,39.17,39.17,1.98,15.87,14.56,1.3099999999999987,40.8229866,-96.66106663,327.0686613405241
7051,USA30741,USA,30741,PEORIA,247614.0,1329.16,33.66,33.66,1.11,14.24,13.07,1.17,40.69327553,-89.55367776,186.2935989647597
7055,UZB30751,UZB,30751,OLMALIQ,165943.0,282.47,46.95,46.95,-0.68,19.08,17.96,1.1199999999999974,40.86315379,69.61524854,587.4712358834566
7056,JPN30753,JPN,30753,AOMORI,626978.0,1588.38,29.56,29.56,3.43,16.26,16.04,0.22000000000000242,40.70725949,140.5223605,394.7279618227376
7081,USA30809,USA,30809,MANSFIELD,108086.0,756.21,29.9,29.9,1.04,13.67,12.89,0.7799999999999994,40.779293,-82.55037754,142.93119636079925
7084,UZB30816,UZB,30816,ANDIZHAN,411028.0,502.76,43.95,43.95,1.21,18.52,17.93,0.5899999999999999,40.75696337,72.3066041,817.5431617471558
7086,CHN30818,CHN,30818,HUHEHAOTE,1020152.0,683.12,37.95,37.95,3.36,16.19,14.84,1.3500000000000014,40.80067313,111.6900255,1493.3715891790607
7105,CHN30860,CHN,30860,YINGKOU,1541653.0,1014.32,33.09,33.09,1.6,19.4,18.73,0.6699999999999982,40.72664281,122.5421693,1519.888200962221
7113,USA30871,USA,30871,PITTSBURGH,1829790.0,2138.968,32.15,32.15,2.66,13.44,12.58,0.8599999999999994,40.39908543,-79.91858225,399.65446670583583
7115,ITA30876,ITA,30876,SASSARI,154941.0,555.72,41.35,41.35,0.32,18.35,17.77,0.5800000000000018,40.74253145,8.543137399,278.81127186352836
7123,CHN30895,CHN,30895,ZHANGJIAKOU,929138.0,727.74,36.34,36.34,1.2,16.76,15.76,1.0000000000000018,40.70256511,114.9469613,1276.74444169621
7126,ITA30902,ITA,30902,ALTAMURA,105379.2,165.03,50.21,50.21,1.17,16.61,16.58,0.030000000000001137,40.82641048,16.49651505,638.4475549900018
7131,ARM30918,ARM,30918,VANADZOR,172032.0,85.12,30.83,30.83,4.17,10.75,10.299000000000001,1.549999999999999,40.81918987,44.49569704,2021.0526315789473
7138,ESP30936,ESP,30936,MADRID,2067882.5999999978,2138.968,47.08,47.08,2.15,16.73,15.46,1.2699999999999996,40.47398384,-3.669973086,1140.3104674662218
7161,CHN30986,CHN,30986,LINHE,281385.0,159.32,40.96,40.96,2.58,16.7,16.05,0.6499999999999986,40.76983467,107.4213983,1766.1624403715794
7167,AZE30995,AZE,30995,GANJA,300800.0,375.58,43.4,43.4,0.09,17.7,17.11,0.5899999999999999,40.70374375,46.35565948,800.894616326748
7169,CHN31000,CHN,31000,HULUDAO,683137.0,530.55,36.47,36.47,2.15,19.79,20.09,-0.3000000000000007,40.67237987,120.7648275,1287.6015455659224
7184,GRC31034,GRC,31034,THESSALONIKI,969222.0,1032.41,41.95,41.95,0.48,19.53,18.15,1.3800000000000026,40.63653363,22.90810833,938.7956335176915
7196,JPN31055,JPN,31055,HACHINOHE,347820.0,1019.84,30.57,30.57,2.82,17.32,15.85,1.4700000000000006,40.57744432,141.3495344,341.0534985880138
7199,USA31065,USA,31065,ALLENTOWN,344437.0,967.33,35.6,35.6,3.35,13.91,13.54,0.370000000000001,40.6235792,-75.40050624,356.06980037836104
7202,USA31070,USA,31070,REDDING,108171.0,914.22,47.44,47.44,0.85,17.43,17.47,-0.03999999999999915,40.5440075,-122.3327312,118.32053553849182
7218,CHN31103,CHN,31103,KUANDIAN,110702.0,89.8,30.39,30.39,1.98,17.8,18.31,-0.509999999999998,40.72315446,124.7944326,1232.7616926503342
7232,USA31143,USA,31143,FORTCOLLINS,291709.0,1417.0,42.72,42.72,-1.7769999999999997,14.2,13.48,0.7199999999999989,40.478085,-104.9223129,205.863796753705
7236,CHN31147,CHN,31147,BAOTOU,1485134.0,1266.57,42.39,42.39,4.17,17.38,16.1,1.2799999999999976,40.61844677,110.0704556,1172.5636956504577
7254,PRT31184,PRT,31184,COIMBRA,263591.0,742.72,38.77,38.77,1.45,14.71,13.76,0.9500000000000011,40.43316205,-8.507104016,354.8995583800086
7261,ITA31198,ITA,31198,BRINDISI,618344.0,2138.968,45.79,45.79,3.77,19.33,19.86,-0.5300000000000011,40.19723642,18.177952,234.98759210911345
7264,AZE31201,AZE,31201,BAKU,2067882.5999999978,1574.66,43.09,43.09,4.17,20.07,21.78,-0.7299999999999969,40.44259167,49.87336578,1329.937891354324
7293,ITA31266,ITA,31266,TARANTO,445561.0,915.1,46.56,46.56,0.24,18.82,17.93,0.8900000000000006,40.50713686,17.30132316,486.8986995956726
7309,UZB31310,UZB,31310,QUQON,235249.0,975.51,41.89,41.89,-1.7769999999999997,19.99,19.42,0.5699999999999967,40.47847945,70.98512401,241.15488308679562
7310,KGZ31311,KGZ,31311,OSH,255749.0,262.43,41.43,41.43,-1.7769999999999997,17.32,16.89,0.4299999999999997,40.54286667,72.81587997,974.5417825705903
7324,USA31343,USA,31343,BLOOMINGTON,111704.0,446.59,33.57,33.57,2.28,12.82,11.98,0.8399999999999999,40.4998652,-88.97250496,250.12651425244633
7335,TUR31371,TUR,31371,CORUM,161300.0,215.36,44.13,44.13,1.95,12.439999999999998,11.6,0.8399999999999981,40.52962049,34.9442075,748.9784546805349
7372,USA31461,USA,31461,WHEELING,156510.0,1343.56,30.06,30.06,1.31,13.54,12.779999999999998,0.7600000000000016,40.08272047,-80.73953803,116.48902914644675
7375,UZB31471,UZB,31471,FARGONA,369399.0,431.35,43.89,43.89,-0.2,19.5,18.25,1.25,40.43292989,71.76647928,856.3788107105598
7388,CHN31502,CHN,31502,SHACHENG,237856.0,390.19,34.22,34.22,1.65,17.51,16.79,0.7200000000000024,40.43082044,115.3558163,609.5901996463261
7392,TUR31513,TUR,31513,BURSA,1372500.0,874.98,39.11,39.11,4.17,18.16,16.92,1.2399999999999984,40.27895418,29.0649934,1568.6072824521702
7417,USA31563,USA,31563,READING,152122.0,432.51,34.68,34.68,2.13,15.24,13.89,1.3499999999999996,40.35305686,-75.94360516,351.7190353980255
7420,CHN31567,CHN,31567,FENGCHENG,265130.0,85.58,32.18,32.18,1.46,19.65,19.52,0.129999999999999,40.4606016,124.0745103,3098.0369245150737
7446,USA31623,USA,31623,HARRISBURG,278587.0,1339.7,35.89,35.89,3.28,15.43,14.66,0.7699999999999996,40.26244874,-76.82122623,207.94730163469433
7448,CHN31633,CHN,31633,GAIZHOU,167771.0,88.26,34.36,34.36,1.81,18.5,18.77,-0.2699999999999996,40.40949458,122.3593394,1900.8724223883978
7457,TJK31648,TJK,31648,KHUJAND,186000.0,733.24,43.56,43.56,-1.7769999999999997,19.73,19.04,0.6900000000000013,40.23162007,69.56311442,253.668648737112
7486,TUR31749,TUR,31749,TOKAT,113100.0,145.31,41.41,41.41,4.17,13.96,11.77,1.7710000000000001,40.33110939,36.54571266,778.3359713715505
7496,USA31775,USA,31775,COLUMBUS,1119422.0,2138.968,32.74,32.74,3.38,14.45,12.61,1.7710000000000001,40.01590777,-83.00672494,451.29613055642903
7507,JPN31806,JPN,31806,ODATE,141400.0,529.27,30.29,30.29,2.9,16.74,16.8,-0.060000000000002274,40.21635627,140.2925634,267.16042851474674
7523,ARM31840,ARM,31840,YEREVAN,1426697.0,590.55,44.84,44.84,1.41,17.17,15.41,1.7600000000000016,40.16429168,44.50286195,2415.8784184235037
7537,USA31881,USA,31881,INDIANAPOLIS,2067882.5999999978,2138.968,33.24,33.24,3.27,13.6,12.220000000000002,1.3799999999999972,39.8704421,-86.03325916,547.3408361849096
7542,CHN31890,CHN,31890,BEIJING,2067882.5999999978,2138.968,42.02,42.02,4.17,21.75,20.07,1.6799999999999997,39.92553979,116.3351494,2877.6830399050896
7554,CHN31917,CHN,31917,DATONG,1053616.0,1476.06,35.82,35.82,0.42,15.19,14.53,0.6600000000000001,40.06328413,113.1060704,713.8029619392166
7565,USA31937,USA,31937,LANCASTER,179985.0,912.19,35.3,35.3,2.32,14.52,15.12,-0.5999999999999996,40.10683175,-76.30465845,197.3108672535327
7567,UZB31942,UZB,31942,NAWOIY,179323.0,1256.27,44.82,44.82,-1.7769999999999997,16.98,17.79,-0.7299999999999969,40.07296627,65.58483064,142.74240410102925
7568,CHN31943,CHN,31943,ZUNHUA,141807.0,109.53,39.97,39.97,3.74,19.08,18.91,0.16999999999999815,40.1952628,117.9643843,1294.686387291153
7570,USA31945,USA,31945,DENVER,2067882.5999999978,2138.968,45.41,45.41,4.17,13.79,10.84,1.7710000000000001,39.78103692,-105.0186256,482.652930297587
7580,USA31965,USA,31965,CHAMPAIGN,121904.0,590.94,31.56,31.56,0.97,12.45,11.37,1.08,40.11898504,-88.23398364,206.28828645886213
7586,USA31986,USA,31986,CINCINNATI,2067882.5999999978,2138.968,32.42,32.42,3.08,14.58,13.23,1.3499999999999996,39.45759726,-84.32179547,332.76198608286325
7587,UZB31993,UZB,31993,DJIZAK,123514.0,292.33,45.88,45.88,-1.7769999999999997,17.75,17.02,0.7300000000000004,40.13357768,67.85727515,422.5156501214381
7589,PRK31996,PRK,31996,SINUIJU,332796.0,47.765,31.94,31.94,1.13,19.58,18.36,1.2199999999999989,40.09142725,124.4080632,7515.718157181572
7590,CHN31996,CHN,31996,DANDONG,910874.0,436.58,32.04,32.04,2.07,18.17,18.91,-0.7299999999999969,40.01894101,124.2628933,2086.385084062486
7613,CHN32058,CHN,32058,QIANAN,194679.0,389.83,37.99,37.99,2.3,20.06,18.97,1.0899999999999999,40.03721049,118.6211445,499.3946079060103
7617,UZB32069,UZB,32069,BUKHORO,350529.0,2037.35,42.71,42.71,-1.7769999999999997,17.93,17.69,0.23999999999999844,39.9457115,64.4863407,172.05143936976955
7618,CHN32070,CHN,32070,DUNHUANG,135722.0,154.28,41.95,41.95,-1.7769999999999997,16.01,14.78,1.2300000000000022,40.12992006,94.62160217,879.7122115633912
7626,CHN32095,CHN,32095,TANGSHAN,2067882.5999999978,2124.41,37.91,37.91,2.09,20.81,20.09,0.7199999999999989,39.82450728,118.9263992,1420.7525854237178
7631,ESP32105,ESP,32105,VALENCIA,2067882.5999999978,2138.968,40.25,40.25,0.14,19.67,18.01,1.6600000000000001,39.34106578,-0.32398183,524.9695545623052
7632,TUR32106,TUR,32106,ANKARA,2067882.5999999978,1829.85,45.98,45.98,0.22,14.26,13.25,1.0099999999999998,39.95330042,32.84085032,1788.9149383829276
7656,TUR32167,TUR,32167,INEGOL,106000.0,107.07,42.89,42.89,4.17,15.55,15.04,0.5100000000000016,40.08833945,29.48825832,990.0065377790231
7658,USA32178,USA,32178,YORK,125064.0,482.49,35.99,35.99,3.12,15.76,15.05,0.7099999999999991,39.96762104,-76.72660251,259.2053721320649
7671,USA32210,USA,32210,HAGERSTOWN,176633.0,1733.82,34.34,34.34,2.75,14.63,14.17,0.46000000000000085,39.54325802,-77.86531125,101.87505046659976
7682,CHN32237,CHN,32237,JIXIAN,105379.2,164.15,38.53,38.53,1.75,20.08,20.06,0.019999999999999574,40.01336859,117.4220303,624.8614072494669
7702,PRK32281,PRK,32281,SINPO,155994.0,60.77,28.24,28.24,-1.7769999999999997,19.52,20.58,-0.7299999999999969,40.0244915,128.2095133,2566.957380286325
7706,JPN32292,JPN,32292,MORIOKA,721040.0,2101.84,30.23,30.23,2.98,16.19,15.57,0.620000000000001,39.53392779,141.0928847,343.05180223042663
7714,CHN32316,CHN,32316,SANHE,193876.0,74.33,39.15,39.15,1.27,20.66,19.3,1.3599999999999994,39.99306323,117.0734037,2608.3142741826987
7725,TUR32350,TUR,32350,ERZURUM,371909.0,397.75,43.68,43.68,-0.01,10.75,10.299000000000001,0.3000000000000007,39.91833229,41.23017908,935.0320553111251
7735,JPN32381,JPN,32381,AKITA,369825.0,646.04,29.13,29.13,1.99,17.22,16.62,0.5999999999999979,39.79161298,140.1068938,572.4490743607207
7738,USA32387,USA,32387,SPRINGFIELD,146132.0,873.79,33.16,33.16,0.79,13.02,11.69,1.33,39.74231462,-89.62194331,167.2392680163426
7744,CHN32407,CHN,32407,CHENGGUAN,116025.0,471.24,35.72,35.72,1.65,15.08,14.94,0.14000000000000057,39.86243158,114.4276988,246.21212121212122
7751,ESP32426,ESP,32426,PALMA,842555.0,1910.94,41.24,41.24,2.03,18.84,19.0,-0.16000000000000014,39.63755134,2.909271183,440.9112792657017
7756,PRK32432,PRK,32432,HAMHUNG,504829.0,121.77,35.17,35.17,2.41,18.42,18.66,-0.23999999999999844,39.88083991,127.5746868,4145.758396977909
7762,CHN32457,CHN,32457,YUTIAN,187319.0,85.65,40.33,40.33,1.83,20.26,19.62,0.6400000000000006,39.88686635,117.7423604,2187.0286047869236
7766,CHN32470,CHN,32470,FUNING,106903.0,62.59,35.72,35.72,1.44,19.7,19.63,0.07000000000000028,39.8901085,119.2409082,1707.9884965649464
7776,TUR32505,TUR,32505,KIRIKKALE,205100.0,264.48,48.1,48.1,0.19,16.25,15.32,0.9299999999999997,39.81332685,33.50476046,775.4839685420447
7785,CHN32523,CHN,32523,JIAYUGUAN,136465.0,202.48,47.06,47.06,1.69,16.63,14.95,1.6799999999999997,39.81261088,98.27812429,673.9677992888187
7794,CHN32545,CHN,32545,DONGSHENG,217703.0,127.28,39.76,39.76,0.68,16.13,15.2,0.9299999999999997,39.81882931,109.9970738,1710.4258328095536
7795,CHN32546,CHN,32546,CHENGGUAN,123703.0,255.89,37.18,37.18,1.33,15.33,14.62,0.7100000000000009,39.81521238,112.9864158,483.4225643831334
7805,TUR32563,TUR,32563,ESKISEHIR,482800.0,341.83,45.3,45.3,-1.27,12.99,12.28,0.7100000000000009,39.77643778,30.54009809,1412.3979756019075
7822,TUR32607,TUR,32607,ERZINCAN,107200.0,283.2,46.66,46.66,4.17,12.89,10.299000000000001,1.7710000000000001,39.75196961,39.49052154,378.5310734463277
7835,PRT32635,PRT,32635,LEIRIA,109653.0,359.28,39.47,39.47,1.18,14.66,14.57,0.08999999999999986,39.71967557,-8.833570198,305.2020708082833
7849,CHN32671,CHN,32671,WUHAI,712012.0,1424.66,47.65,47.65,0.91,17.68,16.41,1.2699999999999996,39.46606179,106.8407787,499.7767888478654
7854,UZB32691,UZB,32691,SAMARQAND,423152.0,803.65,42.67,42.67,0.04,16.47,15.75,0.7199999999999989,39.67253222,66.93901263,526.5376718720836
7855,CHN32692,CHN,32692,JIUQUAN,168129.0,132.74,39.45,39.45,-1.31,16.0,14.72,1.2799999999999994,39.72352446,98.50726477,1266.6038872984782
7857,CHN32694,CHN,32694,ZHUANGHE,195093.0,165.27,32.54,32.54,1.88,18.69,18.69,0.0,39.71183445,122.9627357,1180.4501724450897
7862,GRC32706,GRC,32706,LARISA,158903.0,400.57,43.45,43.45,-1.51,17.5,17.47,0.030000000000001137,39.66065539,22.41858362,396.69221359562624
7900,USA32800,USA,32800,RENO,404313.0,2083.85,50.8,50.8,4.17,11.96,11.75,0.21000000000000085,39.3205957,-119.7802805,194.02212251361664
7904,TUR32809,TUR,32809,BALIKESIR,215400.0,259.24,41.05,41.05,-1.24,16.94,16.26,0.6799999999999997,39.62585952,27.92686243,830.8902947076068
7908,CHN32823,CHN,32823,WAFANGDIAN,371972.0,134.23,34.28,34.28,2.34,17.4,18.34,-0.7299999999999969,39.63622702,122.0090389,2771.1539894211433
7947,JPN32920,JPN,32920,YOKOTE,134600.0,893.53,30.64,30.64,3.21,18.06,16.64,1.4199999999999982,39.36300047,140.5261134,150.63847884234443
7950,USA32927,USA,32927,BALTIMORE,2067882.5999999978,2138.968,34.49,34.49,2.86,15.24,14.67,0.5700000000000003,39.00089824,-76.95533291,674.2514480957612
7964,CHN32952,CHN,32952,LANGFANG,375860.0,184.8,41.26,41.26,2.17,21.05,20.03,1.0199999999999996,39.51727888,116.7284087,2033.8744588744587
7980,TKM33012,TKM,33012,NEBITDAG,108951.0,132.47,49.27,49.27,-1.19,21.91,21.15,0.7600000000000016,39.51961961,54.37215749,822.4579149996225
7981,CHN33013,CHN,33013,SHUOZHOU,250700.0,504.11,38.65,38.65,2.66,15.42,14.51,0.9100000000000001,39.4202296,112.4071265,497.3120945825316
7986,USA33022,USA,33022,ATLANTIC,205069.0,1492.71,32.63,32.63,1.42,17.2,15.73,1.4699999999999989,39.26676984,-74.64831767,137.38033509522947
7988,CHN33026,CHN,33026,KESHI,189266.0,198.87,44.31,44.31,2.14,18.53,17.01,1.5199999999999996,39.46246689,76.00990698,951.7071453713481
8000,CHN33050,CHN,33050,ZHUOZHOU,188532.0,123.27,39.28,39.28,2.02,20.83,20.48,0.34999999999999787,39.47927158,115.98059,1529.423217327817
8001,CHN33051,CHN,33051,BENCHENG,106926.0,71.55,39.85,39.85,1.78,20.88,20.22,0.6600000000000001,39.50966437,118.678846,1494.4234800838576
8004,ITA33063,ITA,33063,COSENZA,164611.0,440.29,39.32,39.32,4.17,16.95,15.69,1.2599999999999998,39.33714863,16.27092619,373.86949510549863
8020,ITA33091,ITA,33091,CAGLIARI,377026.0,992.42,43.9,43.9,2.0,19.48,19.06,0.4200000000000017,39.26974844,9.054478369,379.905685093005
8026,TUR33103,TUR,33103,KUTAHYA,166700.0,152.52,42.74,42.74,1.41,12.76,12.5,0.2599999999999998,39.43732094,30.00604275,1092.9714135851036
8053,CHN33181,CHN,33181,GUAN,105379.2,47.765,40.47,40.47,1.39,21.62,20.38,1.240000000000002,39.43852283,116.3003354,3265.315739868049
8067,GRC33218,GRC,33218,VOLOS,135049.0,341.03,38.58,38.58,1.35,19.42,19.01,0.41000000000000014,39.36432994,22.93079528,396.00328416854825
8069,CHN33223,CHN,33223,PULANDIAN,266331.0,115.16,34.73,34.73,1.73,20.35,19.84,0.5100000000000016,39.38455972,121.9349267,2312.70406391108
8070,PRK33224,PRK,33224,SUNCHON,263044.0,47.765,33.09,33.09,1.42,20.42,18.0,1.7710000000000001,39.41532873,125.9979044,9914.964191481342
8084,USA33251,USA,33251,KANSAS,1580131.0,2138.968,37.52,37.52,0.53,18.53,17.78,0.75,39.02928493,-94.59686418,381.7765149593248
8120,CHN33332,CHN,33332,GAOBEIDIAN,246659.0,103.63,38.5,38.5,1.09,21.49,20.77,0.7199999999999989,39.31635383,115.8521244,2380.1891344205346
8121,CHN33333,CHN,33333,YONGQING,150758.0,101.63,39.22,39.22,0.87,20.7,20.37,0.3299999999999983,39.32241406,116.559547,1483.4005706976286
8140,TKM33404,TKM,33404,TURKMENABAT,213462.0,1091.05,44.49,44.49,-1.7769999999999997,18.82,19.05,-0.23000000000000043,39.11327573,63.47650687,195.6482287704505
8159,CHN33451,CHN,33451,TIANJIN,2067882.5999999978,2097.79,40.58,40.58,4.17,22.43,22.04,0.39000000000000057,39.03931114,117.3281191,3220.2474985580066
8181,PRK33511,PRK,33511,PYONGSONG,257278.0,47.765,34.21,34.21,2.62,17.67,18.89,-0.7299999999999969,39.24002087,125.869942,10181.163434903046
8212,CHN33598,CHN,33598,DALIAN,2067882.5999999978,1227.77,33.83,33.83,2.08,20.23,20.3,-0.07000000000000028,38.952482,121.5100258,2339.2394340959627
8213,PRK33599,PRK,33599,WONSAN,312029.0,47.765,33.71,33.71,0.88,20.53,20.33,0.20000000000000284,39.15858377,127.4352914,9381.509320505113
8225,USA33634,USA,33634,TOPEKA,124856.0,710.92,38.85,38.85,-0.23,18.32,17.77,0.5500000000000007,39.03974361,-95.6941174,175.62594947392114
8235,UZB33655,UZB,33655,SAHRISABZ,113220.0,440.78,44.13,44.13,-1.7769999999999997,17.96,18.02,-0.05999999999999872,39.04756024,66.83390901,256.8628340668815
8244,USA33672,USA,33672,COLORADOSPRINGS,487892.0,1568.69,41.51,41.51,2.33,11.03,10.299000000000001,1.629999999999999,38.8834362,-104.7771106,311.0187481274184
8254,PRK33686,PRK,33686,PYONGYANG,2067882.5999999978,417.02,33.83,33.83,1.58,19.64,20.2,-0.5599999999999987,39.0302082,125.7444616,5646.681214330249
8256,CHN33696,CHN,33696,BAZHOU,220081.0,73.95,38.65,38.65,1.19,20.24,19.88,0.35999999999999943,39.11012485,116.3979236,2976.078431372549
8259,ESP33702,ESP,33702,ALBACETE,146925.0,385.08,47.59,47.59,0.44,16.26,16.31,-0.04999999999999716,38.98830467,-1.851358009,381.54409473356185
8282,PRT33762,PRT,33762,LISBOA,2067882.5999999978,1991.97,42.21,42.21,1.72,16.05,15.94,0.11000000000000121,38.76676574,-9.128229592,1331.6154359754414
8289,USA33781,USA,33781,SANJOSE,2067882.5999999978,2138.968,42.65,42.65,1.94,13.56,13.23,0.33000000000000007,38.04851284,-121.9603913,697.0944431257747
8297,USA33802,USA,33802,ST.LOUIS,1890577.0,2138.968,34.47,34.47,2.45,15.08,13.66,1.42,38.63335257,-90.40306662,337.24832274625436
8313,CHN33828,CHN,33828,ANSU,117158.0,74.05,41.92,41.92,0.76,19.46,19.3,0.16000000000000014,39.02198751,115.6618133,1582.1471978392979
8318,JPN33838,JPN,33838,SAKATA,201900.0,747.8,29.23,29.23,4.17,14.14,13.15,0.9900000000000002,38.81268499,139.8799406,269.9919764642953
8339,CHN33884,CHN,33884,MANCHENG,105379.2,99.48,38.1,38.1,0.46,21.51,21.16,0.3500000000000014,38.96221326,115.3336299,1044.3204664254122
8344,CHN33892,CHN,33892,ZHANGYE,232830.0,155.58,37.43,37.43,-1.4,15.18,14.47,0.7099999999999991,38.95102547,100.4773319,1496.5291168530657
8345,CHN33893,CHN,33893,XIONGZHOU,122998.0,65.41,38.17,38.17,1.38,20.74,21.01,-0.2700000000000031,38.98000469,116.1215876,1880.4158385567957
8348,UZB33908,UZB,33908,QARSHI,179553.0,488.13,45.57,45.57,-0.83,18.12,17.19,0.9299999999999997,38.85310185,65.778233,367.83848564931475
8351,ITA33915,ITA,33915,CATANZARO,105554.0,466.0,40.44,40.44,4.17,19.38,17.49,1.7710000000000001,38.81181504,16.56038143,226.5107296137339
8369,ESP33947,ESP,33947,BADAJOZ,147567.0,545.94,43.85,43.85,-1.7769999999999997,17.33,17.4,-0.07000000000000028,38.88782656,-6.814932182,270.29893394878553
8386,CHN33996,CHN,33996,BAODING,1021767.0,370.46,42.45,42.45,2.24,22.01,20.61,1.4000000000000021,38.85026809,115.4779365,2758.1034389677698
8420,TUR34109,TUR,34109,AFYON,128500.0,263.06,46.97,46.97,0.11,13.61,13.05,0.5599999999999987,38.77913423,30.52612664,488.4817151980537
8421,TUR34110,TUR,34110,KAYSERI,591000.0,598.17,48.23,48.23,2.18,12.95,10.900000000000002,1.7710000000000001,38.72770292,35.49464811,988.0134409950349
8438,USA34146,USA,34146,HUNTINGTON,320476.0,2138.968,29.46,29.46,1.23,15.67,15.04,0.6300000000000008,38.43674009,-82.174799,109.86154009646599
8453,USA34180,USA,34180,HARRISONBURG,139011.0,1818.18,31.3,31.3,2.84,13.17,13.69,-0.5199999999999996,38.23842858,-78.95851948,76.45612645612646
8466,CHN34201,CHN,34201,YUANPING,151810.0,93.11,36.05,36.05,0.83,15.5,15.28,0.22000000000000064,38.72913553,112.7129677,1630.4371173880356
8467,CHN34202,CHN,34202,RENHOU,166434.0,47.765,39.2,39.2,0.7,20.77,19.08,1.6900000000000013,38.75107184,114.9732025,4438.24
8473,CHN34218,CHN,34218,RENQIU,285132.0,209.12,38.8,38.8,1.69,20.43,19.87,0.5599999999999987,38.68280687,116.0992415,1363.4850803366487
8474,PRK34219,PRK,34219,SONGNIM,135391.0,47.765,33.57,33.57,1.4,20.78,21.47,-0.6899999999999977,38.74411549,125.6274486,4705.97844977407
8479,PRK34236,PRK,34236,NAMPO,620123.0,47.765,34.73,34.73,2.8,20.48,20.26,0.21999999999999886,38.7363344,125.4014168,27647.03522068658
8496,TUR34269,TUR,34269,ELAZIG,266500.0,285.62,51.06699999999999,51.06699999999999,0.99,16.56,17.16,-0.6000000000000014,38.65678609,39.2370102,933.0579091100063
8502,TUR34280,TUR,34280,USAK,137000.0,146.15,45.03,45.03,-0.54,15.06,15.65,-0.5899999999999999,38.66921133,29.41294917,937.3930892918235
8526,TJK34342,TJK,34342,DUSHANBE,691962.0,1281.83,44.22,44.22,-1.7769999999999997,18.28,17.97,0.3100000000000023,38.53943184,68.64023392,539.8235335418893
8531,TUR34351,TUR,34351,MANISA,214300.0,151.59,41.54,41.54,1.04,19.63,18.74,0.8900000000000006,38.62978947,27.41105394,1413.681641269213
8532,JPN34353,JPN,34353,SENDAI,1635746.0,1671.44,32.39,32.39,2.03,19.26,18.12,1.1400000000000006,38.29151231,140.8837161,978.6447614033408
8545,TUR34383,TUR,34383,IZMIR,2067882.5999999978,1273.5,42.97,42.97,2.39,21.8,20.69,1.1099999999999994,38.39569552,27.14235062,1867.687475461327
8546,CHN34385,CHN,34385,DABAICHI,148887.0,149.02,39.54,39.54,-0.06,20.52,19.99,0.5300000000000011,38.57656693,115.6960832,999.1075023486779
8558,USA34413,USA,34413,LOUISVILLE,680036.0,2138.968,33.3,33.3,3.63,15.5,14.33,1.17,38.24318107,-85.64934277,266.17244713038235
8563,IRN34421,IRN,34421,KHOY,158528.0,280.68,41.04,41.04,-1.7769999999999997,16.17,17.0,-0.7299999999999969,38.55126451,44.94209636,564.7997719823286
8570,GRC34442,GRC,34442,ATHINAI,2067882.5999999978,2138.968,42.34,42.34,3.67,21.67,20.06,1.610000000000003,38.06206569,23.64661737,1294.7032767637954
8572,KOR34447,KOR,34447,KANGNUNG,390934.0,1062.97,31.33,31.33,2.1,21.0,19.73,1.2699999999999996,37.87747572,128.7765716,367.77519591333714
8578,TUR34461,TUR,34461,VAN,284500.0,209.95,43.46,43.46,2.62,15.85,16.05,-0.20000000000000107,38.49537711,43.36308944,1355.0845439390332
8580,CHN34468,CHN,34468,YINCHUAN,578362.0,500.8,42.91,42.91,4.17,18.33,17.54,0.7899999999999991,38.47413696,106.2143789,1154.876198083067
8587,ESP34490,ESP,34490,MURCIA,1981370.0,2138.968,43.94,43.94,-0.11,19.36,18.41,0.9499999999999993,38.0664415,-0.899038335,584.9390814540152
8590,CHN34497,CHN,34497,JINCHANG,182639.0,167.98,48.11,48.11,1.51,16.32,14.52,1.7710000000000001,38.50776091,102.1948551,1087.266341231099
8599,CHN34511,CHN,34511,DINGZHOU,273301.0,86.65,39.21,39.21,-0.53,20.66,18.68,1.7710000000000001,38.52497277,114.9797368,3154.079630698211
8607,JPN34548,JPN,34548,YAMAGATA,494769.0,763.96,32.08,32.08,4.17,17.96,16.41,1.5500000000000007,38.31485002,140.345268,647.6373108539714
8608,JPN34549,JPN,34549,ISHINOMAKI,151300.0,221.95,31.37,31.37,2.73,17.28,16.27,1.0100000000000016,38.44827182,141.3040097,681.6850642036495
8611,CHN34564,CHN,34564,XINZHOU,206779.0,186.31,34.75,34.75,0.67,16.19,15.03,1.160000000000002,38.43397719,112.7350518,1109.8652782996082
8612,PRK34565,PRK,34565,SARIWON,271976.0,47.765,33.78,33.78,2.14,18.35,19.9,-0.7299999999999969,38.50955496,125.7621907,14459.117490696439
8617,ITA34576,ITA,34576,PALMI,105379.2,465.3,37.45,37.45,2.6,18.09,16.64,1.4499999999999993,38.3985956,15.99264401,219.20911240060175
8636,IRN34628,IRN,34628,MARAND,117513.0,154.02,44.19,44.19,-1.7769999999999997,17.65,16.09,1.5599999999999987,38.43746512,45.78778188,762.9723412543825
8640,CHN34642,CHN,34642,HEJIAN,128408.0,78.01,39.27,39.27,2.43,20.64,19.91,0.7300000000000004,38.44019915,116.098122,1646.04537879759
8651,USA34671,USA,34671,PUEBLO,119020.0,653.52,51.06699999999999,51.06699999999999,-0.88,13.34,11.96,1.379999999999999,38.28436692,-104.6057593,182.1214346921288
8655,CHN34678,CHN,34678,ANGUO,121948.0,47.765,38.13,38.13,0.35,20.05,19.74,0.3100000000000023,38.42220403,115.328373,2832.706155632985
8659,TUR34692,TUR,34692,MALATYA,381100.0,360.25,49.25,49.25,2.03,16.78,16.43,0.3500000000000014,38.34991591,38.30789647,1057.8764746703678
8663,GRC34700,GRC,34700,PATRAI,215041.0,556.82,41.12,41.12,2.42,20.65,19.52,1.129999999999999,38.20611967,21.6549267,386.1948205883409
8672,TUR34720,TUR,34720,AKSARAY,129900.0,131.94,48.16,48.16,-0.39,16.31,14.74,1.5699999999999985,38.37400979,34.01533963,984.5384265575261
8683,CHN34738,CHN,34738,CANGZHOU,509186.0,247.9,40.41,40.41,2.38,21.37,20.72,0.6500000000000021,38.32050515,116.8707765,2053.9975796692215
8705,CHN34796,CHN,34796,XINLE,184491.0,92.96,42.84,42.84,-0.32,22.08,21.04,1.0399999999999991,38.31928968,114.6972106,1984.6277969018934
8711,IRN34805,IRN,34805,ARDEBIL,365861.0,328.34,37.24,37.24,-1.7769999999999997,10.83,10.33,0.5,38.26000458,48.29075937,1114.2748370591462
8726,KOR34840,KOR,34840,SEOUL,2067882.5999999978,2138.968,32.5,32.5,1.99,22.16,20.82,1.3399999999999999,37.59717729,127.0117666,3291.2785430710614
8730,CHN34849,CHN,34849,YULIN,190664.0,135.48,41.83,41.83,0.7,16.3,15.9,0.40000000000000036,38.27912135,109.7588399,1407.322113965161
8732,CHN34851,CHN,34851,FENGHUADIAN,105883.0,197.03,39.01,39.01,0.5,20.29,20.48,-0.19000000000000128,38.20084194,117.0080086,537.3953205095671
8738,USA34864,USA,34864,STOCKTON,1004102.0,2138.968,45.36,45.36,-0.5,15.34,14.7,0.6400000000000006,37.72158727,-121.0212049,334.3373534092952
8739,USA34866,USA,34866,LEXINGTONFAYETTE,341049.0,1418.03,32.25,32.25,2.66,12.68,12.779999999999998,-0.09999999999999787,38.07760399,-84.59103461,240.50901602928008
8740,IRN34869,IRN,34869,TABRIZ,1279534.0,1218.32,49.65,49.65,-1.06,16.89,15.5,1.3900000000000006,38.05632605,46.23648726,1050.2445991200998
8744,ITA34882,ITA,34882,CATANIA,1391015.0,2138.968,41.25,41.25,1.58,19.26,17.16,1.7710000000000001,37.9006111,15.19222888,583.7120496842282
8756,JPN34908,JPN,34908,NIIGATA,1452451.0,2138.968,32.12,32.12,3.67,17.58,16.55,1.0299999999999976,37.75343945,139.0874217,578.9863709384878
8760,USA34912,USA,34912,EVANSVILLE,174306.0,1145.78,32.71,32.71,1.49,15.32,14.67,0.6500000000000004,37.99376537,-87.49796853,152.12868089860183
8765,CHN34922,CHN,34922,PINGSHAN,119559.0,73.88,38.33,38.33,-1.1,21.31,21.03,0.2799999999999976,38.23541652,114.2034797,1618.2864103952356
8777,TKM34947,TKM,34947,ASHGABAT,634754.0,1286.34,51.06699999999999,51.06699999999999,-1.52,20.85,19.6,1.25,38.01647813,58.23686689,493.45740628449715
8787,JPN34962,JPN,34962,YONEZAWA,210100.0,724.66,31.01,31.01,2.95,14.189999999999998,14.72,-0.5300000000000029,37.99937349,140.1171864,289.9290701846383
8790,ITA34965,ITA,34965,PALERMO,1124705.0,1722.81,42.88,42.88,-0.25,19.5,18.4,1.1000000000000014,37.95078872,13.2040893,652.8317109837998
8803,ESP35000,ESP,35000,LINARES,131752.0,760.9,48.81,48.81,0.03,20.65,20.47,0.17999999999999972,38.05651315,-3.600715142,173.15284531475885
8808,CHN35020,CHN,35020,SHIJIAZHUANG,2067882.5999999978,1116.23,41.63,41.63,1.49,22.16,20.38,1.7710000000000001,38.05564554,114.417081,2353.576771812261
8809,CHN35021,CHN,35021,WUJI,195838.0,76.29,43.42,43.42,0.12,20.09,21.17,-0.7299999999999969,38.15589543,114.9569561,2567.0205793682003
8844,ITA35122,ITA,35122,MARSALA,248163.0,788.88,45.04,45.04,1.44,19.86,19.53,0.3299999999999983,37.88348275,12.59357461,314.5763614237907
8848,CHN35128,CHN,35128,YANGQUAN,611219.0,1006.96,36.69,36.69,3.59,18.38,17.06,1.3200000000000003,37.88946683,113.5641638,606.9943195360293
8863,CHN35162,CHN,35162,POTOU,165892.0,94.63,40.28,40.28,1.92,21.37,20.64,0.7300000000000004,38.07104276,116.5807619,1753.0592835253092
8878,CHN35216,CHN,35216,WUZHONG,323647.0,655.34,39.11,39.11,-1.7769999999999997,17.74,17.41,0.3299999999999983,37.94966284,106.0954099,493.86120181890317
8880,CHN35222,CHN,35222,GAOCHENG,191420.0,70.34,43.11,43.11,1.06,21.69,20.23,1.4600000000000009,38.02845346,114.855598,2721.3534262155245
8881,CHN35223,CHN,35223,JINZHOU,144252.0,58.84,41.91,41.91,1.47,21.35,20.82,0.5300000000000011,38.02796281,115.0376803,2451.597552685248
8884,PRK35226,PRK,35226,HAEJU,234872.0,47.765,33.86,33.86,3.52,18.69,19.92,-0.7299999999999969,38.04252666,125.7097879,15523.595505617977
8891,TUR35237,TUR,35237,KONYA,742700.0,538.64,48.89,48.89,0.29,16.15,14.2,1.7710000000000001,37.90015535,32.51448304,1378.8430120302985
8893,CHN35241,CHN,35241,TAIYUAN,2067882.5999999978,1660.45,39.36,39.36,4.17,18.8,17.44,1.3599999999999994,37.72690478,112.4727407,2058.375741515854
8903,ESP35260,ESP,35260,CORDOBA,307475.0,454.3,46.27,46.27,-0.03,20.31,19.89,0.41999999999999815,37.88858413,-4.804273588,676.8104776579353
8910,CHN35280,CHN,35280,GUJIAO,121069.0,520.21,36.54,36.54,2.61,16.03,14.91,1.120000000000001,37.91899159,112.0842983,232.73101247573095
8912,TUR35291,TUR,35291,DIYARBAKIR,546000.0,275.66,51.06699999999999,51.06699999999999,-0.49,20.93,20.27,0.6600000000000001,37.92599403,40.22049647,1980.7008633824275
8914,TUR35295,TUR,35295,NIGDE,107900.0,305.47,46.73,46.73,-0.61,15.22,12.85,1.7710000000000001,37.92360063,34.63024807,353.22617605656853
8920,CHN35308,CHN,35308,XINJI,172870.0,113.09,42.97,42.97,2.76,20.8,20.44,0.35999999999999943,37.9352836,115.2193248,1528.6055354142718
8926,PRK35323,PRK,35323,KAESONG,145285.0,47.765,33.84,33.84,2.97,23.22,22.3,0.9199999999999982,37.975396,126.5648138,13514.883720930233
8936,CHN35356,CHN,35356,WUWEI,273047.0,125.3,43.28,43.28,0.99,14.39,13.96,0.4299999999999997,37.9254861,102.6474881,2179.146049481245
8947,TUR35383,TUR,35383,NAZILLI,105700.0,188.37,43.53,43.53,1.37,21.62,20.77,0.8500000000000014,37.89454271,28.26674743,561.1296915644741
8950,KOR35388,KOR,35388,CHUNCHEON,197470.0,186.35,31.76,31.76,2.61,21.27,20.02,1.25,37.88391501,127.7443921,1059.672658975047
8952,TUR35407,TUR,35407,BATMAN,246700.0,229.13,51.06699999999999,51.06699999999999,-0.1,19.36,19.31,0.05000000000000071,37.86100398,41.13901929,1076.6813599266793
8963,ESP35438,ESP,35438,JAEN,170065.0,468.98,47.0,47.0,0.28,20.01,19.39,0.620000000000001,37.7739955,-3.793657533,362.62740415369524
8967,CHN35448,CHN,35448,DONGGUANG,105379.2,61.67,43.13,43.13,1.64,20.78,19.86,0.9200000000000017,37.88297428,116.5341903,1629.9821631263173
8968,JPN35450,JPN,35450,KORIYAMA,889065.0,1223.87,33.32,33.32,3.47,18.47,17.14,1.3299999999999983,37.51384081,140.4117955,726.4374484218096
8978,USA35467,USA,35467,WICHITA,433536.0,1853.94,41.28,41.28,-0.09,17.67,17.21,0.46000000000000085,37.6917131,-97.23358372,233.84575552606879
8983,TUR35478,TUR,35478,AYDIN,161676.0,233.24,43.18,43.18,1.2,20.89,20.73,0.16000000000000014,37.8484874,27.83543247,693.1744126221917
8988,USA35487,USA,35487,RICHMOND,505812.0,2138.968,33.2,33.2,2.59,17.5,16.48,1.0199999999999996,37.47129026,-77.45232158,191.94590122875857
9006,TUR35532,TUR,35532,DENIZLI,275500.0,307.39,45.65,45.65,3.81,20.42,18.49,1.7710000000000001,37.78696326,29.12867951,896.2555710986044
9013,CHN35554,CHN,35554,PENGLAI,189753.0,66.62,35.55,35.55,3.0,22.19,21.71,0.4800000000000004,37.7981671,120.7760158,2848.2888021615126
9019,TUR35563,TUR,35563,ISPARTA,148500.0,169.66,44.39,44.39,1.93,15.68,15.56,0.11999999999999922,37.77709461,30.56525839,875.2799717081222
9020,TKM35565,TKM,35565,MARY,181621.0,1810.13,48.61,48.61,-1.7769999999999997,18.22,17.77,0.4499999999999993,37.63214624,61.88399387,100.33588747769497
9027,ESP35596,ESP,35596,LORCA,112054.0,430.92,46.23,46.23,1.3,18.14,17.77,0.370000000000001,37.66560149,-1.662165134,260.0343451220644
9029,TUR35598,TUR,35598,ADIYAMAN,178500.0,158.83,51.06699999999999,51.06699999999999,1.69,21.98,20.9,1.0800000000000018,37.76514303,38.27527578,1123.8431026884089
9031,CHN35601,CHN,35601,QINGYUN,105408.0,65.83,40.32,40.32,-0.62,21.44,21.23,0.21000000000000085,37.77846458,117.3877466,1601.2152514051345
9033,IRN35608,IRN,35608,ORUMIYEH,509468.0,803.43,42.47,42.47,-1.57,16.5,17.78,-0.7299999999999969,37.59222936,45.1039267,634.1162266781176
9039,TUR35623,TUR,35623,SIVEREK,126800.0,94.36,51.06699999999999,51.06699999999999,1.08,20.73,19.54,1.1900000000000013,37.75347538,39.32927743,1343.7897414158542
9046,CHN35637,CHN,35637,HENGSHUI,248471.0,186.04,41.44,41.44,1.55,19.86,18.68,1.1799999999999997,37.74193434,115.6636439,1335.5783702429585
9052,CHN35650,CHN,35650,ZHAOZHOU,188407.0,48.2,42.11,42.11,0.25,19.77,19.84,-0.07000000000000028,37.7534382,114.773522,3908.8589211618255
9054,JPN35652,JPN,35652,AIZUWAKAMATSU,175039.0,763.85,30.6,30.6,3.49,14.45,14.16,0.28999999999999915,37.57294648,139.9412689,229.15362963932708
9055,CHN35660,CHN,35660,LELING,233927.0,85.57,42.98,42.98,0.8,20.23,20.21,0.019999999999999574,37.72797384,117.2151342,2733.7501460792337
9057,CHN35671,CHN,35671,LONGKOU,287024.0,407.34,35.78,35.78,2.58,21.53,20.84,0.6900000000000013,37.65450053,120.4742172,704.6300387882359
9078,JPN35736,JPN,35736,IWAKI,1274403.0,1612.62,31.44,31.44,1.86,19.42,18.82,0.6000000000000014,36.86876364,140.737671,790.2686311716338
9086,CHN35756,CHN,35756,LISHI,306622.0,899.25,36.8,36.8,1.54,17.94,17.43,0.5100000000000016,37.4936553,111.0442373,340.9752571587434
9101,ESP35802,ESP,35802,SEVILLA,1213324.0,1602.1,47.68,47.68,-0.05,19.65,18.96,0.6899999999999977,37.40813494,-5.972482733,757.3334997815368
9114,CHN35835,CHN,35835,FENGHUANG,117786.0,51.69,42.69,42.69,0.46,24.35,22.7,1.6500000000000021,37.6218197,114.9268519,2278.699941961695
9121,TUR35851,TUR,35851,KAHRAMANMARAS,326200.0,223.91,46.26,46.26,-0.74,21.42,20.34,1.0800000000000018,37.56913533,36.93685798,1456.835335625921
9130,CHN35865,CHN,35865,DONGYING,712920.0,776.29,37.77,37.77,1.75,22.87,22.07,0.8000000000000007,37.46178876,118.5388879,918.3681356194206
9131,CHN35866,CHN,35866,YANTAI,1261476.0,570.23,36.11,36.11,2.25,22.26,21.81,0.45000000000000284,37.46096762,121.4031591,2212.2231380320222
9154,CHN35926,CHN,35926,JIZHOU,105379.2,57.24,38.71,38.71,0.82,20.14,20.38,-0.23999999999999844,37.54605724,115.5830364,1814.0810621942696
9158,CHN35939,CHN,35939,WEIHAI,461662.0,295.24,35.06,35.06,0.99,22.25,21.94,0.3099999999999987,37.44322178,122.1155593,1563.683782685273
9162,ITA35952,ITA,35952,AGRIGENTO,206977.0,880.12,45.52,45.52,-0.56,18.31,17.79,0.5199999999999996,37.35442391,13.69706985,235.16906785438348
9167,CHN35965,CHN,35965,CHENGGUAN,154059.0,190.69,37.03,37.03,-1.7769999999999997,16.81,16.72,0.08999999999999986,37.51553624,105.1839144,807.902879018302
9170,IRN35976,IRN,35976,BOJNURD,155938.0,272.52,49.24,49.24,0.88,16.65,15.48,1.1699999999999982,37.48839092,57.38057314,572.207544400411
9171,CHN35978,CHN,35978,DEZHOU,435588.0,246.07,43.23,43.23,0.39,20.27,19.09,1.1799999999999997,37.45269454,116.314289,1770.1792172958915
9193,IRN36041,IRN,36041,BANDAREANZLI,105379.2,69.2,37.11,37.11,4.17,18.84,20.48,-0.7299999999999969,37.45922708,49.47444906,1470.1445086705203
9196,KOR36048,KOR,36048,WONJU,209606.0,230.6,32.57,32.57,3.3,20.94,19.44,1.5,37.38393136,127.9572598,908.9592367736341
9202,CHN36060,CHN,36060,CHENGZHEN,202401.0,139.77,35.79,35.79,1.11,19.23,18.67,0.5599999999999987,37.43315395,112.5587902,1448.100450740502
9203,CHN36061,CHN,36061,BINZHOU,395757.0,268.66,38.1,38.1,0.26,22.06,21.34,0.7199999999999989,37.39728877,118.0164035,1473.0774957194967
9207,CHN36079,CHN,36079,ZHAOYUAN,226734.0,229.84,34.54,34.54,-0.01,20.89,20.87,0.019999999999999574,37.41033027,120.444907,986.4862513052558
9226,USA36134,USA,36134,ROANOKE,177593.0,842.12,31.33,31.33,2.76,16.33,15.33,0.9999999999999982,37.30394047,-79.95846974,210.8879969600532
9227,IRN36139,IRN,36139,RASHT,2061272.0,2138.968,35.72,35.72,4.08,19.17,18.91,0.26000000000000156,36.86251169,51.8810684,321.9957666502644
9231,USA36147,USA,36147,VIRGINIABEACH,1391259.0,2138.968,33.21,33.21,3.02,19.68,18.39,1.2899999999999991,36.96331907,-76.36856899,377.81516301956884
9239,PRT36162,PRT,36162,FARO,305875.0,1556.27,42.31,42.31,-0.64,18.37,18.07,0.3000000000000007,37.12515323,-8.125491112,196.54365887667308
9240,ESP36162,ESP,36162,HUELVA,259813.0,920.99,44.48,44.48,-1.7769999999999997,18.75,18.61,0.14000000000000057,37.27128821,-7.004927758,282.10186864135335
9241,IRN36165,IRN,36165,MARAGHEH,214293.0,363.77,49.05,49.05,-1.7769999999999997,19.0,18.11,0.8900000000000006,37.35641796,46.16338228,589.0892596970614
9257,IRN36206,IRN,36206,GONBAD,157579.0,692.52,45.74,45.74,4.17,19.78,18.67,1.1099999999999994,37.2319048,55.29292821,227.54433084965055
9262,CHN36223,CHN,36223,NANGONG,126690.0,79.17,41.03,41.03,1.67,19.34,19.63,-0.28999999999999915,37.36117513,115.4017834,1600.2273588480484
9284,TUR36280,TUR,36280,CIZRE,143874.0,87.1,51.06699999999999,51.06699999999999,-0.27,25.09,23.64,1.4499999999999993,37.33235641,42.19352256,1651.825487944891
9285,CHN36283,CHN,36283,LINGCHENG,150728.0,65.54,46.46,46.46,0.95,20.97,20.7,0.2699999999999996,37.33921737,116.5683042,2299.7863899908452
9293,CHN36301,CHN,36301,JIEXIU,702198.0,1872.8,34.48,34.48,2.02,18.97,17.82,1.1499999999999986,37.10852343,111.826626,374.9455360956856
9301,TUN36312,TUN,36312,BIZERTE,184286.0,291.43,40.56,40.56,-1.68,20.36,20.23,0.129999999999999,37.22433879,9.991782266,632.350821809697
9307,CHN36327,CHN,36327,QIXIA,178088.0,60.87,36.49,36.49,0.89,20.59,19.86,0.7300000000000004,37.30723161,120.8343177,2925.710530639067
9309,USA36332,USA,36332,SPRINGFIELD,190738.0,1271.5,36.55,36.55,1.51,18.15,17.89,0.259999999999998,37.15406895,-93.2634631,150.01022414471097
9312,CHN36340,CHN,36340,WENDENG,297483.0,177.74,36.28,36.28,1.35,22.48,22.37,0.10999999999999943,37.23308507,122.0649876,1673.6975357263418
9314,ITA36345,ITA,36345,SIRACUSA,307507.0,709.64,44.59,44.59,0.34,19.87,18.98,0.8900000000000006,37.11037983,15.13195608,433.32816639422805
9315,CHN36348,CHN,36348,JINDIAN,142936.0,70.37,43.81,43.81,0.2,20.01,20.32,-0.3099999999999987,37.27771447,114.5052867,2031.2064800341052
9336,ESP36394,ESP,36394,GRANADA,366568.0,717.08,44.36,44.36,1.06,17.67,16.4,1.2700000000000031,37.16534876,-3.640584574,511.19540358119036
9338,JPN36396,JPN,36396,NAGANO,974894.0,2138.968,33.36,33.36,4.12,15.57,14.32,1.25,36.69048575,138.3121736,387.7397287515412
9350,TUR36424,TUR,36424,VIRANSEHIR,121400.0,82.03,51.06699999999999,51.06699999999999,0.02,21.61,21.0,0.6099999999999994,37.23789785,39.77096338,1479.946361087407
9355,TUR36441,TUR,36441,KIZILTEPE,113100.0,134.73,51.06699999999999,51.06699999999999,1.48,22.51,21.82,0.6900000000000013,37.20047657,40.5729394,839.456691160098
9359,CHN36449,CHN,36449,LAIZHOU,366564.0,155.97,38.76,38.76,0.85,22.82,22.51,0.3099999999999987,37.18424699,119.9328466,2350.22119638392
9360,KOR36450,KOR,36450,CHECHON,114696.0,198.42,31.85,31.85,2.05,19.51,19.25,0.26000000000000156,37.1689191,128.2529475,578.0465678863018
9365,TUR36459,TUR,36459,KARAMAN,105400.0,158.0,45.95,45.95,-1.33,13.01,12.98,0.02999999999999936,37.19280729,33.24734053,667.0886075949367
9367,USA36463,USA,36463,JOPLIN,105379.2,1061.05,39.28,39.28,0.04,20.46,20.04,0.4200000000000017,37.06583914,-94.55733955,97.71452806182556
9369,CHN36467,CHN,36467,JULU,114693.0,47.765,41.61,41.61,0.38,22.3,20.61,1.6900000000000013,37.21969164,115.0411658,4933.032258064516
9372,TUR36476,TUR,36476,SANLIURFA,385600.0,210.08,51.06699999999999,51.06699999999999,-1.02,23.36,21.91,1.4499999999999993,37.15940751,38.8128449,1835.4912414318353
9388,TUR36520,TUR,36520,GAZIANTEP,853500.0,369.16,51.06699999999999,51.06699999999999,-1.62,20.45,20.03,0.41999999999999815,37.09319297,37.36273882,2312.005634413262
9390,CHN36522,CHN,36522,TIANZHEN,130898.0,69.1,38.83,38.83,0.1,20.28,20.82,-0.5399999999999991,37.16802705,117.8341878,1894.3270622286543
9391,CHN36525,CHN,36525,RONGCHENG,323226.0,142.41,35.73,35.73,2.42,22.48,21.84,0.6400000000000006,37.16327272,122.4482,2269.6861175479253
9396,IRN36539,IRN,36539,MYANDOAB,108773.0,498.89,44.73,44.73,-1.7769999999999997,17.39,17.66,-0.2699999999999996,37.04901218,46.09237822,218.0300266591834
9397,CHN36541,CHN,36541,HETIAN,105379.2,139.65,39.8,39.8,-0.5,15.82,15.4,0.41999999999999993,37.13219091,79.91571708,728.6072323666308
9411,CHN36577,CHN,36577,WUCHENG,152631.0,47.765,43.8,43.8,3.22,21.87,20.81,1.0600000000000023,37.15032907,115.8890048,10134.860557768923
9421,USA36600,USA,36600,SALINAS,514146.0,1800.54,33.1,33.1,-1.58,10.84,11.66,-0.7299999999999969,36.77532755,-121.7887914,285.5510013662568
9430,TUR36621,TUR,36621,OSMANIYE,174000.0,197.97,42.69,42.69,2.7,21.92,21.07,0.8500000000000014,37.07909149,36.22353645,878.9210486437339
9432,SYR36623,SYR,36623,ALQAMISHLI,170408.0,128.62,51.06699999999999,51.06699999999999,-0.74,24.55,23.35,1.1999999999999993,37.042898,41.22974934,1324.895039651687
9441,CHN36655,CHN,36655,XINGTAI,726813.0,236.4,44.22,44.22,0.17,21.93,21.15,0.7800000000000011,37.05720072,114.4854831,3074.505076142132
9442,CHN36656,CHN,36656,LIANZHUANG,155145.0,100.02,42.28,42.28,0.8,18.72,18.25,0.46999999999999886,37.07692616,115.6853757,1551.139772045591
9443,JPN36657,JPN,36657,KANAZAWA,2067882.5999999978,2138.968,34.06,34.06,4.17,19.78,18.35,1.4299999999999997,36.51864789,136.7523093,589.0497684951172
9457,TUR36692,TUR,36692,ADANA,2067882.5999999978,1942.69,43.13,43.13,1.52,23.39,22.16,1.2300000000000004,36.84095863,34.86201342,1088.630198333239
9468,TUR36726,TUR,36726,CEYHAN,117708.0,150.12,41.09,41.09,-1.7769999999999997,22.14,22.02,0.120000000000001,37.02778231,35.80773568,784.0927258193445
9475,ITA36756,ITA,36756,RAGUSA,299922.0,1072.44,46.18,46.18,0.77,18.82,18.56,0.26000000000000156,36.87750585,14.682881,279.66319794114355
9484,KOR36775,KOR,36775,CHUNGJU,162262.0,144.02,33.24,33.24,2.11,20.93,20.12,0.8099999999999987,36.98941496,127.9342321,1126.6629634772949
9488,TUR36786,TUR,36786,ANTALYA,603200.0,525.55,47.3,47.3,2.66,22.3,21.81,0.490000000000002,36.92991118,30.72095179,1147.7499762153934
9491,JPN36805,JPN,36805,KUROISO,250800.0,411.52,32.6,32.6,0.71,18.55,18.44,0.10999999999999943,36.85802821,139.9983247,609.447900466563
9497,CHN36820,CHN,36820,LAIYANG,330269.0,154.37,36.97,36.97,0.26,22.41,21.3,1.1099999999999994,36.96331059,120.7190435,2139.4636263522702
9509,ESP36847,ESP,36847,ALMERIA,331116.0,1049.6,42.79,42.79,-1.2,20.29,18.65,1.6400000000000006,36.82791129,-2.623123044,315.46875
9512,CHN36856,CHN,36856,SUOZHEN,120896.0,68.61,38.98,38.98,-0.03,20.11,20.13,-0.019999999999999574,36.96124505,118.1039052,1762.0754991983677
9519,DZA36879,DZA,36879,SKIKDA,227632.0,625.39,41.74,41.74,-1.7769999999999997,18.59,18.1,0.48999999999999844,36.81371209,6.923768993,363.9840739378628
9520,CHN36883,CHN,36883,XIAJIN,143206.0,80.28,38.29,38.29,-0.13,22.32,20.07,1.7710000000000001,36.95257217,116.007788,1783.8315894369705
9523,DZA36888,DZA,36888,ANNABA,447293.0,629.05,43.3,43.3,-0.08,19.13,18.83,0.3000000000000007,36.7921412,7.760825034,711.0611239170178
9524,CHN36893,CHN,36893,YUCHENG,195849.0,84.42,39.94,39.94,0.21,22.92,22.26,0.6600000000000001,36.93640498,116.6449407,2319.9360341151387
9527,TUN36897,TUN,36897,TUNIS,1907948.0,1897.08,46.01,46.01,-1.77,19.96,19.26,0.6999999999999993,36.70390758,10.33610012,1005.7288042676113
9528,CHN36899,CHN,36899,HANDAN,2067882.5999999978,2138.968,41.9,41.9,1.56,22.4,21.71,0.6899999999999977,36.52188317,114.2660658,1249.9539630640547
9532,CHN36909,CHN,36909,RUSHAN,208784.0,96.11,36.23,36.23,1.67,21.87,21.48,0.39000000000000057,36.91598368,121.5323105,2172.3441889501614
9534,USA36919,USA,36919,FRESNO,619341.0,1495.23,51.06699999999999,51.06699999999999,0.66,18.21,17.33,0.8800000000000026,36.7139316,-119.6610144,414.2111915892538
9553,KOR36971,KOR,36971,CHONAN,430279.0,404.26,33.95,33.95,2.07,21.3,20.1,1.1999999999999993,36.80200103,127.062064,1064.3620442289616
9560,CHN36983,CHN,36983,ZOUPING,161447.0,54.26,40.42,40.42,-0.04,21.49,21.01,0.4799999999999969,36.88508585,117.7440287,2975.4330998894216
9561,CHN36984,CHN,36984,SHOUGUANG,415466.0,89.3,40.08,40.08,1.32,23.61,22.61,1.0,36.87282819,118.7415263,4652.474804031355
9566,IRN36994,IRN,36994,MAHABAD,119283.0,180.88,47.62,47.62,-1.7769999999999997,17.84,17.17,0.6699999999999982,36.80428511,45.75229479,659.4593100398054
9569,CHN36997,CHN,36997,ZIBO,1929403.0,1060.14,41.21,41.21,2.67,20.63,19.7,0.9299999999999997,36.70247679,118.0661192,1819.9511385288733
9570,CHN36998,CHN,36998,LAIXI,235264.0,114.74,39.94,39.94,0.62,22.03,21.19,0.8399999999999999,36.85404588,120.526011,2050.40962175353
9578,TUR37013,TUR,37013,ISKENDERUN,279788.0,433.51,37.41,37.41,0.27,20.91,20.4,0.5100000000000016,36.68657801,36.22079103,645.4014901617034
9580,CHN37016,CHN,37016,GAOTANG,131015.0,68.01,40.61,40.61,1.58,18.79,19.13,-0.33999999999999986,36.86333346,116.2415284,1926.4078811939419
9581,CHN37018,CHN,37018,CHANGYI,164802.0,113.37,36.7,36.7,-0.02,23.95,22.5,1.4499999999999993,36.85202048,119.4109725,1453.6649907382905
9591,CHN37034,CHN,37034,LINQING,305575.0,118.87,38.61,38.61,0.81,17.86,18.84,-0.7299999999999969,36.84495779,115.7065154,2570.665432825776
9601,DZA37063,DZA,37063,JIJEL,212515.0,203.4,37.96,37.96,1.32,19.72,18.21,1.509999999999998,36.79075295,5.858437726,1044.8131760078663
9610,DZA37078,DZA,37078,ALGER,2067882.5999999978,2138.968,40.55,40.55,1.17,18.87,17.87,1.0,36.64159195,3.083343259,1685.1810869868427
9612,TUR37083,TUR,37083,SIDE,162401.0,198.04,46.89,46.89,3.16,22.69,22.72,-0.029999999999997584,36.78872279,31.45465036,820.0414057766109
9621,ESP37106,ESP,37106,JEREZDELAFRONTERA,695493.0,1056.62,42.39,42.39,-0.85,18.92,18.67,0.25,36.58002045,-6.178686426,658.224337983381
9624,USA37116,USA,37116,JOHNSON,233635.0,2084.15,30.88,30.88,2.75,14.54,14.91,-0.370000000000001,36.51100902,-82.31477369,112.100856464266
9628,CHN37121,CHN,37121,YANCHENG,125293.0,54.32,39.88,39.88,0.12,23.1,22.46,0.6400000000000006,36.7991154,116.7605899,2306.5721649484535
9629,CHN37123,CHN,37123,PINGDU,345937.0,107.28,39.75,39.75,2.06,22.77,22.71,0.05999999999999872,36.78045688,119.9602978,3224.617822520507
9636,ESP37136,ESP,37136,MALAGA,1358092.0,2087.3,40.21,40.21,0.74,19.2,18.65,0.5500000000000007,36.57218358,-4.619194052,650.6453312892253
9637,CHN37143,CHN,37143,JINAN,2067882.5999999978,774.88,41.63,41.63,2.77,22.46,21.31,1.1500000000000021,36.66801595,116.9986792,3557.003665083626
9638,CHN37144,CHN,37144,HAIYANG,180227.0,90.09,35.77,35.77,0.78,21.64,21.58,0.060000000000002274,36.77612379,121.1820172,2000.5217005217005
9639,JPN37145,JPN,37145,MATSUMOTO,1158386.0,2138.968,34.94,34.94,4.17,16.9,15.01,1.7710000000000001,35.99018824,138.138346,378.74069811542836
9645,CHN37156,CHN,37156,WEIFANG,1348491.0,648.65,38.05,38.05,0.12,23.26,22.59,0.6700000000000017,36.69064327,119.099855,2078.9192939181376
9648,DZA37163,DZA,37163,BEJAIA,162283.0,106.63,35.99,35.99,0.2,19.2,17.95,1.25,36.73538247,5.037425694,1521.9262871612118
9670,CHN37202,CHN,37202,DONGWAN,105379.2,546.26,48.09,48.09,0.82,15.42,14.28,1.1400000000000006,36.68676809,104.8751003,192.52370665983233
9674,DZA37209,DZA,37209,TIZWAZ,265220.0,324.21,42.59,42.59,1.76,18.34,17.63,0.7100000000000009,36.70960856,4.101859687,818.0500293019957
9678,AFG37217,AFG,37217,MAZARESARIF,223089.0,333.23,51.06699999999999,51.06699999999999,-1.46,23.48,22.22,1.2600000000000016,36.69235707,67.06310983,669.474537106503
9679,AFG37218,AFG,37218,QUNDUZ,106561.0,77.76,43.74,43.74,-1.7769999999999997,20.5,20.29,0.21000000000000085,36.73163382,68.87539546,1370.3832304526748
9680,CHN37219,CHN,37219,HUOZHOU,535175.0,1198.64,36.58,36.58,2.01,20.39,19.29,1.1000000000000014,36.47256877,111.6434214,446.48518320763526
9681,CHN37221,CHN,37221,ZHANGQIU,326880.0,170.73,42.6,42.6,1.19,20.59,20.15,0.4400000000000013,36.70184027,117.5142692,1914.6020031628889
9695,IRN37244,IRN,37244,ZANJAN,314964.0,386.32,51.06699999999999,51.06699999999999,0.89,15.84,14.06,1.7710000000000001,36.67873752,48.48674776,815.2930213294678
9699,CHN37254,CHN,37254,XINING,854466.0,402.39,37.85,37.85,2.88,10.75,10.299000000000001,0.40999999999999837,36.63311951,101.7693523,2123.4772235890555
9700,CHN37255,CHN,37255,QINGZHOU,280492.0,128.05,39.97,39.97,1.47,21.13,20.73,0.3999999999999986,36.69723703,118.4890572,2190.4880905896134
9701,KOR37256,KOR,37256,CHONGJU,621472.0,302.49,34.22,34.22,2.69,20.71,19.74,0.9700000000000024,36.63251363,127.4325916,2054.520810605309
9705,USA37270,USA,37270,CLARKSVILLE,126326.0,688.1,32.64,32.64,1.54,16.38,15.5,0.879999999999999,36.58172442,-87.35132304,183.58668798139806
9712,CHN37292,CHN,37292,YANAN,197793.0,240.49,34.24,34.24,1.53,17.31,17.11,0.1999999999999993,36.62822909,109.5377265,822.4583142750218
9723,IRN37317,IRN,37317,MASHHAD,2033460.0,1837.16,50.68,50.68,-0.59,17.39,16.41,0.9800000000000004,36.3623045,59.5457395,1106.8497028021511
9734,CHN37344,CHN,37344,BAIYIN,342860.0,256.54,47.57,47.57,-1.21,13.93,13.34,0.5899999999999999,36.56804864,104.1947922,1336.4777422624152
9740,JPN37372,JPN,37372,TOKYO,2067882.5999999978,2138.968,37.69,37.69,4.17,21.81,20.38,1.4299999999999997,34.97267125,136.3894213,1802.1202454719325
9760,SYR37420,SYR,37420,HASAKEH,141215.0,248.4,51.06699999999999,51.06699999999999,-0.29,23.67,23.08,0.5900000000000034,36.5242398,40.73471408,568.4983896940419
9765,KOR37437,KOR,37437,ANDONG,126290.0,104.37,32.11,32.11,1.44,20.52,20.34,0.17999999999999972,36.56696976,128.7344411,1210.0220369838075
9771,IRN37447,IRN,37447,BUKAN,132806.0,146.97,51.06,51.06,-0.72,16.73,16.79,-0.05999999999999872,36.52378222,46.21370403,903.6265904606382
9794,CHN37493,CHN,37493,CHANGZHI,799073.0,988.85,34.6,34.6,2.05,18.03,17.39,0.6400000000000006,36.32793431,113.0973957,808.0831268645396
9796,CHN37495,CHN,37495,LINQU,162426.0,87.64,40.47,40.47,1.45,21.98,21.08,0.9000000000000021,36.51479666,118.5476581,1853.3318119580101
9798,USA37504,USA,37504,NASHVILLEDAVIDSON,1469115.0,2138.968,33.2,33.2,2.13,18.03,17.27,0.7600000000000016,36.15017583,-86.63694118,442.72988358531904
9803,DZA37510,DZA,37510,GUELMA,180756.0,276.2,50.13,50.13,1.62,18.12,17.57,0.5500000000000007,36.46914122,7.404596787,654.438812454743
9813,IRQ37538,IRQ,37538,ALMAWSIL,953031.0,721.95,51.06699999999999,51.06699999999999,-1.49,24.61,23.67,0.9399999999999977,36.3823464,43.14547676,1320.078952836069
9816,KOR37545,KOR,37545,TAEJON,1396302.0,577.54,33.06,33.06,1.92,22.29,20.62,1.6699999999999982,36.3659577,127.4079087,2417.6715032725006
9820,IRN37561,IRN,37561,SHAHRUD,116044.0,297.8,48.55,48.55,-1.7769999999999997,15.98,15.68,0.3000000000000007,36.41688868,54.98971381,389.670920080591
9822,CHN37564,CHN,37564,LIAOCHENG,475546.0,210.61,39.7,39.7,1.2,22.6,21.56,1.0400000000000027,36.46621676,115.9875157,2257.945966478325
9823,USA37566,USA,37566,FAYETTEVILLE,204193.0,1130.5,38.09,38.09,2.21,19.14,19.45,-0.3099999999999987,36.21163909,-94.1803951,180.6218487394958
9829,CHN37574,CHN,37574,GUANCHENG,110522.0,57.99,40.43,40.43,2.35,21.98,20.92,1.0599999999999987,36.48247078,115.4499871,1905.8803241938265
9845,CHN37618,CHN,37618,ANQIU,333849.0,93.26,38.04,38.04,1.11,23.13,22.14,0.9899999999999984,36.43721104,119.2060055,3579.766244906712
9846,KOR37619,KOR,37619,POHANG,472594.0,487.36,36.03,36.03,4.17,21.32,20.73,0.5899999999999999,36.09778893,129.3546456,969.702068286277
9852,DZA37631,DZA,37631,CONSTANTINE,620948.0,512.6,50.85,50.85,-0.81,16.54,15.6,0.9399999999999995,36.32480487,6.638370246,1211.3694888802183
9858,CHN37643,CHN,37643,GEERMU,114330.0,282.7,48.8,48.8,0.83,10.75,10.299000000000001,1.4299999999999997,36.3881135,94.94019781,404.42164839052
9870,USA37665,USA,37665,LASVEGAS,1329337.0,2138.968,51.06699999999999,51.06699999999999,2.06,22.65,20.74,1.7710000000000001,36.13591139,-115.0875648,533.388303741599
9880,CHN37679,CHN,37679,QINGDAO,2067882.5999999978,1254.71,38.0,38.0,3.26,22.96,22.69,0.2699999999999996,36.23628191,120.3167049,2749.8433901060803
9891,CHN37699,CHN,37699,GAOMI,298610.0,134.11,38.0,38.0,2.55,23.3,22.96,0.33999999999999986,36.37743329,119.7700488,2226.605025725151
9895,USA37707,USA,37707,KNOXVILLE,370224.0,2138.968,32.23,32.23,3.15,17.12,16.69,0.4299999999999997,35.95366901,-84.03047279,114.09024933667384
9900,IRQ37714,IRQ,37714,TALLAFAR,144659.0,101.62,51.06699999999999,51.06699999999999,-1.7769999999999997,26.261,25.23,1.7710000000000001,36.37909765,42.45563141,1423.528832906908
9901,CHN37716,CHN,37716,CIZHOU,124082.0,62.92,41.29,41.29,0.59,23.51,22.91,0.6000000000000014,36.36932941,114.3687155,1972.0597584233947
9902,USA37717,USA,37717,VISALIA,160332.0,640.95,47.95,47.95,-0.16,17.82,17.22,0.6000000000000014,36.28001702,-119.286135,250.1474373976129
9904,USA37720,USA,37720,TULSA,602371.0,2138.968,40.18,40.18,1.22,20.29,19.94,0.34999999999999787,36.14147973,-95.90286844,253.4484789834645
9912,SYR37739,SYR,37739,ALEPPO,1910277.0,895.18,50.96,50.96,-0.34,22.87,21.79,1.0800000000000018,36.20214715,37.15575123,2133.9585334793005
9919,TUR37758,TUR,37758,HATAY,191285.0,229.28,40.86,40.86,0.9,24.03,22.66,1.370000000000001,36.22143898,36.16432986,834.2855896720167
9929,CHN37777,CHN,37777,TONGCHENG,108602.0,58.8,38.65,38.65,0.87,21.08,20.91,0.16999999999999815,36.3334171,116.2507236,1846.9727891156463
9945,DZA37812,DZA,37812,KHEMISMILIANA,180737.0,316.33,50.02,50.02,1.6,19.83,19.16,0.6699999999999982,36.27641287,2.111854199,571.3558625486044
9948,IRN37817,IRN,37817,ABHAR,169702.0,373.45,48.18,48.18,-0.87,14.17,13.599999999999998,0.5700000000000021,36.20365939,49.20375607,454.4169232829027
9949,IRN37818,IRN,37818,TEHRAN,2067882.5999999978,2138.968,50.87,50.87,-0.18,19.91,17.8,1.7710000000000001,35.73597909,51.12652334,1651.139700525409
9955,DZA37833,DZA,37833,SOUKAHRAS,121134.0,134.98,49.88,49.88,0.98,17.27,16.52,0.75,36.27740025,7.957364863,897.4218402726331
9956,IRN37834,IRN,37834,NEYSHABUR,180697.0,437.71,51.06699999999999,51.06699999999999,0.64,17.43,16.82,0.6099999999999994,36.2332794,58.76610371,412.8235589774051
9963,CHN37850,CHN,37850,FEICHENG,558458.0,417.72,36.96,36.96,0.58,20.7,20.52,0.17999999999999972,36.22787253,116.6148471,1336.9194675859426
9967,USA37854,USA,37854,GREENSBORO,706237.0,2138.968,33.27,33.27,2.4,18.36,17.2,1.1600000000000001,36.06761198,-79.93741183,271.8606969770459
9969,DZA37856,DZA,37856,MEDEA,143006.0,128.07,45.82,45.82,1.52,17.33,17.37,-0.0400000000000027,36.2710257,2.757672868,1116.6237214023581
9970,IRN37858,IRN,37858,SABZEVAR,202361.0,281.24,51.06699999999999,51.06699999999999,-0.5,20.89,19.68,1.2100000000000009,36.21765153,57.69526942,719.5313611150618
9984,IRN37888,IRN,37888,SAQQEZ,130514.0,138.5,51.06699999999999,51.06699999999999,0.95,17.25,16.66,0.5899999999999999,36.2441194,46.28465764,942.3393501805054
9995,IRQ37913,IRQ,37913,IRBIL,697271.0,316.01,51.06699999999999,51.06699999999999,-1.27,25.67,23.3,1.7710000000000001,36.18590947,44.04759665,2206.4839720262016
9996,CHN37916,CHN,37916,LAIWU,486737.0,351.51,38.26,38.26,2.29,21.46,20.51,0.9499999999999993,36.14943247,117.741302,1384.7031378908139
9999,KOR37929,KOR,37929,TAEGU,2067882.5999999978,1451.37,35.84,35.84,3.35,21.42,20.62,0.8000000000000007,35.93213351,128.5694499,2090.7818130456053
10005,DZA37939,DZA,37939,CHLEF,276015.0,347.34,51.06699999999999,51.06699999999999,-0.42,21.32,20.8,0.5199999999999996,36.15361348,1.279857526,794.6536534807394
10010,DZA37954,DZA,37954,SETIF,244873.0,233.56,51.06699999999999,51.06699999999999,-0.37,15.81,15.36,0.45000000000000107,36.17907467,5.424684807,1048.4372324028086
10013,CHN37963,CHN,37963,LANZHOU,1939886.0,897.61,42.0,42.0,0.79,14.98,12.33,1.7710000000000001,36.09681824,103.6732386,2161.16799055269
10014,CHN37964,CHN,37964,TAIAN,937761.0,204.44,37.28,37.28,2.07,21.07,20.72,0.3500000000000014,36.18641653,117.1120923,4586.974173351595
10021,KOR37977,KOR,37977,CHONJU,1148063.0,1051.47,33.55,33.55,2.02,21.95,21.35,0.5999999999999979,35.9657463,126.98771,1091.864722721523
10031,CHN38001,CHN,38001,NANMA,113101.0,63.06,37.68,37.68,3.55,21.3,20.6,0.6999999999999993,36.1837075,118.165784,1793.545829368855
10038,DZA38020,DZA,38020,ELEULMA,110816.0,112.32,51.06699999999999,51.06699999999999,0.26,15.56,15.27,0.2900000000000009,36.15115101,5.696545447,986.6096866096867
10042,USA38030,USA,38030,RALEIGH,743178.0,2138.968,33.85,33.85,2.56,19.98,19.47,0.5100000000000016,35.86969577,-78.7304162,285.17301980767905
10044,CHN38036,CHN,38036,LINZHOU,251367.0,183.83,40.36,40.36,4.17,20.99,20.5,0.48999999999999844,36.10697866,113.8408217,1367.3883479301528
10053,CHN38052,CHN,38052,LINFEN,598596.0,862.94,36.81,36.81,2.31,21.95,20.34,1.6099999999999994,35.98234023,111.3988068,693.6704753517046
10088,USA38136,USA,38136,ROCKYMOUNT,112177.0,856.13,33.35,33.35,1.45,19.57,19.61,-0.03999999999999915,35.90610621,-77.86245685,131.02799808440307
10106,CHN38165,CHN,38165,ZHUCHENG,379142.0,169.46,39.28,39.28,1.81,23.88,22.83,1.0500000000000007,36.01668714,119.4155614,2237.3539478342973
10128,SYR38242,SYR,38242,ALRAKKA,195102.0,782.7,49.87,49.87,-1.7769999999999997,23.43,22.67,0.759999999999998,35.87663625,39.23197234,249.26791874281332
10134,CHN38260,CHN,38260,DAYUCHEN,178265.0,107.56,37.29,37.29,0.4,23.01,22.45,0.5600000000000023,35.95347047,115.8759293,1657.3540349572331
10136,CHN38268,CHN,38268,HAOBI,446484.0,170.35,37.46,37.46,1.12,23.25,22.96,0.28999999999999915,35.92439302,114.1671476,2620.9803346052245
10144,CHN38279,CHN,38279,XINTAI,471084.0,338.84,37.4,37.4,1.99,21.86,20.74,1.120000000000001,35.89765501,117.6955628,1390.284500059025
10149,DZA38294,DZA,38294,MOSTAGANEM,149532.0,300.93,47.31,47.31,-0.66,19.56,19.3,0.259999999999998,35.86573518,0.158992912,496.8996112052637
10153,TUN38298,TUN,38298,SOUSSE,618072.0,1000.24,47.84,47.84,-1.7769999999999997,22.26,21.68,0.5800000000000018,35.71624992,10.71222599,617.923698312405
10167,USA38322,USA,38322,HICKORY,151246.0,1017.36,32.93,32.93,2.3,18.43,18.11,0.3200000000000003,35.76544883,-81.4519436,148.66517260360146
10168,CHN38329,CHN,38329,DONGPING,136768.0,63.96,37.63,37.63,0.6,21.79,21.95,-0.16000000000000014,35.92958564,116.462851,2138.33646028768
10179,DZA38350,DZA,38350,ORAN,1001492.0,1190.83,43.52,43.52,-1.17,19.41,19.01,0.3999999999999986,35.72893848,-0.488376208,841.003333809192
10187,MAR38365,MAR,38365,TETOUAN,369766.0,397.64,38.66,38.66,0.89,18.74,18.01,0.7299999999999969,35.64408314,-5.358840876,929.9014183683735
10189,CHN38368,CHN,38368,PUYANG,1404958.0,905.29,37.23,37.23,0.81,23.33,22.84,0.48999999999999844,35.74133657,115.1975927,1551.9424714732297
10190,USA38376,USA,38376,OKLAHOMA,954169.0,2138.968,40.91,40.91,1.02,21.93,21.39,0.5399999999999991,35.4692886,-97.52517582,314.0862827197556
10198,CHN38386,CHN,38386,JIAONAN,252217.0,105.83,36.97,36.97,3.49,23.12,22.25,0.870000000000001,35.87951743,119.9944062,2383.2278181989986
10204,KOR38403,KOR,38403,ULSAN,1070962.0,668.58,36.77,36.77,3.52,22.08,21.28,0.7999999999999972,35.65002632,129.3101061,1601.8457028328696
10222,CHN38438,CHN,38438,JINCHENG,920659.0,1501.29,36.08,36.08,3.3,18.51,18.63,-0.11999999999999744,35.58636304,112.7655499,613.2452757295392
10229,USA38460,USA,38460,CHARLOTTE,1525060.0,2138.968,32.4,32.4,1.99,19.85,19.14,0.7100000000000009,35.06514359,-81.54773105,203.46395427644396
10246,CHN38493,CHN,38493,HOUMA,459473.0,633.75,36.43,36.43,2.0,21.91,20.73,1.1799999999999997,35.68962679,111.535075,725.0067061143984
10247,CHN38494,CHN,38494,LIANGSHAN,205259.0,85.65,37.23,37.23,0.57,21.44,21.2,0.240000000000002,35.80381786,116.0950779,2396.485697606538
10248,CHN38495,CHN,38495,YISHUI,209187.0,135.11,38.51,38.51,3.69,22.38,21.85,0.5299999999999976,35.7954743,118.6192765,1548.2717785508103
10256,MAR38515,MAR,38515,TANGER,599424.0,236.36,38.74,38.74,-0.88,20.03,19.04,0.990000000000002,35.75251607,-5.821239876,2536.063631748181
10259,CHN38522,CHN,38522,HANCHENG,245524.0,722.81,37.78,37.78,3.06,21.26,20.6,0.6600000000000001,35.63918992,110.6182545,339.6798605442648
10262,IRN38531,IRN,38531,SEMNAN,106171.0,640.81,51.06699999999999,51.06699999999999,1.02,20.95,18.23,1.7710000000000001,35.61158499,53.37436433,165.682495591517
10266,CHN38542,CHN,38542,NINGYANG,158457.0,50.86,37.56,37.56,0.62,21.44,21.46,-0.019999999999999574,35.76705245,116.8023274,3115.5524970507277
10267,CHN38543,CHN,38543,HONGNING,114789.0,73.86,37.44,37.44,2.29,22.36,21.94,0.41999999999999815,35.75811115,119.2070628,1554.1429731925264
10272,DZA38561,DZA,38561,RELIZANE,133451.0,142.88,51.06699999999999,51.06699999999999,-0.45,20.96,20.3,0.6600000000000001,35.73762482,0.536150673,934.0075587905935
10282,DZA38583,DZA,38583,MSILA,108058.0,168.73,51.06699999999999,51.06699999999999,-0.29,23.67,22.47,1.2000000000000028,35.70790453,4.535840062,640.4196052865525
10287,USA38592,USA,38592,ASHEVILLE,148147.0,1390.09,29.88,29.88,3.02,16.67,15.77,0.9000000000000021,35.51531278,-82.61196764,106.57367508578582
10290,CHN38599,CHN,38599,WENSHANG,115830.0,56.46,37.46,37.46,0.6,22.43,21.36,1.0700000000000003,35.72455699,116.4918109,2051.5409139213602
10297,CHN38612,CHN,38612,MENGYIN,125055.0,70.42,38.38,38.38,3.58,21.58,21.08,0.5,35.71027061,117.9381473,1775.8449304174949
10299,TUN38618,TUN,38618,KAIROUAN,115483.0,221.14,51.06699999999999,51.06699999999999,-0.06,19.88,19.71,0.16999999999999815,35.66343259,10.08457409,522.216695306141
10310,CHN38637,CHN,38637,CHENGGUAN,117135.0,157.69,38.5,38.5,3.18,21.99,20.87,1.1199999999999974,35.64712057,111.0062565,742.8181875832329
10314,SYR38646,SYR,38646,LATAKIA,415895.0,784.34,38.56,38.56,1.55,21.57,20.37,1.1999999999999993,35.44678112,35.94355804,530.2483616798837
10325,CHN38671,CHN,38671,SISHUI,123384.0,50.93,36.67,36.67,1.51,21.95,21.3,0.6499999999999986,35.6557503,117.2825793,2422.6192813665816
10342,JPN38724,JPN,38724,MATSUE,501816.0,891.63,34.14,34.14,2.25,20.54,20.45,0.08999999999999986,35.42885934,133.1151744,562.8074425490394
10355,IRQ38756,IRQ,38756,ASSULAYMANIYAH,522408.0,355.48,51.06699999999999,51.06699999999999,-1.06,23.18,22.38,0.8000000000000007,35.57476403,45.35058695,1469.584786767188
10356,CHN38757,CHN,38757,YUNCHENG,133856.0,68.42,35.62,35.62,-0.06,22.0,21.21,0.7899999999999991,35.59845768,115.9442054,1956.3870213387897
10357,CHN38758,CHN,38758,QUFU,247660.0,103.33,37.24,37.24,0.56,21.93,21.49,0.4400000000000013,35.59604879,116.9953152,2396.7869931288105
10358,CHN38760,CHN,38760,CHENGYANG,117853.0,102.65,39.32,39.32,3.41,21.68,22.01,-0.33000000000000185,35.58641201,118.8353915,1148.1052118850462
10362,DZA38767,DZA,38767,BATNA,281168.0,231.25,49.58,49.58,1.54,16.5,15.84,0.6600000000000001,35.5454824,6.206954199,1215.8616216216217
10369,CHN38787,CHN,38787,ZOUCHENG,833642.0,475.63,37.21,37.21,0.56,22.28,21.65,0.6300000000000026,35.45024212,116.8874888,1752.7111410129723
10372,CHN38799,CHN,38799,XIAOHE,117179.0,85.21,40.98,40.98,2.61,24.51,23.7,0.8100000000000023,35.57109384,114.5305198,1375.1789696045066
10373,JPN38800,JPN,38800,TOTTORI,150439.0,251.06,35.01,35.01,3.66,21.62,21.07,0.5500000000000007,35.48276206,134.2389397,599.2153270134629
10381,CHN38824,CHN,38824,PINGLIANG,156904.0,128.54,34.25,34.25,1.67,16.38,15.47,0.9099999999999984,35.54788232,106.6845896,1220.662828691458
10382,CHN38826,CHN,38826,JUANCHENG,113239.0,48.19,37.62,37.62,1.2,22.72,22.2,0.5199999999999996,35.56536348,115.5134533,2349.844366051048
10383,CHN38827,CHN,38827,JIEHU,157994.0,74.05,39.2,39.2,2.88,22.03,21.72,0.3100000000000023,35.55221514,118.4589512,2133.612424037812
10385,USA38843,USA,38843,BAKERSFIELD,333720.0,1272.08,51.06699999999999,51.06699999999999,0.87,19.13,18.08,1.0500000000000007,35.37618296,-119.0266823,262.34199106974404
10387,USA38847,USA,38847,FORTSMITH,130274.0,1032.6,39.61,39.61,2.2,20.57,20.08,0.490000000000002,35.38080804,-94.33591482,126.16114662018208
10411,USA38909,USA,38909,MEMPHIS,902439.0,2138.968,35.92,35.92,1.89,20.17,18.95,1.2200000000000024,35.08488169,-89.96999057,303.47038904002716
10419,CHN38920,CHN,38920,XINXIANG,1372638.0,626.24,39.13,39.13,2.63,23.01,22.49,0.5200000000000031,35.33081929,113.8595706,2191.872125702606
10439,DZA38959,DZA,38959,TEBESSA,179084.0,304.36,51.06699999999999,51.06699999999999,1.71,17.04,16.0,1.0399999999999991,35.42418844,8.094389539,588.3953213300039
10442,CHN38965,CHN,38965,RIZHAO,631562.0,196.85,38.86,38.86,4.17,23.17,22.92,0.25,35.42266214,119.4875157,3208.3413766827534
10450,SYR38981,SYR,38981,DEIREZZOR,165888.0,1457.2,51.06699999999999,51.06699999999999,0.32,25.16,24.89,0.2699999999999996,35.3208853,40.30083188,113.84024155915453
10451,CHN38982,CHN,38982,JINING,882894.0,252.65,38.36,38.36,2.31,22.25,21.94,0.3099999999999987,35.40304049,116.603555,3494.5339402335244
10452,USA38986,USA,38986,SANTAMARIA,317872.0,1988.61,36.98,36.98,-1.7769999999999997,12.02,11.98,0.03999999999999915,35.01488737,-120.5931659,159.84632481984906
10461,CHN39020,CHN,39020,CHENGGUAN,140420.0,124.59,37.02,37.02,1.69,22.67,21.31,1.360000000000003,35.3963488,111.2730211,1127.0567461272974
10462,CHN39021,CHN,39021,WEIHUI,115302.0,86.07,37.75,37.75,1.21,23.14,22.64,0.5,35.41635124,114.0675013,1339.6305332868596
10478,CHN39061,CHN,39061,JIAXIANG,183741.0,70.68,37.33,37.33,0.96,21.6,20.94,0.6600000000000001,35.40325703,116.3438414,2599.617996604414
10479,KOR39063,KOR,39063,PUSAN,2067882.5999999978,1583.31,34.69,34.69,1.79,20.77,20.67,0.09999999999999787,35.23192799,128.8508778,3235.4112586922333
10487,GRC39076,GRC,39076,IRAKLION,167985.0,442.5,38.96,38.96,-0.28,21.42,19.35,1.7710000000000001,35.29284771,25.23009273,379.6271186440678
10488,CHN39079,CHN,39079,JUYU,179377.0,69.3,37.44,37.44,1.4,21.88,20.49,1.3900000000000006,35.39203646,116.0929588,2588.4126984126983
10494,DZA39089,DZA,39089,TIARET,157458.0,180.67,49.23,49.23,-1.7769999999999997,17.4,17.33,0.07000000000000028,35.35859679,1.326414032,871.5226656334754
10502,USA39112,USA,39112,ALBUQUERQUE,656485.0,2138.968,49.09,49.09,-0.59,15.66,14.27,1.3900000000000006,35.02429944,-106.5790126,262.77794456119284
10507,CHN39123,CHN,39123,JIAOZUO,921992.0,445.93,39.08,39.08,3.8,23.53,22.23,1.3000000000000007,35.25456087,113.2231152,2067.571143453008
10511,IRN39140,IRN,39140,SANANDAJ,308158.0,293.59,51.06699999999999,51.06699999999999,1.18,19.5,17.32,1.7710000000000001,35.30873153,47.02706855,1049.6202186722983
10514,IRN39155,IRN,39155,TORBATHEYDARIEH,106383.0,272.63,51.06699999999999,51.06699999999999,-0.63,18.21,18.35,-0.14000000000000057,35.28872792,59.22733651,390.21017496240324
10516,JPN39158,JPN,39158,HAMADA,106573.0,228.91,32.26,32.26,1.25,20.93,21.37,-0.4400000000000013,35.02323541,132.2653148,465.56725350574465
10518,CYP39164,CYP,39164,STROVOLOS,142531.0,1007.67,51.06699999999999,51.06699999999999,1.59,21.61,21.67,-0.060000000000002274,35.14100809,33.31165158,141.44610834896346
10519,USA39170,USA,39170,AMARILLO,186502.0,1373.98,51.06699999999999,51.06699999999999,0.67,17.51,17.6,-0.08999999999999986,35.18799762,-101.824203,135.73851147760521
10524,MAR39185,MAR,39185,NADOR,112843.0,473.27,43.89,43.89,-0.01,18.86,18.47,0.39000000000000057,35.13630738,-2.968788018,238.43260717983392
10527,JPN39189,JPN,39189,FUKUCHIYAMA,106979.0,177.97,35.87,35.87,3.81,21.32,20.53,0.7899999999999991,35.30921939,135.1826306,601.1069281339552
10532,KOR39196,KOR,39196,KWANGJU,1432410.0,788.55,35.29,35.29,3.1,21.83,20.94,0.889999999999997,35.135468,126.8647646,1816.5113182423436
10541,DZA39217,DZA,39217,BOUSAADA,105536.0,171.82,51.06699999999999,51.06699999999999,-0.35,22.87,21.59,1.2800000000000011,35.23922259,4.198139038,614.2241881038296
10551,USA39245,USA,39245,CHATTANOOGA,339309.0,2138.51,31.76,31.76,2.3,18.86,18.31,0.5500000000000007,34.9248315,-85.10133681,158.66608058882116
10559,CHN39266,CHN,39266,HEZE,525234.0,184.44,38.69,38.69,2.88,23.47,22.66,0.8099999999999987,35.24061627,115.4771277,2847.7228366948602
10560,CHN39268,CHN,39268,FEICHENG,108809.0,62.39,36.75,36.75,1.78,22.09,21.84,0.25,35.26835275,117.9777512,1744.0134636961052
10567,DZA39279,DZA,39279,SIDIBELABBES,207648.0,236.46,51.06699999999999,51.06699999999999,1.03,15.79,16.25,-0.46000000000000085,35.19749743,-0.616116777,878.1527531083481
10598,USA39339,USA,39339,FAYETTEVILLE,181596.0,909.32,35.32,35.32,1.56,20.38,19.72,0.6600000000000001,35.0733444,-78.93358236,199.70527427088373
10605,USA39354,USA,39354,JACKSONVILLE,233090.0,2021.81,31.62,31.62,1.3,21.09,19.82,1.2699999999999996,34.8032432,-77.06942572,115.28778668618713
10616,CHN39374,CHN,39374,CHENGGUAN,158363.0,61.04,38.64,38.64,0.9,24.78,23.95,0.8300000000000018,35.20497356,114.6887343,2594.413499344692
10622,KOR39385,KOR,39385,CHINJU,337864.0,359.3,34.8,34.8,2.9,21.6,21.22,0.38000000000000256,35.09503414,128.0995448,940.3395491232952
10627,CHN39396,CHN,39396,SHIZILU,154797.0,65.26,37.58,37.58,3.04,23.05,22.77,0.28000000000000114,35.18442362,118.8389225,2372.0042905301866
10633,SYR39405,SYR,39405,HAMA,312206.0,280.26,51.06699999999999,51.06699999999999,-0.63,21.65,21.07,0.5799999999999983,35.10950796,36.75891993,1113.9870120602297
10634,CHN39408,CHN,39408,HANJING,117752.0,118.65,43.91,43.91,2.01,20.1,20.06,0.0400000000000027,35.15138849,109.596068,992.4315212810787
10649,CHN39442,CHN,39442,LINYI,1186215.0,651.64,38.9,38.9,2.95,23.8,23.15,0.6500000000000021,35.04620761,118.3384236,1820.3532625375974
10653,CHN39454,CHN,39454,JIYUAN,191538.0,128.55,39.76,39.76,4.17,23.5,22.02,1.4800000000000004,35.10535991,112.578199,1489.9883313885646
10656,IRN39460,IRN,39460,SAVEH,134654.0,355.7,51.06699999999999,51.06699999999999,-0.1,22.4,21.58,0.8200000000000003,35.0455026,50.38004701,378.56058476244027
10657,CHN39461,CHN,39461,CHENGGUAN,105379.2,60.39,37.82,37.82,2.01,20.04,21.44,-0.7299999999999969,35.13976608,110.7733408,1715.4826958105646
10672,CHN39502,CHN,39502,TONGCHUAN,397998.0,244.74,42.88,42.88,3.7,19.93,19.25,0.6799999999999997,35.00894896,109.0399547,1626.207403775435
10683,CHN39529,CHN,39529,QINYANG,191560.0,47.765,38.09,38.09,1.75,23.37,22.95,0.4200000000000017,35.0918689,112.9371099,4131.11925814104
10684,CHN39530,CHN,39530,TENGZHOU,506623.0,118.76,36.3,36.3,1.01,23.22,22.8,0.41999999999999815,35.07451544,117.1662845,4265.939710340182
10686,USA39533,USA,39533,LITTLEROCK,393109.0,1935.82,37.16,37.16,2.16,19.69,18.37,1.3200000000000003,34.77052714,-92.25586677,203.07104999431766
10695,CHN39548,CHN,39548,DINGTAO,162385.0,53.4,36.39,36.39,0.97,23.3,22.84,0.46000000000000085,35.07653458,115.5799232,3040.9176029962546
10696,CHN39549,CHN,39549,JINXIANG,115890.0,58.33,35.37,35.37,1.81,23.61,22.98,0.629999999999999,35.07116136,116.3114847,1986.7992456711813
10704,CHN39561,CHN,39561,YUNCHENG,271820.0,142.48,41.08,41.08,3.84,23.27,23.02,0.25,35.04199211,111.0007841,1907.776530039304
10710,CHN39585,CHN,39585,CHENGGUAN,109494.0,47.765,37.23,37.23,0.61,24.09,23.38,0.7100000000000009,35.05769933,113.9685774,2995.731874145007
10718,CHN39615,CHN,39615,CHENGGUAN,114469.0,47.765,38.5,38.5,0.73,22.95,22.85,0.09999999999999787,35.03864492,114.4260495,3192.9986052998606
10727,SYR39638,SYR,39638,TARTUS,105379.2,125.17,38.95,38.95,-0.13,23.28,22.14,1.1400000000000006,34.92450158,35.92389416,808.0210913158105
10733,IRN39650,IRN,39650,HAMADAN,448020.0,631.84,51.06699999999999,51.06699999999999,-0.59,15.38,15.46,-0.08000000000000007,34.87889134,48.49880587,709.0719169409977
10736,KOR39659,KOR,39659,YOSU,635467.0,684.63,33.96,33.96,2.4,21.56,20.98,0.5799999999999983,34.890439,127.5973075,928.190409418226
10759,CHN39708,CHN,39708,CHENGWU,112936.0,64.75,35.31,35.31,0.61,24.78,23.2,1.5800000000000018,34.95304593,115.8999884,1744.1853281853282
10760,CHN39709,CHN,39709,XIAZHEN,189062.0,213.78,34.74,34.74,1.23,23.91,24.26,-0.3500000000000014,34.89254637,117.0894601,884.3764617831415
10769,DZA39731,DZA,39731,TILEMCEN,273382.0,207.72,46.88,46.88,-0.42,18.15,17.59,0.5599999999999987,34.90734742,-1.311829157,1316.108222607356
10773,USA39741,USA,39741,HUNTSVILLE,297798.0,1924.93,33.35,33.35,2.25,18.49,18.18,0.3099999999999987,34.68223905,-86.77804221,154.70588540882005
10774,SYR39744,SYR,39744,HOMS,637921.0,497.95,47.89,47.89,-0.22,21.34,21.02,0.3200000000000003,34.75601301,36.71867789,1281.0944873983333
10784,DZA39762,DZA,39762,SAIDA,148219.0,216.36,50.98,50.98,-0.15,17.79,16.83,0.9600000000000009,34.83780104,0.158909857,685.0573118875947
10788,CHN39768,CHN,39768,ZAOZHUANG,883031.0,424.16,34.76,34.76,1.17,24.42,23.81,0.610000000000003,34.85664145,117.5325325,2081.834685024519
10789,KOR39769,KOR,39769,KOJE,120035.0,119.83,32.8,32.8,3.62,19.76,19.08,0.6800000000000033,34.89315015,128.6499618,1001.7107569056163
10793,CHN39778,CHN,39778,DATUN,347828.0,186.97,33.27,33.27,0.69,25.26,25.19,0.07000000000000028,34.85778995,116.8835543,1860.3412312135638
10799,TUN39798,TUN,39798,SFAX,369346.0,378.24,47.83,47.83,-0.34,21.93,20.92,1.009999999999998,34.77374694,10.72296331,976.4858291032149
10801,CHN39801,CHN,39801,ZHENGZHOU,2067882.5999999978,612.16,43.36,43.36,4.17,24.9,23.8,1.0999999999999979,34.77751718,113.6401957,4085.5723993727133
10802,CHN39803,CHN,39803,LIANYUNGANG,926651.0,707.46,37.19,37.19,2.05,23.49,23.23,0.259999999999998,34.69847048,119.1811939,1309.8281174907415
10803,KOR39804,KOR,39804,MOKPO,250336.0,165.24,33.43,33.43,1.23,21.46,21.46,0.0,34.82899136,126.4383042,1514.9842653110627
10807,DZA39816,DZA,39816,BISKRA,187300.0,259.33,51.06699999999999,51.06699999999999,-0.67,26.16,25.15,1.0100000000000016,34.84416929,5.751736401,722.2457872209155
10809,CHN39823,CHN,39823,YONGJI,115574.0,75.67,37.08,37.08,2.01,22.35,21.19,1.1600000000000001,34.86592892,110.4454579,1527.3424078234439
10816,CHN39847,CHN,39847,BIANZHUANG,115922.0,48.62,35.09,35.09,0.83,23.53,23.18,0.3500000000000014,34.85485794,118.0471496,2384.245166598108
10822,CHN39860,CHN,39860,CHENGGUAN,119710.0,93.73,36.01,36.01,-0.1,24.62,24.09,0.5300000000000011,34.8355731,114.8257721,1277.1791315480634
10825,CHN39879,CHN,39879,SANMENLING,346578.0,304.96,37.44,37.44,2.61,22.09,21.04,1.0500000000000007,34.7448506,111.1394966,1136.4703567681008
10831,CHN39893,CHN,39893,KAIFENG,614375.0,276.43,38.59,38.59,2.13,25.66,24.56,1.1000000000000014,34.78746635,114.3686316,2222.533733675795
10832,JPN39894,JPN,39894,NABARI,144800.0,307.73,35.45,35.45,3.36,19.08,18.5,0.5799999999999983,34.71317101,136.1413108,470.54235856107624
10840,CHN39908,CHN,39908,XINGYANG,180195.0,163.57,40.98,40.98,1.84,24.06,23.77,0.28999999999999915,34.79903529,113.3545857,1101.6384422571377
10857,PAK39939,PAK,39939,MINGAORA,189078.0,130.48,35.66,35.66,2.44,21.1,18.96,1.7710000000000001,34.7760263,72.35866133,1449.095646842428
10866,USA39956,USA,39956,LAWTON,109269.0,558.78,49.08,49.08,0.66,21.44,21.59,-0.14999999999999858,34.63782495,-98.43166383,195.54923225598625
10869,MAR39960,MAR,39960,OUJDA,358694.0,204.75,50.36,50.36,-0.59,18.2,17.1,1.0999999999999979,34.69443753,-1.902216809,1751.8632478632478
10870,CHN39962,CHN,39962,GONGYI,258754.0,172.82,38.16,38.16,2.11,24.38,23.39,0.9899999999999984,34.72609382,112.9488059,1497.2456891563477
10874,CHN39973,CHN,39973,CHENGGUAN,138416.0,66.32,37.62,37.62,3.27,14.48,13.77,0.7100000000000009,34.75023871,105.3381987,2087.0928829915565
10875,CHN39974,CHN,39974,YIMA,309619.0,256.1,37.57,37.57,1.98,21.7,20.56,1.1400000000000006,34.74802147,111.8862258,1208.97696212417
10880,IRN39986,IRN,39986,QOM,864554.0,623.88,51.06699999999999,51.06699999999999,-1.76,23.58,23.19,0.389999999999997,34.62712618,50.90054312,1385.7696993011477
10882,USA39990,USA,39990,LANCASTER,254971.0,871.34,51.06699999999999,51.06699999999999,1.25,15.48,14.4,1.08,34.61076724,-118.1058326,292.6194137764822
10885,DZA39995,DZA,39995,DJELFA,167856.0,247.82,51.06699999999999,51.06699999999999,0.06,17.12,16.89,0.23000000000000043,34.68524063,3.299862618,677.3303203938342
10887,CYP39999,CYP,39999,LEMESOS,115069.0,388.45,46.62,46.62,0.88,22.4,21.7,0.6999999999999993,34.69799828,33.01691152,296.2260265156391
10891,CHN40005,CHN,40005,PEICHENG,187568.0,57.86,33.71,33.71,1.06,24.19,24.77,-0.5799999999999983,34.73701549,116.9384031,3241.75596266851
10896,CHN40020,CHN,40020,YANSHI,174030.0,88.68,37.77,37.77,2.0,23.13,23.6,-0.4700000000000024,34.7328079,112.7589136,1962.4492557510148
10897,CHN40021,CHN,40021,CHENGGUAN,123911.0,62.81,38.95,38.95,1.49,24.97,24.17,0.7999999999999972,34.72809073,114.0253165,1972.790956854004
10903,CHN40036,CHN,40036,LUOYANG,1443124.0,455.77,39.93,39.93,3.03,24.19,23.41,0.7800000000000011,34.65430029,112.4352397,3166.342672839371
10905,CHN40045,CHN,40045,FENGCHENG,191074.0,74.12,33.98,33.98,1.15,25.18,24.62,0.5599999999999987,34.69925689,116.6046313,2577.9007015650295
10932,CHN40138,CHN,40138,TANCHENG,156865.0,94.68,34.18,34.18,0.85,23.21,23.2,0.010000000000001563,34.62340032,118.3299029,1656.7912970004224
10940,CHN40152,CHN,40152,CHENGGUAN,108814.0,60.06,41.03,41.03,-0.69,22.65,21.99,0.6600000000000001,34.6186123,108.9479779,1811.7549117549117
10945,USA40163,USA,40163,VICTORVILLE,207440.0,793.99,51.06699999999999,51.06699999999999,1.65,14.42,14.57,-0.15000000000000036,34.49602043,-117.3043036,261.2627363065026
10947,CHN40168,CHN,40168,TIANSHUI,377370.0,304.01,35.02,35.02,2.44,17.11,15.72,1.3899999999999988,34.57306107,105.8249307,1241.3078517154042
10957,CHN40191,CHN,40191,HUAYIN,127962.0,111.02,36.11,36.11,2.51,22.54,21.3,1.2399999999999984,34.55906051,110.101661,1152.6031345703477
10969,CHN40215,CHN,40215,LINGBAO,182188.0,162.71,37.93,37.93,3.21,21.92,21.38,0.5400000000000027,34.52319024,110.8926689,1119.709913342757
10978,CHN40231,CHN,40231,XINMI,219437.0,174.05,38.72,38.72,1.87,24.08,23.28,0.7999999999999972,34.5121838,113.4075767,1260.7698937087043
10983,AFG40250,AFG,40250,KABUL,1993238.0,82.57,47.43,47.43,-1.7769999999999997,18.26,17.15,1.110000000000003,34.52098596,69.16530542,24139.978200314887
10985,CHN40259,CHN,40259,CHENGGUAN,125535.0,47.765,41.62,41.62,0.93,19.5,18.84,0.6600000000000001,34.52924226,108.2496095,2688.6913686014136
10987,CHN40262,CHN,40262,NIUSHAN,211335.0,57.3,36.14,36.14,1.81,24.12,23.89,0.23000000000000043,34.5252772,118.7631058,3688.2198952879585
10997,CHN40279,CHN,40279,WEINAN,329024.0,166.51,38.44,38.44,-0.12,21.79,21.12,0.6699999999999982,34.4922298,109.4868259,1976.0014413548736
10998,CHN40280,CHN,40280,LIUQUAN,154090.0,61.55,39.75,39.75,1.0,23.94,22.36,1.5800000000000018,34.51723517,112.1830827,2503.493095044679
10999,MEX40283,MEX,40283,TIJUANA,1165030.0,644.97,45.63,45.63,0.92,15.94,14.79,1.1500000000000004,32.43879789,-116.9561543,1806.3320774609672
11000,USA40283,USA,40283,LOSANGELES,2067882.5999999978,2138.968,45.58,45.58,0.64,15.56,14.87,0.6900000000000013,33.79529005,-117.8525342,1004.7541539888473
11011,CHN40311,CHN,40311,SHANGQIU,457625.0,242.9,35.65,35.65,2.23,24.6,23.79,0.8100000000000023,34.43581155,115.6409867,1884.0057636887607
11014,USA40316,USA,40316,WILMINGTON,289776.0,2138.968,32.23,32.23,1.61,20.93,20.22,0.7100000000000009,33.97268001,-78.38241532,83.3808587961431
11015,LBN40319,LBN,40319,TARABULUSASSAM,216923.0,453.34,39.0,39.0,1.34,22.1,18.48,1.7710000000000001,34.35437864,35.84625638,478.4995808885164
11020,CHN40338,CHN,40338,CHENGGUAN,128581.0,47.765,36.7,36.7,1.42,24.0,23.82,0.17999999999999972,34.47806186,114.4717327,2838.432671081678
11023,IRN40356,IRN,40356,KERMANSHAH,838675.0,675.51,51.06699999999999,51.06699999999999,0.06,18.96,17.83,1.1300000000000026,34.35822892,47.19807092,1241.543426448165
11026,CHN40365,CHN,40365,DENGFENG,154373.0,55.93,37.93,37.93,2.77,23.09,22.32,0.7699999999999996,34.45955897,113.0433943,2760.110852851779
11032,CHN40378,CHN,40378,XIAN,2067882.5999999978,1484.5,40.43,40.43,1.72,23.46,22.03,1.4299999999999997,34.30867908,108.9016725,3464.2411586392723
11034,CHN40380,CHN,40380,XUZHOU,1947732.0,956.9,35.68,35.68,2.46,24.52,24.17,0.34999999999999787,34.3061596,117.2365446,2035.460340683457
11036,AFG40389,AFG,40389,JALALABAD,147767.0,106.94,47.35,47.35,-1.7769999999999997,24.99,25.16,-0.1700000000000017,34.43197822,70.4588466,1381.7748270057978
11043,CHN40399,CHN,40399,CHENGGUAN,169695.0,85.0,38.44,38.44,1.1,23.65,23.51,0.13999999999999702,34.41921672,112.4661006,1996.4117647058824
11048,CHN40418,CHN,40418,CHENGGUAN,148194.0,49.58,34.52,34.52,2.38,24.05,24.05,0.0,34.42068558,116.3416555,2988.9874949576442
11051,CHN40429,CHN,40429,BAOJI,543233.0,438.41,38.73,38.73,3.63,20.08,18.53,1.5499999999999972,34.36510852,107.2291707,1239.0981045140393
11052,CHN40430,CHN,40430,XINZHENG,251630.0,83.6,40.01,40.01,2.35,24.11,23.54,0.5700000000000003,34.39637392,113.742996,3009.928229665072
11053,CHN40431,CHN,40431,CHENGGUAN,105379.2,47.765,37.23,37.23,1.58,25.12,24.04,1.0800000000000018,34.41337489,114.1999195,2330.779912057394
11054,CHN40433,CHN,40433,XINYI,285150.0,126.14,35.25,35.25,2.26,24.44,24.07,0.370000000000001,34.37865197,118.3546701,2260.5834786744886
11063,USA40447,USA,40447,ATLANTA,1619005.0,2138.968,33.16,33.16,3.24,20.18,19.2,0.9800000000000004,33.82486638,-84.32364161,231.57159244669865
11084,AFG40508,AFG,40508,HERAT,154955.0,47.765,48.42,48.42,-0.34,23.41,20.74,1.7710000000000001,34.35336539,62.21503236,3705.2845528455287
11087,JPN40511,JPN,40511,TOKUSHIMA,575214.0,1202.44,36.17,36.17,4.17,23.05,21.97,1.0800000000000018,34.09256854,134.4471737,478.3723096370713
11091,USA40519,USA,40519,COLUMBIA,279032.0,1999.34,33.85,33.85,2.91,20.79,20.09,0.6999999999999993,34.04433395,-80.98770854,139.56205547830785
11092,CHN40524,CHN,40524,CAIJIAPO,229661.0,125.11,40.01,40.01,1.58,19.89,20.27,-0.379999999999999,34.32490407,107.5856371,1835.6726081048678
11093,CHN40527,CHN,40527,PIZHOU,366496.0,105.66,35.7,35.7,2.51,25.24,24.48,0.759999999999998,34.32043542,117.9661236,3468.6352451258754
11099,IRN40539,IRN,40539,MALAYER,156566.0,137.61,51.06699999999999,51.06699999999999,-1.7769999999999997,16.85,16.66,0.19000000000000128,34.29873882,48.82017985,1137.7516168883074
11104,MAR40550,MAR,40550,KENITRA,321462.0,252.13,44.39,44.39,-0.38,18.52,17.9,0.620000000000001,34.2656542,-6.56077775,1274.9851267203428
11106,CHN40553,CHN,40553,YISHAN,255682.0,65.96,35.53,35.53,1.83,24.41,24.44,-0.030000000000001137,34.30440505,119.2585451,3876.318981200728
11127,CHN40605,CHN,40605,ERQU,249408.0,140.43,38.58,38.58,0.71,20.98,20.84,0.14000000000000057,34.22092947,108.2204104,1776.0307626575518
11140,MAR40625,MAR,40625,TAZA,125030.0,136.31,49.78,49.78,0.83,20.75,19.31,1.4400000000000013,34.22597979,-3.994494985,917.2474506639278
11149,CHN40640,CHN,40640,CHANGGE,157758.0,91.59,38.97,38.97,1.74,24.91,23.76,1.1499999999999986,34.22348758,113.7664289,1722.4369472649853
11154,PAK40664,PAK,40664,PESHAWAR,1479330.0,1310.13,41.59,41.59,0.47,24.64,23.27,1.370000000000001,34.03183144,71.68822975,1129.147489180463
11158,PAK40679,PAK,40679,ABBOTTABAD,112076.0,129.29,31.13,31.13,1.38,19.61,18.67,0.9399999999999977,34.17491675,73.2407418,866.8574522391524
11159,CHN40680,CHN,40680,XIANGSHUI,151898.0,56.81,35.45,35.45,0.77,25.38,24.41,0.9699999999999989,34.20626617,119.5819668,2673.7898257349057
11163,CHN40697,CHN,40697,RUZHOU,140311.0,88.09,37.97,37.97,0.77,24.44,23.27,1.1700000000000017,34.16820444,112.8417224,1592.814167328868
11176,CHN40722,CHN,40722,YUZHOU,206751.0,90.24,39.09,39.09,0.85,24.78,24.05,0.7300000000000004,34.15101638,113.475088,2291.1236702127662
11180,LBN40730,LBN,40730,BAYRUT,1315073.0,911.03,36.01,36.01,-1.7769999999999997,20.0,17.28,1.7710000000000001,33.93461927,35.66897359,1443.5013117021394
11187,CHN40745,CHN,40745,SHUCHENG,276491.0,85.29,36.48,36.48,1.91,24.33,23.28,1.0499999999999972,34.13171648,118.7741539,3241.7751201782153
11190,IRN40750,IRN,40750,ARAK,425528.0,967.0,51.06699999999999,51.06699999999999,-1.11,16.38,16.28,0.09999999999999787,34.03414903,49.57787012,440.0496380558428
11191,CHN40752,CHN,40752,CHENGGUAN,153413.0,47.765,35.25,35.25,0.6,22.36,21.78,0.5799999999999983,34.13850789,112.0903785,4405.887421022401
11194,PAK40761,PAK,40761,SWABI,116153.0,279.26,36.15,36.15,0.4,24.34,23.74,0.6000000000000014,34.08521335,72.5800614,415.93139010241356
11198,MAR40769,MAR,40769,CASABLANCA,2067882.5999999978,1786.67,42.46,42.46,-1.42,18.74,18.01,0.7299999999999969,33.6923796,-7.299754067,1921.9581679884925
11200,IRN40772,IRN,40772,KASHAN,222825.0,625.61,51.06699999999999,51.06699999999999,-0.01,24.0,23.16,0.8399999999999999,34.012345,51.42901493,356.172375761257
11201,IND40774,IND,40774,SRINAGAR,888033.0,264.54,35.38,35.38,3.82,18.04,16.49,1.5500000000000007,34.06422111,74.8342571,3356.8949875255157
11202,CHN40775,CHN,40775,GANTING,298761.0,115.19,39.08,39.08,2.36,22.77,21.9,0.870000000000001,34.09374371,108.6184555,2593.6366003993403
11203,CHN40776,CHN,40776,ZHANGJI,131144.0,80.35,34.58,34.58,-0.28,24.62,24.07,0.5500000000000007,34.09807907,119.6643315,1632.1593030491601
11207,USA40786,USA,40786,WICHITAFALLS,123187.0,865.7,51.06699999999999,51.06699999999999,-0.22,22.61,22.43,0.17999999999999972,33.93827316,-98.53527849,142.2975626660506
11209,CHN40792,CHN,40792,MALAN,105379.2,61.14,37.59,37.59,1.47,24.5,23.7,0.8000000000000007,34.10284764,114.1991155,1686.6862937520445
11215,MAR40804,MAR,40804,FES,847478.0,481.05,51.06699999999999,51.06699999999999,-1.1,19.67,18.78,0.8900000000000006,34.0267457,-5.001671489,1761.7253923708554
11217,CHN40808,CHN,40808,XUCHANG,462193.0,173.62,40.17,40.17,4.17,24.87,23.73,1.1400000000000006,34.03427592,113.829496,2662.0953807165074
11223,IRQ40822,IRQ,40822,BAQUBAH,165003.0,595.83,51.06699999999999,51.06699999999999,-1.7769999999999997,23.83,23.93,-0.10000000000000142,33.89546329,44.7813608,276.92966114495744
11231,CHN40838,CHN,40838,ZHANGDIAN,332332.0,522.42,38.5,38.5,1.03,24.32,23.73,0.5899999999999999,33.89546799,112.9268355,636.1395046131465
11237,CHN40850,CHN,40850,HUAIBEI,900258.0,429.48,35.67,35.67,1.65,25.66,24.82,0.8399999999999999,33.95251863,116.8158739,2096.1581447331655
11243,USA40862,USA,40862,ATHENSCLARKE,171162.0,443.72,31.72,31.72,1.82,19.95,19.15,0.8000000000000007,33.951699,-83.37978777,385.7432615162715
11249,PAK40874,PAK,40874,WAH,347011.0,498.6,34.63,34.63,0.19,24.1,23.69,0.41000000000000014,33.86052386,72.83193491,695.9707180104292
11259,CHN40903,CHN,40903,DONGKAN,181685.0,97.53,35.96,35.96,0.99,24.46,23.93,0.5300000000000011,33.99616184,119.8383385,1862.862708910079
11268,TUN40918,TUN,40918,GABES,146381.0,243.92,46.36,46.36,-1.7769999999999997,22.95,21.94,1.009999999999998,33.92167319,10.04629163,600.1188914398164
11269,USA40920,USA,40920,INDIO,279112.0,1370.35,51.06699999999999,51.06699999999999,3.82,23.82,22.1,1.7199999999999989,33.77408312,-116.3495689,203.67935199036745
11271,JPN40925,JPN,40925,MATSUYAMA,607379.0,504.71,35.65,35.65,4.17,22.59,20.66,1.7710000000000001,33.8272538,132.8073144,1203.4217669552813
11275,CHN40931,CHN,40931,SUQIAN,274509.0,93.3,37.28,37.28,2.96,24.66,24.23,0.4299999999999997,33.95837565,118.2987471,2942.2186495176848
11285,CHN40957,CHN,40957,YONGCHENG,163587.0,104.0,35.53,35.53,2.41,25.77,25.04,0.7300000000000004,33.93383301,116.3993605,1572.951923076923
11288,MAR40963,MAR,40963,MEKNES,419945.0,273.7,50.94,50.94,-0.63,17.38,16.63,0.75,33.8900197,-5.533275228,1534.3259042747534
11290,IRN40967,IRN,40967,BORUJERD,232238.0,231.71,51.06699999999999,51.06699999999999,1.59,17.13,16.0,1.129999999999999,33.86939192,48.78413209,1002.2787104570368
11293,CHN40983,CHN,40983,SUICHENG,302153.0,112.6,37.31,37.31,2.55,24.19,24.23,-0.03999999999999915,33.90391552,117.9461899,2683.4191829484903
11294,USA40985,USA,40985,PHOENIX,2067882.5999999978,2138.968,51.06699999999999,51.06699999999999,0.1,24.43,23.26,1.1699999999999982,33.50169972,-112.0065213,613.9663448684356
11302,TUN40998,TUN,40998,JERBA,214347.0,447.48,46.03,46.03,4.17,21.46,23.28,-0.7299999999999969,33.80283188,10.89027032,479.00911772593184
11303,CHN41001,CHN,41001,BOZHOU,297269.0,123.33,38.59,38.59,3.77,26.02,24.89,1.129999999999999,33.8714021,115.7859943,2410.354333900916
11305,CHN41006,CHN,41006,SHAJI,105379.2,47.765,34.68,34.68,0.23,24.41,24.18,0.23000000000000043,33.88833899,118.1303458,2875.1503006012026
11308,CHN41018,CHN,41018,SHANGZHOU,153042.0,72.72,36.79,36.79,3.04,20.08,19.07,1.009999999999998,33.87303951,109.9374866,2104.5379537953795
11324,DZA41057,DZA,41057,ALAGWAT,108962.0,260.45,51.06699999999999,51.06699999999999,0.21,21.13,20.55,0.5799999999999983,33.79230287,2.897583066,418.36052985217896
11328,CHN41068,CHN,41068,CHENGGUAN,346228.0,102.01,35.7,35.7,1.29,23.36,23.37,-0.010000000000001563,33.81475053,113.9394105,3394.059405940594
11332,USA41080,USA,41080,BIRMINGHAM,690574.0,2138.968,32.84,32.84,2.85,21.15,20.08,1.0700000000000003,33.46489552,-86.80113053,273.95141999135194
11334,CHN41086,CHN,41086,PINGDINGSHAN,1077412.0,440.29,37.08,37.08,1.87,24.08,23.48,0.5999999999999979,33.7379099,113.3112094,2447.050807422381
11343,CHN41098,CHN,41098,FUCHENG,153477.0,81.35,37.34,37.34,1.22,24.5,24.52,-0.019999999999999574,33.78812057,119.7985254,1886.6256914566688
11344,CHN41099,CHN,41099,HEDE,162502.0,92.78,38.59,38.59,2.58,24.31,24.49,-0.17999999999999972,33.7784047,120.2670384,1751.4766113386506
11358,PAK41132,PAK,41132,RAWALPINDI,2063982.0,641.87,34.37,34.37,1.45,23.97,23.02,0.9499999999999993,33.64771137,73.07297646,3215.5763628149
11361,USA41138,USA,41138,LUBBOCK,214730.0,1324.22,49.58,49.58,-0.07,19.77,19.14,0.629999999999999,33.57138181,-101.8463219,162.15583513313499
11376,CHN41166,CHN,41166,ZHONGXING,220803.0,73.57,37.45,37.45,2.78,25.4,23.61,1.7710000000000001,33.71274702,118.6839272,3001.264102215577
11381,IRN41178,IRN,41178,ILAM,134885.0,269.46,51.06699999999999,51.06699999999999,-0.75,19.91,20.78,-0.7299999999999969,33.65157647,46.39029794,500.57522452312037
11383,CHN41181,CHN,41181,HUAIYIN,925155.0,434.41,38.2,38.2,1.53,24.77,24.69,0.0799999999999983,33.58378718,119.0566569,2129.6816371630484
11388,SYR41192,SYR,41192,DAMASCUS,2067882.5999999978,1563.24,51.06699999999999,51.06699999999999,-0.44,20.22,18.25,1.7710000000000001,33.51110236,36.33590933,1375.0294260638161
11395,USA41211,USA,41211,AUGUSTARICHMOND,487256.0,2138.968,33.11,33.11,1.52,20.84,20.0,0.8399999999999999,33.44167873,-81.95816394,189.9233689593614
11397,CHN41215,CHN,41215,SUZHOU,462165.0,170.86,40.36,40.36,-0.47,25.22,24.71,0.509999999999998,33.63399251,117.021067,2704.9338639822076
11400,LBN41222,LBN,41222,SAYDA,144616.0,292.74,38.62,38.62,0.4,22.22,20.99,1.2300000000000004,33.52903529,35.40587067,494.00833504133357
11405,CHN41236,CHN,41236,ZHOUKOU,323738.0,189.5,38.12,38.12,3.93,25.13,24.12,1.009999999999998,33.60886595,114.6489975,1708.3799472295514
11412,JPN41248,JPN,41248,KOCHI,506875.0,908.28,34.84,34.84,3.57,23.3,21.68,1.620000000000001,33.52882948,133.5185512,558.0602897784825
11417,CHN41265,CHN,41265,LUOHE,481037.0,248.93,38.43,38.43,4.17,23.11,22.94,0.16999999999999815,33.58275171,114.0588487,1932.4187522596712
11418,JPN41266,JPN,41266,NAKATSU,164016.0,255.9,40.22,40.22,4.17,24.24,23.33,0.9100000000000001,33.56281835,131.2935584,640.9378663540446
11425,PAK41280,PAK,41280,KOHAT,132531.0,199.88,44.85,44.85,-0.5,23.76,23.18,0.5800000000000018,33.5664717,71.48187355,663.0528316990194
11429,CHN41287,CHN,41287,YILIN,125465.0,47.765,37.42,37.42,0.57,24.54,24.4,0.14000000000000057,33.59888277,119.6220109,3580.6221461187215
11430,DZA41293,DZA,41293,ELOUED,190724.0,910.44,51.06699999999999,51.06699999999999,-0.28,23.67,23.23,0.4400000000000013,33.46123555,6.882450698,209.48552348315098
11436,KOR41311,KOR,41311,CHEJU,387044.0,785.69,36.82,36.82,3.65,22.6,21.01,1.5899999999999999,33.36972715,126.5279132,492.61668087922715
11440,IRQ41324,IRQ,41324,ARRAMADI,418203.0,968.79,51.06699999999999,51.06699999999999,-1.41,25.48,25.06,0.4200000000000017,33.42784552,43.43859955,431.67559533025735
11447,IRQ41335,IRQ,41335,BAGHDAD,2067882.5999999978,1963.64,51.06699999999999,51.06699999999999,0.76,26.261,24.37,1.7710000000000001,33.31744496,44.36580932,2806.772117088672
11449,CHN41338,CHN,41338,LINGCHENG,147895.0,66.55,46.81,46.81,4.17,23.98,23.93,0.05000000000000071,33.54616182,117.5496748,2222.314049586777
11453,CHN41349,CHN,41349,SHANGGANG,116734.0,47.765,36.41,36.41,0.51,23.62,24.42,-0.7299999999999969,33.54832876,120.0146552,3262.5489100055897
11454,IRN41355,IRN,41355,KHORRAMABAD,293254.0,349.54,51.06699999999999,51.06699999999999,0.86,20.46,19.53,0.9299999999999997,33.46781476,48.3477031,838.9712193168164
11466,CHN41384,CHN,41384,XIANGCHENG,188589.0,141.85,34.68,34.68,1.48,24.69,24.36,0.33000000000000185,33.45247497,114.9033131,1329.495946422277
11474,CHN41406,CHN,41406,QINGYANG,211690.0,77.36,38.69,38.69,1.81,25.07,24.74,0.33000000000000185,33.46560629,118.2083222,2736.427094105481
11475,CHN41407,CHN,41407,JIANHU,169125.0,78.07,38.73,38.73,3.23,25.71,25.21,0.5,33.47658968,119.79605,2166.3250928653774
11476,JPN41408,JPN,41408,OITA,720893.0,1001.7,35.63,35.63,3.45,23.14,22.35,0.7899999999999991,33.20424346,131.6621304,719.6695617450334
11481,IRN41420,IRN,41420,NAJAFABAD,194821.0,78.8,51.06699999999999,51.06699999999999,-0.81,23.42,23.08,0.3400000000000034,33.45298003,52.48567222,2472.3477157360408
11490,CHN41445,CHN,41445,WUQUAN,126715.0,70.93,35.71,35.71,2.06,23.78,23.61,0.1700000000000017,33.44060562,113.6126569,1786.4796278020583
11491,CHN41446,CHN,41446,YANCHENG,763555.0,264.54,40.39,40.39,3.26,25.91,25.07,0.8399999999999999,33.3892732,120.1410103,2886.3498903757463
11509,USA41510,USA,41510,DALLAS,2067882.5999999978,2138.968,46.91,46.91,-0.34,23.17,22.44,0.7300000000000004,32.81076557,-97.01321047,595.2230065265835
11526,USA41546,USA,41546,TUSCALOOSA,105379.2,796.18,32.51,32.51,2.61,20.19,19.88,0.3100000000000023,33.18683263,-87.51923057,131.0859353412545
11537,CHN41576,CHN,41576,WUGANG,106917.0,107.46,35.18,35.18,1.27,23.89,23.15,0.740000000000002,33.30276512,113.5219102,994.9469570072586
11546,CHN41599,CHN,41599,GAOLIANGJIAN,116045.0,57.33,36.6,36.6,2.29,24.52,24.94,-0.4200000000000017,33.30084194,118.865997,2024.1583813012385
11551,MAR41606,MAR,41606,ELJADIDA,162154.0,331.69,38.41,38.41,-1.7769999999999997,17.88,17.61,0.2699999999999996,33.20828277,-8.478622875,488.87213964846694
11559,DZA41631,DZA,41631,TOUGGOURT,176175.0,450.24,51.06699999999999,51.06699999999999,-0.06,24.02,23.15,0.870000000000001,33.10627866,6.061666989,391.2913113006397
11561,CHN41633,CHN,41633,CHENGGUAN,192627.0,75.38,44.01,44.01,1.64,25.25,24.69,0.5599999999999987,33.26806624,116.5566937,2555.4125762801805
11568,LBN41643,LBN,41643,SUR,113626.0,47.765,38.25,38.25,-1.42,22.6,22.04,0.5600000000000023,33.26856255,35.25128765,2819.5037220843674
11569,CHN41646,CHN,41646,JIESHOU,230512.0,82.57,36.41,36.41,3.13,24.52,24.14,0.379999999999999,33.2636247,115.3669815,2791.7161196560496
11575,USA41663,USA,41663,CHARLESTON,330703.0,2052.12,31.67,31.67,1.8,21.65,21.18,0.46999999999999886,32.91239942,-80.02895227,161.1518819562209
11580,JPN41675,JPN,41675,SASEBO,240838.0,410.03,33.09,33.09,1.18,23.52,23.26,0.259999999999998,33.15405423,129.7740327,587.3667780406312
11589,CHN41697,CHN,41697,DAFENG,260613.0,77.59,40.16,40.16,1.5,26.261,25.58,0.7100000000000009,33.20719558,120.4593241,3358.8477896636164
11597,CHN41710,CHN,41710,CHENGGUAN,276446.0,97.73,35.09,35.09,1.9,23.85,23.57,0.28000000000000114,33.17820759,115.6075253,2828.6708277908524
11602,CHN41716,CHN,41716,HANZHONG,386213.0,301.4,35.51,35.51,3.87,21.58,20.59,0.9899999999999984,33.09411312,107.0157106,1281.3968148639683
11620,CHN41757,CHN,41757,CHENGGUAN,105379.2,47.765,37.42,37.42,1.07,24.37,24.71,-0.33999999999999986,33.15135779,117.8917519,2500.3880669415475
11625,CHN41766,CHN,41766,CHENGGUAN,125549.0,47.765,36.91,36.91,0.55,24.89,24.61,0.28000000000000114,33.14359743,116.2055654,2686.689492831158
11632,CHN41780,CHN,41780,NANYANG,696638.0,300.94,38.03,38.03,0.85,24.71,23.93,0.7800000000000011,33.02366532,112.5552255,2314.87339669037
11640,PSE41803,PSE,41803,GAZAANDASHSHATICAMP,1686566.0,1428.28,45.65,45.65,-0.83,20.96,20.97,-0.00999999999999801,31.82958549,34.9653338,1180.8370907665164
11641,ISR41803,ISR,41803,JERUSALEM,2067882.5999999978,2138.968,45.2,45.2,-1.7769999999999997,21.86,21.02,0.8399999999999999,32.11204344,34.9224194,891.7764336558157
11650,CHN41825,CHN,41825,CHENGGUAN,201986.0,71.95,35.13,35.13,1.61,24.4,23.95,0.4499999999999993,33.07099515,115.2624881,2807.3106323835996
11659,CHN41841,CHN,41841,CHENGGUAN,128029.0,74.84,38.16,38.16,-0.17,23.84,23.78,0.05999999999999872,33.05673823,111.8493468,1710.7028327097808
11666,USA41858,USA,41858,ELCENTRO,106911.0,1016.74,51.06699999999999,51.06699999999999,-1.32,22.31,23.18,-0.7299999999999969,32.83378557,-115.5575136,105.15077600959931
11667,MEX41858,MEX,41858,MEXICALI,549873.0,47.765,51.06699999999999,51.06699999999999,1.02,24.29,23.9,0.39000000000000057,32.58770959,-115.4142969,inf
11669,CHN41865,CHN,41865,CHENGGUAN,172284.0,70.54,37.61,37.61,0.97,24.01,23.68,0.33000000000000185,33.04037894,112.2309428,2442.358945279274
11671,MAR41869,MAR,41869,SETTAT,105379.2,127.45,51.06699999999999,51.06699999999999,-0.8,17.46,16.7,0.7600000000000016,33.00618913,-7.610058902,818.6661435857199
11673,CHN41872,CHN,41872,XUCHENG,127917.0,72.65,37.85,37.85,2.46,25.27,25.03,0.23999999999999844,33.01231716,118.5065375,1760.7295251204403
11675,CHN41882,CHN,41882,ZHUMADIAN,274023.0,296.93,38.97,38.97,3.41,24.33,23.39,0.9399999999999977,32.927917,114.0344743,922.8538712827939
11677,JPN41885,JPN,41885,KUMAMOTO,1079512.0,1219.12,39.19,39.19,4.17,23.66,22.01,1.6499999999999986,32.78408707,130.7379407,885.4846118511714
11693,CHN41928,CHN,41928,FUYANG,742862.0,206.97,40.17,40.17,2.71,24.4,24.1,0.29999999999999716,32.92390615,115.847553,3589.225491617143
11702,PAK41946,PAK,41946,JHELUM,193679.0,139.07,32.15,32.15,-0.66,24.13,23.6,0.5299999999999976,32.94234629,73.73288774,1392.672754727835
11703,CHN41947,CHN,41947,BANGBU,957714.0,449.48,40.77,40.77,2.39,25.02,24.65,0.370000000000001,32.93682669,117.3804082,2130.715493459108
11715,JPN41979,JPN,41979,NAGASAKI,710867.0,769.78,34.23,34.23,3.05,23.41,22.5,0.9100000000000001,32.822342,129.9743508,923.4677440307621
11716,USA41980,USA,41980,MACON,166775.0,1556.88,32.35,32.35,1.64,20.97,20.42,0.5499999999999972,32.71862519,-83.65427604,107.12129386979086
11718,LBY41983,LBY,41983,TRIPOLI,1874637.0,2138.968,47.8,47.8,-1.7769999999999997,21.99,21.69,0.29999999999999716,32.76810412,12.84791994,769.3722348537705
11720,CHN41986,CHN,41986,XINGHUA,412891.0,69.18,38.36,38.36,3.28,26.261,25.720999999999997,0.46000000000000085,32.93296597,119.8345353,5968.357906909511
11729,MAR42007,MAR,42007,KHOURIBGA,224099.0,451.43,51.06699999999999,51.06699999999999,-0.43,17.53,18.1,-0.5700000000000003,32.87428976,-6.745361907,496.4202644928339
11730,IRN42010,IRN,42010,ESFAHAN,2065465.0,2138.968,51.06699999999999,51.06699999999999,-1.7769999999999997,20.53,19.38,1.1500000000000021,32.58164779,51.58603382,611.5728540550143
11731,IRN42011,IRN,42011,BIRJAND,153644.0,198.32,51.06699999999999,51.06699999999999,1.16,19.6,17.91,1.6900000000000013,32.87070709,59.22888401,774.7277127874144
11749,CHN42057,CHN,42057,DONGTAI,354827.0,94.49,37.86,37.86,2.25,26.26,25.66,0.6000000000000014,32.85684859,120.3194217,3755.1804423748545
11751,PRT42062,PRT,42062,FUNCHAL,185918.0,622.7,30.63,30.63,3.55,15.11,15.59,-0.4800000000000004,32.74059756,-16.99148969,298.567528504898
11761,LBY42083,LBY,42083,ALBAYDA,132874.0,528.52,44.1,44.1,0.92,17.85,18.98,-0.7299999999999969,32.76423956,21.83290274,251.40770453341406
11775,CHN42123,CHN,42123,GAOYOU,225160.0,69.49,37.25,37.25,2.66,26.15,25.720999999999997,-0.33999999999999986,32.78267628,119.4495995,3240.1784429414306
11782,IND42138,IND,42138,JAMMU,425163.0,413.32,32.54,32.54,0.22,21.38,21.79,-0.41000000000000014,32.69578308,74.85118412,1028.653343656247
11783,CHN42139,CHN,42139,MINGGUANG,155007.0,64.97,38.44,38.44,1.84,24.9,24.76,0.13999999999999702,32.78356929,117.9939713,2385.8242265661074
11787,CHN42150,CHN,42150,XIEQIAO,105379.2,56.31,40.85,40.85,1.25,24.75,24.7,0.05000000000000071,32.76987935,116.390159,1856.686201385189
11796,USA42175,USA,42175,YUMA,105379.2,731.77,51.06699999999999,51.06699999999999,-0.8,23.63,24.03,-0.40000000000000213,32.67797938,-114.5731492,143.84164423247742
11797,USA42179,USA,42179,LONGVIEW,105853.0,1206.93,41.44,41.44,1.19,21.79,20.92,0.8699999999999974,32.50807776,-94.78212819,87.70434076541306
11800,CHN42185,CHN,42185,HOUPO,119441.0,47.765,39.62,39.62,1.01,22.49,22.49,0.0,32.76907873,111.7166557,20664.53287197232
11803,CHN42198,CHN,42198,HUAINAN,1215262.0,580.3,40.87,40.87,3.19,25.42,25.11,0.3100000000000023,32.65145191,116.9268842,2094.196105462692
11805,CHN42203,CHN,42203,ANKANG,221409.0,188.55,37.18,37.18,2.22,22.81,22.27,0.5399999999999991,32.71531936,109.0250033,1174.272076372315
11811,USA42230,USA,42230,SHREVEPORT,291492.0,1624.97,38.16,38.16,2.09,21.49,19.88,1.6099999999999994,32.51777687,-93.68532448,179.38300399391989
11817,CHN42245,CHN,42245,DENGZHOU,250338.0,85.99,37.54,37.54,0.43,25.38,23.95,1.4299999999999997,32.68551737,112.0831472,2911.245493662054
11819,CHN42247,CHN,42247,TIANCHANG,180114.0,47.765,37.41,37.41,3.01,25.76,25.03,0.7300000000000004,32.69464656,119.0111242,4532.310015098137
11821,LBY42251,LBY,42251,MISRATAH,495789.0,1447.24,46.38,46.38,-1.7769999999999997,20.75,19.97,0.7800000000000011,32.43637062,14.68978243,342.5755230645919
11822,CHN42253,CHN,42253,SHIYAN,560712.0,521.41,36.42,36.42,2.47,23.31,22.44,0.8699999999999974,32.61344296,110.8188331,1075.3763832684454
11829,IRQ42265,IRQ,42265,KARBALA,425715.0,255.27,51.06699999999999,51.06699999999999,-1.26,26.261,25.05,1.3099999999999987,32.62788912,44.04771298,1667.7047831707603
11830,USA42271,USA,42271,JACKSON,315999.0,1711.73,35.84,35.84,3.1,21.33,19.77,1.5599999999999987,32.33841473,-90.16200071,184.6079697148499
11831,CHN42277,CHN,42277,CHENGGUAN,201182.0,67.96,38.2,38.2,0.14,24.27,23.92,0.34999999999999787,32.64128621,115.5858932,2960.3001765744557
11836,CHN42289,CHN,42289,YINGHE,214063.0,73.03,40.9,40.9,1.56,24.26,24.46,-0.1999999999999993,32.63956066,116.2685105,2931.1652745447077
11838,USA42294,USA,42294,MONTGOMERY,244696.0,1457.42,32.46,32.46,1.56,21.04,20.48,0.5599999999999987,32.42052242,-86.29894012,167.8966941581699
11841,USA42303,USA,42303,COLUMBUS,459480.0,901.07,32.85,32.85,2.52,20.61,19.99,0.620000000000001,32.47648898,-84.9584887,509.92708668582907
11843,JPN42308,JPN,42308,MIYAZAKI,807755.0,1452.1,38.82,38.82,4.17,23.46,22.37,1.0899999999999999,32.03890578,131.3755822,556.2667860340197
11852,PAK42332,PAK,42332,GUJRAT,264594.0,127.35,32.62,32.62,0.01,22.59,22.5,0.08999999999999986,32.57523416,74.08545283,2077.691401648999
11854,PAK42339,PAK,42339,MANDIBAHAUDDIN,106646.0,79.58,35.58,35.58,1.18,24.59,24.29,0.3000000000000007,32.58464654,73.49324855,1340.1105805478765
11855,CHN42341,CHN,42341,BUJIANG,143576.0,97.68,41.29,41.29,2.29,24.76,24.37,0.39000000000000057,32.57850756,113.0538463,1469.8607698607698
11857,USA42345,USA,42345,ABILENE,126357.0,1128.52,50.1,50.1,0.4,22.43,22.2,0.23000000000000043,32.44459326,-99.71054325,111.96700102789494
11861,JOR42349,JOR,42349,IRBID,329965.0,325.47,48.55,48.55,-0.05,19.44,18.81,0.6300000000000026,32.53992895,35.92153771,1013.8107966940116
11868,IRQ42362,IRQ,42362,ALKUT,262832.0,260.63,51.06699999999999,51.06699999999999,0.18,26.19,25.5,0.6900000000000013,32.52340633,45.84191194,1008.4487587768101
11870,PAK42372,PAK,42372,SIALKOT,486637.0,312.1,33.01,33.01,0.96,24.54,23.64,0.8999999999999986,32.50563534,74.51635499,1559.2342198013457
11872,IRQ42376,IRQ,42376,ALHILLAH,385725.0,443.94,51.06699999999999,51.06699999999999,-0.77,25.36,24.49,0.870000000000001,32.49405509,44.39030535,868.867414515475
11874,CHN42382,CHN,42382,DANJIANGKOU,241022.0,95.88,37.84,37.84,2.42,23.86,22.96,0.8999999999999986,32.54113728,111.5157637,2513.788068418857
11875,CHN42383,CHN,42383,HAIAN,217583.0,82.51,40.45,40.45,3.6,26.261,25.720999999999997,0.7800000000000011,32.54484557,120.4687738,2637.0500545388436
11886,MEX42400,MEX,42400,SANLUISRIOCOLORADO,126645.0,47.765,51.06699999999999,51.06699999999999,-1.66,22.59,22.1,0.48999999999999844,32.47798212,-114.8241031,inf
11887,USA42401,USA,42401,TUCSON,738287.0,1953.75,51.06699999999999,51.06699999999999,1.86,21.97,19.93,1.7710000000000001,32.26676402,-110.9504253,377.88202175303906
11888,DZA42408,DZA,42408,GHARDAIA,164669.0,209.3,50.82,50.82,-0.18,25.32,24.21,1.1099999999999994,32.49212489,3.684897741,786.7606306736741
11895,IRN42425,IRN,42425,DEZFUL,339810.0,857.88,51.06699999999999,51.06699999999999,-0.76,25.38,25.720999999999997,-0.6600000000000001,32.29704307,48.39238408,396.10435025877746
11898,CHN42442,CHN,42442,JIANGYAN,258211.0,86.16,39.92,39.92,3.18,26.261,25.720999999999997,0.5400000000000027,32.51457887,120.1437204,2996.877901578459
11903,LBY42454,LBY,42454,ALMARJ,125623.0,143.39,47.89,47.89,1.14,18.54,19.05,-0.5100000000000016,32.4976344,20.84982361,876.0931724666993
11905,CHN42465,CHN,42465,TAIZHOU,557770.0,121.66,41.4,41.4,2.44,26.261,25.720999999999997,0.7699999999999996,32.50008005,119.9098592,4584.662173269769
11914,CHN42503,CHN,42503,GUANGYUAN,386846.0,263.8,35.42,35.42,3.22,21.12,20.23,0.8900000000000006,32.42938095,105.7751728,1466.4366944655042
11919,CHN42513,CHN,42513,LAOHEKOU,348132.0,135.1,36.56,36.56,0.03,24.41,23.96,0.4499999999999993,32.41113915,111.6725317,2576.8467801628426
11921,CHN42515,CHN,42515,YANGZHOU,1301434.0,333.63,40.37,40.37,2.25,26.261,25.720999999999997,1.0,32.41365261,119.4808344,3900.8302610676496
11934,LBY42541,LBY,42541,TARHUNAH,105379.2,65.94,51.06699999999999,51.06699999999999,-0.47,19.8,19.62,0.17999999999999972,32.43791991,13.64335329,1571.2162572035184
11938,USA42556,USA,42556,ELPASO,773034.0,2138.968,51.06699999999999,51.06699999999999,-0.6,19.95,19.18,0.7699999999999996,31.93066632,-106.46822,297.680275409533
11939,MEX42556,MEX,42556,JUAREZ,1144803.0,47.765,51.06699999999999,51.06699999999999,-0.47,20.24,20.08,0.16000000000000014,31.62191032,-106.4175364,inf
11945,IRN42569,IRN,42569,SHAHRKORD,110464.0,402.09,51.06699999999999,51.06699999999999,-0.18,15.67,16.54,-0.7299999999999969,32.29730426,50.87992419,274.72456415230425
11949,CHN42577,CHN,42577,RUGAO,340836.0,77.57,43.42,43.42,4.17,26.261,25.720999999999997,0.759999999999998,32.39795324,120.5641225,4393.915173391775
11955,IND42591,IND,42591,PATHANKOT,218185.0,335.98,30.66,30.66,0.32,22.67,22.48,0.19000000000000128,32.31567144,75.62476489,649.3987737365319
11963,IRN42614,IRN,42614,YAZD,463976.0,1203.34,51.06699999999999,51.06699999999999,-0.44,22.74,21.74,1.0,32.02333418,54.23546925,385.5734871274952
11965,USA42618,USA,42618,SAVANNAH,221208.0,1445.25,30.76,30.76,-0.06,21.72,21.05,0.6699999999999982,32.09353157,-81.15275751,153.0586403736378
11966,MAR42621,MAR,42621,BANIMALLAL,146154.0,171.23,51.06699999999999,51.06699999999999,2.2,21.49,19.66,1.7710000000000001,32.32864815,-6.36314201,853.5536997021551
11969,CHN42628,CHN,42628,CHENGGUAN,105379.2,53.68,37.98,37.98,3.67,25.97,25.29,0.6799999999999997,32.34368438,116.2755519,1892.1572280178837
11970,CHN42629,CHN,42629,NANJING,2067882.5999999978,1368.67,41.19,41.19,2.83,26.261,25.71,0.8900000000000006,32.09996818,118.8147685,3177.137659187386
11974,PAK42637,PAK,42637,DASKA,108958.0,58.77,30.56,30.56,-1.7769999999999997,24.88,24.02,0.8599999999999994,32.33299288,74.36351867,1853.973115535137
11978,MAR42650,MAR,42650,SAFI,254875.0,150.18,46.16,46.16,0.63,17.43,16.9,0.5300000000000011,32.27922492,-9.211631603,1697.1301105340258
11979,CHN42657,CHN,42657,CHUZHOU,291763.0,132.05,41.04,41.04,4.11,26.261,25.58,0.7300000000000004,32.3017396,118.3239855,2209.4888299886406
11989,PAK42682,PAK,42682,KHUSHAB,134105.0,229.55,36.17,36.17,-1.7769999999999997,25.96,25.720999999999997,0.15000000000000213,32.29417963,72.333966,584.2082335003267
11990,PAK42683,PAK,42683,GUJRANWALA,1459965.0,521.23,34.95,34.95,0.53,23.64,23.69,-0.05000000000000071,32.15110246,74.19476486,2800.9995587360663
11998,CHN42703,CHN,42703,YIZHENG,254666.0,138.83,40.54,40.54,2.55,25.97,25.31,0.6600000000000001,32.28192806,119.1481485,1834.3729741410357
12003,LBY42711,LBY,42711,BANGAZ,647543.0,979.39,46.86,46.86,-1.47,22.23,20.9,1.3300000000000018,32.05452669,20.15619297,661.1697076751856
12006,CHN42718,CHN,42718,SHIHUA,105379.2,47.765,36.51,36.51,0.66,24.32,23.53,0.7899999999999991,32.2835555,111.4650528,3542.741080890145
12007,CHN42719,CHN,42719,CHENGGUAN,144591.0,76.46,37.64,37.64,1.34,24.47,24.4,0.07000000000000028,32.26385278,111.6399342,1891.06722469265
12018,CHN42744,CHN,42744,YANGZHONG,161243.0,85.84,39.82,39.82,1.41,26.261,25.720999999999997,0.40000000000000213,32.24833441,119.7904932,1878.4133271202236
12021,LBY42750,LBY,42750,GARYAN,123033.0,322.13,51.06699999999999,51.06699999999999,-0.98,20.48,20.73,-0.25,32.12556371,12.99125458,381.9358644025704
12026,CHN42759,CHN,42759,DONGHE,108096.0,98.78,34.35,34.35,3.33,21.5,19.93,1.5700000000000003,32.22857609,106.240186,1094.3105891880948
12028,PSE42766,PSE,42766,NABLUS,167943.0,66.83,44.63,44.63,-1.7769999999999997,19.86,20.5,-0.6400000000000006,32.22333566,35.2716397,2512.9881789615442
12030,CHN42769,CHN,42769,ZHENJIANG,737501.0,191.28,39.91,39.91,0.7,26.261,25.720999999999997,0.7699999999999996,32.19118692,119.5058423,3855.6095775826016
12042,CHN42797,CHN,42797,XINYANG,485996.0,233.6,41.09,41.09,4.17,26.18,24.51,1.6699999999999982,32.12915085,114.087554,2080.4623287671234
12043,CHN42799,CHN,42799,TAIXING,404306.0,107.56,40.23,40.23,3.0,26.261,25.720999999999997,0.5100000000000016,32.17104914,120.0065761,3758.888062476757
12052,DZA42821,DZA,42821,OUARGLA,186851.0,1037.38,51.06699999999999,51.06699999999999,-0.22,23.93,23.46,0.46999999999999886,31.95750294,5.248049945,180.11818234398194
12053,JOR42822,JOR,42822,AMMAN,2067882.5999999978,1460.45,47.92,47.92,-1.66,18.82,19.07,-0.25,31.96876777,35.97552125,1654.1675510972645
12063,PAK42843,PAK,42843,SARGODHA,479920.0,221.16,39.35,39.35,1.47,26.261,25.64,0.6699999999999982,32.08530699,72.68137649,2170.0126605172727
12064,CHN42844,CHN,42844,XIANGFAN,1115357.0,448.86,39.45,39.45,2.26,25.9,25.08,0.8200000000000003,32.05488586,112.1566724,2484.8661052443967
12065,CHN42845,CHN,42845,ZAOYANG,344918.0,111.23,42.64,42.64,1.45,25.14,24.38,0.7600000000000016,32.11610852,112.760711,3100.943989930774
12080,LBY42877,LBY,42877,TUBRUQ,119147.0,193.06,42.23,42.23,-1.7769999999999997,22.93,21.72,1.2100000000000009,32.05349172,23.9555142,617.1501087744742
12086,IRQ42892,IRQ,42892,ANNAJAF,562616.0,736.35,49.1,49.1,-1.43,26.261,25.720999999999997,0.6199999999999974,31.91526462,44.44749695,764.0605690228831
12090,PAK42911,PAK,42911,HAFIZABAD,137211.0,89.5,36.01,36.01,0.74,24.12,24.36,-0.23999999999999844,32.07028215,73.69636511,1533.0837988826815
12091,CHN42914,CHN,42914,NANTONG,611736.0,293.91,43.98,43.98,4.17,26.04,25.41,0.629999999999999,32.02627889,120.8618301,2081.3718485250583
12092,CHN42915,CHN,42915,TONGZHOU,652777.0,50.2,42.41,42.41,2.84,25.93,25.29,0.6400000000000006,32.08505098,121.0746841,13003.525896414341
12095,LBY42921,LBY,42921,YAFRAN,111377.0,106.98,51.06699999999999,51.06699999999999,-1.71,21.75,20.62,1.129999999999999,32.0526813,12.55835396,1041.1011404000747
12098,USA42928,USA,42928,MIDLAND,203738.0,1437.15,51.06699999999999,51.06699999999999,-1.14,21.52,21.28,0.23999999999999844,31.92289841,-102.2492254,141.76529937723967
12100,CHN42936,CHN,42936,CHENGGUAN,115213.0,56.76,36.46,36.46,3.55,22.86,21.93,0.9299999999999997,32.06421857,110.7436863,2029.8273431994362
12113,CHN42974,CHN,42974,JIANGYIN,1240709.0,512.68,44.83,44.83,3.89,26.261,25.720999999999997,0.41000000000000014,31.91373017,120.4141187,2420.045642506047
12117,IRQ42982,IRQ,42982,ADDIWANIYAH,281967.0,197.37,51.06699999999999,51.06699999999999,0.34,26.01,24.77,1.240000000000002,31.98297033,44.9233764,1428.6213710290317
12121,CHN42991,CHN,42991,DANYANG,339123.0,74.27,39.73,39.73,-1.29,26.261,25.720999999999997,0.75,32.00392325,119.5785016,4566.083209909789
12142,CHN43043,CHN,43043,JURONG,199807.0,48.81,40.58,40.58,1.5,26.261,25.720999999999997,1.1199999999999974,31.95275373,119.1652235,4093.5668920303215
12148,CHN43068,CHN,43068,HEFEI,1956019.0,767.29,40.98,40.98,2.51,26.261,25.47,0.9800000000000004,31.84141866,117.2812891,2549.2564740841144
12155,MEX43096,MEX,43096,ENSENADA,238251.0,356.61,41.84,41.84,-0.32,13.28,14.06,-0.7299999999999969,31.83139775,-116.5891075,668.0996046100782
12158,PAK43102,PAK,43102,DERAISMAILKHAN,121917.0,247.01,39.41,39.41,0.2,26.13,25.64,0.48999999999999844,31.83521261,70.8882779,493.57111048135704
12162,CHN43113,CHN,43113,HAIMEN,303543.0,67.8,43.49,43.49,4.17,26.261,25.720999999999997,0.35999999999999943,31.89822296,121.1899072,4477.0353982300885
12169,IRQ43133,IRQ,43133,ALAMARAH,299584.0,242.92,51.06699999999999,51.06699999999999,0.13,26.261,25.720999999999997,1.3599999999999994,31.83114654,47.15325682,1233.2619792524288
12170,CHN43137,CHN,43137,JIANGYOU,366716.0,245.19,32.85,32.85,2.37,20.38,19.98,0.3999999999999986,31.80258579,104.7695073,1495.6401158285412
12176,CHN43158,CHN,43158,BAZHONG,221889.0,71.06,34.35,34.35,1.56,22.17,22.01,0.16000000000000014,31.85857564,106.762982,3122.558401350971
12179,JPN43167,JPN,43167,KAGOSHIMA,833367.0,975.74,34.88,34.88,3.07,22.61,22.16,0.4499999999999993,31.70193011,130.5009166,854.0871543648923
12186,CHN43182,CHN,43182,YEJI,118902.0,47.765,42.36,42.36,4.17,25.58,24.77,0.8099999999999987,31.84992472,115.9181342,5258.823529411765
12191,IND43193,IND,43193,BATALA,123470.0,81.71,41.85,41.85,4.17,24.71,24.4,0.3100000000000023,31.82607238,75.21427501,1511.075755721454
12193,CHN43195,CHN,43195,CHANGZHOU,1513152.0,365.71,45.94,45.94,3.21,26.261,25.720999999999997,0.7100000000000009,31.77220966,119.9731663,4137.573487189303
12198,PAK43204,PAK,43204,MURIDIKE,115957.0,92.69,36.51,36.51,-0.03,25.2,24.68,0.5199999999999996,31.78750079,74.26485285,1251.0195274571151
12200,CHN43207,CHN,43207,QIDONG,392959.0,62.01,42.14,42.14,3.77,25.72,25.44,0.2799999999999976,31.81920109,121.6622913,6337.02628608289
12201,USA43209,USA,43209,WACO,169038.0,863.54,46.85,46.85,-0.41,23.82,23.61,0.21000000000000085,31.55634552,-97.16869047,195.75005211107768
12206,PAK43223,PAK,43223,BHAKKAR,124975.0,206.74,44.54,44.54,2.22,26.261,25.720999999999997,0.6300000000000026,31.70128604,71.09064114,604.5032407855277
12212,CHN43235,CHN,43235,LIUAN,355816.0,130.51,42.74,42.74,3.97,26.0,25.44,0.5599999999999987,31.76132138,116.5096267,2726.3504712282584
12217,PAK43244,PAK,43244,CHINIOT,223995.0,133.02,36.44,36.44,3.31,25.98,25.45,0.5300000000000011,31.74019321,72.96312264,1683.9197113216057
12219,CHN43250,CHN,43250,MAANSHAN,672995.0,300.64,42.61,42.61,3.8,26.261,25.720999999999997,0.9499999999999993,31.69966437,118.5084233,2238.5411122937735
12224,CHN43259,CHN,43259,SUIZHOU,535769.0,130.73,42.2,42.2,3.08,25.87,25.04,0.8300000000000018,31.72428109,113.3850675,4098.286544786966
12225,CHN43261,CHN,43261,JINTAN,229771.0,56.95,42.88,42.88,3.06,26.261,25.720999999999997,0.7799999999999976,31.75000783,119.5787268,4034.6093064091306
12231,PAK43274,PAK,43274,SHEIKHUPURA,293667.0,204.56,36.02,36.02,0.12,25.69,25.4,0.2900000000000027,31.69452434,74.00243043,1435.603245991396
12237,MAR43283,MAR,43283,MARRAKECH,793428.0,518.24,51.06699999999999,51.06699999999999,-0.54,21.23,20.31,0.9200000000000017,31.64392871,-8.017050582,1531.0049397962334
12243,CHN43297,CHN,43297,YICHENG,210098.0,48.51,40.63,40.63,3.35,26.21,25.37,0.8399999999999999,31.70990579,112.2568977,4331.024531024531
12255,DZA43317,DZA,43317,BECHAR,154414.0,422.06,51.06699999999999,51.06699999999999,0.18,23.55,23.16,0.39000000000000057,31.58105512,-2.275144541,365.85793489077383
12259,IND43327,IND,43327,AMRITSAR,955152.0,266.1,39.0,39.0,3.4,24.83,24.39,0.4399999999999977,31.63480689,74.87853829,3589.4475760992104
12260,CHN43329,CHN,43329,WUXI,1425766.0,442.6,46.12,46.12,4.17,26.261,25.720999999999997,1.0300000000000011,31.5794777,120.2906491,3221.3420695887935
12261,CHN43330,CHN,43330,CHANGSHU,565178.0,93.55,45.68,45.68,4.17,26.261,25.720999999999997,1.2399999999999984,31.65417703,120.7522404,6041.453768038482
12263,PAK43336,PAK,43336,LAHORE,2067882.5999999978,982.8,39.71,39.71,2.25,25.75,25.03,0.7199999999999989,31.52338199,74.34090911,5595.815018315018
12272,CHN43350,CHN,43350,CHAOHU,335830.0,131.9,41.2,41.2,3.41,25.73,25.2,0.5300000000000011,31.62652325,117.8714748,2546.0955269143287
12282,CHN43374,CHN,43374,GUANGSHUI,320278.0,58.49,41.99,41.99,3.06,24.99,24.62,0.36999999999999744,31.61949511,113.8345722,5475.773636519063
12286,IRN43395,IRN,43395,AHVAZ,949032.0,2138.968,51.06699999999999,51.06699999999999,0.37,26.261,25.57,1.0399999999999991,31.13437435,49.18477261,222.4547487447787
12291,CHN43409,CHN,43409,LANGZHONG,198447.0,66.56,34.07,34.07,0.35,22.4,21.84,0.5599999999999987,31.58498953,105.9793377,2981.475360576923
12302,PSE43436,PSE,43436,HEBRON,214731.0,122.96,45.03,45.03,-1.7769999999999997,17.27,18.49,-0.7299999999999969,31.52845342,35.10093346,1746.3484059856864
12311,IND43463,IND,43463,HOSHIARPUR,160424.0,87.83,37.62,37.62,4.17,22.63,22.47,0.16000000000000014,31.53011982,75.91811433,1826.5285210064899
12312,CHN43464,CHN,43464,CHENGGUAN,189504.0,87.13,37.88,37.88,0.9,25.57,25.19,0.379999999999999,31.48810837,116.9633985,2174.956960863078
12314,PAK43471,PAK,43471,FAISALABAD,2067882.5999999978,668.84,40.28,40.28,1.47,25.42,25.04,0.38000000000000256,31.44042982,73.12068629,3213.6938580228452
12315,CHN43472,CHN,43472,MIANYANG,782461.0,278.98,34.54,34.54,1.53,22.1,21.69,0.41000000000000014,31.48157336,104.7342521,2804.720768513872
12322,EGY43493,EGY,43493,DUMYAT,296819.0,485.71,38.08,38.08,2.24,23.55,23.02,0.5300000000000011,31.35410704,31.71809955,611.1033332647053
12324,MEX43498,MEX,43498,NOGALES,156854.0,47.765,48.47,48.47,0.22,18.2,18.2,0.0,31.27952479,-110.9417907,inf
12329,CHN43525,CHN,43525,SHANGHAI,2067882.5999999978,2138.968,44.44,44.44,4.17,26.261,25.720999999999997,0.8900000000000006,31.22652145,121.4127648,5530.7154009593405
12334,CHN43536,CHN,43536,TANGNAN,157273.0,256.53,36.69,36.69,-0.45,26.261,25.720999999999997,0.23999999999999844,31.39062442,118.6467859,613.0783923907536
12345,CHN43570,CHN,43570,WUHU,834964.0,292.84,40.7,40.7,2.85,26.261,25.720999999999997,0.8200000000000003,31.3557079,118.3741264,2851.2634885944544
12348,CHN43579,CHN,43579,LIYANG,294429.0,76.93,43.3,43.3,4.17,26.261,25.720999999999997,0.7199999999999989,31.43092338,119.4785986,3827.2325490705834
12349,CHN43580,CHN,43580,SUZHOU,1344709.0,408.78,46.82,46.82,4.17,26.261,25.720999999999997,0.879999999999999,31.3197255,120.5623415,3289.5665149958413
12365,CHN43618,CHN,43618,KUNSHAN,434429.0,115.85,46.45,46.45,4.17,26.261,25.720999999999997,0.8599999999999994,31.38422388,120.9713335,3749.926629261977
12368,CHN43628,CHN,43628,YIXING,534600.0,155.01,42.21,42.21,4.17,26.261,25.720999999999997,0.7399999999999984,31.32224606,119.8226222,3448.809754209406
12371,IND43637,IND,43637,JALANDHAR,679181.0,284.58,37.59,37.59,1.71,24.46,24.07,0.39000000000000057,31.32863554,75.59485613,2386.6083350903086
12379,PAK43665,PAK,43665,JARANWALA,108247.0,68.2,34.75,34.75,0.32,24.35,24.26,0.08999999999999986,31.33558895,73.42781282,1587.1994134897361
12380,CHN43666,CHN,43666,MIANZHU,168713.0,52.8,35.27,35.27,2.27,21.55,20.9,0.6500000000000021,31.33991212,104.2070501,3195.32196969697
12381,CHN43667,CHN,43667,NANLONG,142722.0,47.765,35.6,35.6,1.85,22.12,21.86,0.26000000000000156,31.34856311,106.0613578,3299.1678224687935
12387,EGY43684,EGY,43684,ALISKANDARIYAH,2067882.5999999978,1542.03,41.37,41.37,-0.23,23.98,21.81,1.7710000000000001,31.0039209,29.70397381,2436.3501358598733
12391,PAK43693,PAK,43693,JHANGMAGHIANA,306353.0,183.85,37.81,37.81,-0.72,26.261,25.720999999999997,0.4200000000000017,31.27075104,72.33735979,1666.3203698667392
12395,CHN43705,CHN,43705,WUCHENG,161404.0,52.09,39.3,39.3,1.77,26.261,25.63,0.8399999999999999,31.30273461,117.9178869,3098.5601842964097
12403,EGY43727,EGY,43727,BURSAID,500724.0,47.765,42.88,42.88,3.15,24.13,24.49,-0.35999999999999943,31.24507327,32.28655515,11320.913407189691
12405,CHN43730,CHN,43730,ANLU,162216.0,83.67,39.44,39.44,3.59,26.25,25.45,0.8000000000000007,31.26911492,113.6915809,1938.7594119756184
12406,CHN43731,CHN,43731,CHENGGUAN,129320.0,48.59,39.11,39.11,1.89,26.13,25.33,0.8000000000000007,31.2889706,114.6144364,2661.4529738629344
12411,CHN43747,CHN,43747,CHENGGUAN,136201.0,82.94,39.71,39.71,1.76,25.35,25.2,0.15000000000000213,31.26098495,117.3051868,1642.1630094043887
12415,CHN43764,CHN,43764,HUAYUAN,143987.0,55.78,40.51,40.51,2.64,26.261,25.720999999999997,0.7100000000000009,31.26041598,113.9893528,2581.3373969164572
12419,CHN43783,CHN,43783,DAZHOU,262555.0,164.16,36.46,36.46,1.58,23.19,22.51,0.6799999999999997,31.21077484,107.4690839,1599.384746588694
12426,USA43800,USA,43800,KILLEEN,244180.0,1136.56,45.73,45.73,0.42,23.33,23.17,0.1599999999999966,31.10835646,-97.60166319,214.84127542760612
12437,EGY43820,EGY,43820,ALMATARIYAH,222722.0,196.79,36.66,36.66,1.89,22.85,23.38,-0.5299999999999976,31.17368417,31.90066231,1131.7749885664923
12440,CHN43829,CHN,43829,ZHONGXIANG,391102.0,63.45,37.07,37.07,0.74,26.261,25.720999999999997,0.8900000000000006,31.17695382,112.5867784,6163.940110323088
12441,CHN43830,CHN,43830,MACHENG,258848.0,99.91,41.61,41.61,2.38,25.93,25.37,0.5599999999999987,31.17410269,115.0054418,2590.811730557502
12446,CHN43843,CHN,43843,WUJIANG,410656.0,55.8,43.61,43.61,2.61,26.261,25.720999999999997,0.6899999999999977,31.16977001,120.6486058,7359.426523297491
12448,EGY43848,EGY,43848,ALARISH,117872.0,165.5,46.8,46.8,-0.42,23.2,22.49,0.7100000000000009,31.10513312,33.79200191,712.2175226586103
12449,PAK43850,PAK,43850,GOJRA,122294.0,81.57,40.95,40.95,1.22,26.12,25.52,0.6000000000000014,31.15261824,72.69049244,1499.2521760451148
12452,CHN43863,CHN,43863,DEYANG,365172.0,171.26,35.27,35.27,2.4,21.91,21.76,0.14999999999999858,31.12488197,104.3985398,2132.2667289501346
12457,PAK43875,PAK,43875,KASUR,254508.0,107.3,37.54,37.54,2.44,24.67,24.61,0.060000000000002274,31.13011924,74.46465193,2371.9291705498604
12459,EGY43877,EGY,43877,DISUQ,124606.0,51.21,36.33,36.33,0.12,22.31,21.58,0.7300000000000004,31.13187151,30.65170769,2433.235696153095
12461,CHN43880,CHN,43880,SHIFANG,163125.0,47.765,34.39,34.39,1.31,21.06,21.36,-0.3000000000000007,31.13327169,104.1727751,3467.793367346939
12464,IRQ43884,IRQ,43884,ANNASIRIYAH,381569.0,317.76,51.06699999999999,51.06699999999999,-0.62,26.261,25.32,0.9699999999999989,31.04395753,46.2698208,1200.8087865055388
12466,EGY43888,EGY,43888,KAFRASHSHAYKH,134633.0,61.02,38.89,38.89,2.27,22.52,21.83,0.6900000000000013,31.10931424,30.948737,2206.374959029826
12467,EGY43889,EGY,43889,DIKIRNIS,145153.0,61.02,36.41,36.41,1.06,22.61,22.64,-0.030000000000001137,31.10499697,31.62423844,2378.777450016388
12473,IRN43903,IRN,43903,ZABOL,109525.0,702.92,51.06699999999999,51.06699999999999,0.77,26.261,25.720999999999997,0.4800000000000004,30.99329907,61.56041427,155.81431741876744
12475,IND43905,IND,43905,SHIMLA,140952.0,74.99,28.24,28.24,-1.04,12.5,14.95,-0.7299999999999969,31.10253398,77.17090534,1879.6106147486332
12486,CHN43925,CHN,43925,JINGMEN,474545.0,210.41,39.32,39.32,2.86,26.261,25.720999999999997,0.7900000000000027,31.03645926,112.208264,2255.3348224894253
12489,EGY43933,EGY,43933,DAMANHUR,221403.0,121.38,37.73,37.73,0.56,22.41,21.65,0.7600000000000016,31.04712109,30.46845149,1824.0484429065746
12490,EGY43934,EGY,43934,ALMAHALLAHALKUBRA,993832.0,332.61,37.91,37.91,1.6,23.05,22.22,0.8300000000000018,31.01727202,31.31588483,2987.9799164186284
12505,CHN43974,CHN,43974,TONGCHENG,170088.0,47.765,39.59,39.59,2.75,24.76,24.66,0.10000000000000142,31.05436234,116.9574606,3670.4359085023734
12509,SAU43980,SAU,43980,ARAAR,138701.0,460.92,51.06699999999999,51.06699999999999,0.27,24.62,23.73,0.8900000000000006,30.96105789,41.06209198,300.9220689056669
12510,CHN43983,CHN,43983,XINSHI,132098.0,57.68,41.3,41.3,3.38,26.261,25.63,1.2200000000000024,31.03025021,113.1156433,2290.1872399445215
12514,CHN43992,CHN,43992,ZHOUKOU,105379.2,47.765,33.86,33.86,0.54,23.34,23.19,0.14999999999999858,31.03108251,106.4144722,2244.509169363538
12515,CHN43993,CHN,43993,CHENGGUAN,109829.0,58.12,38.45,38.45,2.53,25.6,25.59,0.010000000000001563,31.03128875,113.7432907,1889.6937370956641
12519,IND44003,IND,44003,LUDHIANA,1377128.0,462.63,40.45,40.45,2.79,24.23,23.74,0.490000000000002,30.91138243,75.87145878,2976.737349501762
12522,USA44006,USA,44006,MOBILE,626103.0,2138.968,33.27,33.27,1.19,21.81,21.26,0.5499999999999972,30.53791017,-88.51183627,149.416868919006
12524,CHN44010,CHN,44010,ZHICHENG,202330.0,62.56,44.23,44.23,4.17,26.261,25.720999999999997,0.6799999999999997,31.00214253,119.9133702,3234.1751918158566
12526,CHN44016,CHN,44016,DUJIANGYAN,262421.0,57.41,34.04,34.04,2.91,21.07,19.55,1.5199999999999996,30.99680222,103.6351372,4570.998083957499
12528,CHN44028,CHN,44028,CHENGDU,2067882.5999999978,1209.17,35.03,35.03,0.67,22.67,21.92,0.75,30.71255862,104.0832409,3829.2787614644753
12532,CHN44038,CHN,44038,PENGZHOU,245869.0,47.765,35.02,35.02,1.31,22.01,21.64,0.370000000000001,30.99011621,103.9479473,6549.520511454449
12544,CHN44064,CHN,44064,TONGLING,471156.0,319.65,40.13,40.13,2.5,26.08,25.720999999999997,0.31999999999999673,30.91404954,117.8445664,1473.974659784139
12548,CHN44074,CHN,44074,YINGCHENG,305507.0,67.74,38.22,38.22,2.46,26.261,25.720999999999997,0.9100000000000001,30.9496038,113.5792449,4509.994095069384
12549,CHN44075,CHN,44075,XIAOGAN,427881.0,109.0,40.41,40.41,4.17,26.261,25.720999999999997,1.4600000000000009,30.93630745,113.9281405,3925.5137614678897
12550,CHN44076,CHN,44076,XUANCHENG,209133.0,82.48,42.26,42.26,2.85,25.72,25.16,0.5599999999999987,30.94906347,118.7549734,2535.5601357904948
12555,CHN44089,CHN,44089,HUZHOU,613290.0,216.19,42.97,42.97,3.26,26.261,25.720999999999997,0.4200000000000017,30.88746863,120.0422299,2836.810213238355
12581,EGY44150,EGY,44150,ISMAILIA,273470.0,934.84,47.25,47.25,-1.71,23.18,23.17,0.00999999999999801,30.5254489,32.29480799,292.5313422617774
12586,CHN44163,CHN,44163,YICHANG,801447.0,694.57,38.25,38.25,1.99,24.45,23.62,0.8299999999999983,30.73185193,111.2438838,1153.8750593892623
12590,CHN44171,CHN,44171,NANCHONG,621403.0,200.95,35.32,35.32,0.46,24.37,23.14,1.2300000000000004,30.81180929,106.1111691,3092.326449365514
12595,CHN44186,CHN,44186,ZHAOZHEN,105379.2,47.765,34.53,34.53,1.27,22.3,21.77,0.5300000000000011,30.8599599,104.4360396,3239.837905236908
12596,CHN44187,CHN,44187,DANGYANG,176580.0,93.64,38.79,38.79,2.41,26.23,25.25,0.9800000000000004,30.83218559,111.7989702,1885.7325929090132
12598,CHN44190,CHN,44190,WEITANG,151976.0,47.765,43.68,43.68,3.73,26.261,25.720999999999997,0.8800000000000026,30.85249513,120.9248218,4123.060227889311
12602,PAK44198,PAK,44198,OKARA,211949.0,128.31,39.15,39.15,0.18,25.51,25.1,0.41000000000000014,30.81359433,73.4569333,1651.850985893539
12604,IND44200,IND,44200,CHANDIGARH,1161776.0,582.4,30.41,30.41,-1.7769999999999997,21.07,21.37,-0.3000000000000007,30.71966239,76.82058047,1994.8076923076924
12607,IND44209,IND,44209,MOGA,121499.0,112.82,35.77,35.77,1.38,25.02,24.94,0.0799999999999983,30.81860175,75.17948343,1076.927849672044
12610,EGY44215,EGY,44215,TANTA,386690.0,120.22,38.18,38.18,1.16,22.66,21.62,1.0399999999999991,30.79948475,31.00006812,3216.519713857927
12614,USA44223,USA,44223,NEWORLEANS,1491385.0,2138.968,33.68,33.68,1.47,22.5,22.38,0.120000000000001,30.20006892,-90.66634817,294.0677147313357
12623,LBY44240,LBY,44240,AJDABIYAH,105379.2,197.76,45.63,45.63,-0.07,20.39,19.8,0.5899999999999999,30.75001802,20.23111736,510.8009708737864
12632,CHN44262,CHN,44262,JIAXING,451443.0,88.53,45.28,45.28,4.17,26.261,25.720999999999997,1.4299999999999997,30.76859278,120.7479744,5099.322263639444
12641,EGY44282,EGY,44282,DIYARBNAJM,144565.0,113.67,37.53,37.53,1.07,22.48,22.5,-0.019999999999999574,30.72581499,31.52066276,1271.7955485176387
12645,EGY44290,EGY,44290,ABUKABIR,152833.0,132.11,37.41,37.41,-1.02,22.88,22.49,0.39000000000000057,30.73307979,31.74568496,1156.8617061539626
12648,USA44297,USA,44297,COLLEGESTATION,133550.0,712.96,46.14,46.14,-0.19,22.78,22.3,0.4800000000000004,30.63126527,-96.28530227,187.31766157989227
12649,EGY44299,EGY,44299,MITGHAMR,192055.0,74.55,37.78,37.78,1.03,22.94,22.02,0.9200000000000017,30.72256443,31.26612155,2576.190476190476
12651,PAK44304,PAK,44304,KAMALIA,105379.2,66.43,36.88,36.88,-0.22,25.32,24.97,0.3500000000000014,30.72856902,72.65248912,1511.4255607406292
12660,USA44322,USA,44322,PENSACOLA,470869.0,2138.968,31.91,31.91,0.23,22.04,21.01,1.0299999999999976,30.39412428,-86.75473807,102.19708906859745
12664,IND44329,IND,44329,KHANNA,277343.0,284.34,38.66,38.66,1.54,23.88,22.86,1.0199999999999996,30.66793681,76.3006728,975.3921361750018
12665,CHN44331,CHN,44331,WUHAN,2067882.5999999978,1235.08,40.91,40.91,3.01,26.261,25.720999999999997,0.8300000000000018,30.59386131,114.2971207,5495.58085306215
12669,USA44342,USA,44342,SANANTONIO,2067882.5999999978,2138.968,46.55,46.55,-0.29,22.87,22.33,0.5400000000000027,29.83377664,-98.1915979,402.6898147578745
12672,PAK44348,PAK,44348,SAHIWAL,215284.0,158.04,39.19,39.19,0.33,25.45,24.94,0.509999999999998,30.67139568,73.10882984,1362.2120982029867
12673,CHN44351,CHN,44351,PINGHU,171529.0,47.765,42.52,42.52,2.8,26.261,25.720999999999997,1.0199999999999996,30.70199502,121.0152652,3871.9864559819416
12679,CHN44360,CHN,44360,HANCHUAN,301811.0,122.51,39.61,39.61,2.09,26.261,25.720999999999997,0.2099999999999973,30.66261216,113.9004824,2463.562158191168
12682,IRQ44366,IRQ,44366,ALBASRAH,743646.0,1314.57,51.06699999999999,51.06699999999999,-0.89,26.261,25.720999999999997,1.4800000000000004,30.41929789,47.75781248,565.6952463543212
12683,CHN44369,CHN,44369,CHIZHOU,175824.0,51.67,39.23,39.23,2.24,26.261,25.720999999999997,1.1099999999999994,30.65839363,117.4847501,3402.8256241532804
12686,CHN44374,CHN,44374,TIANMEN,425090.0,63.52,39.28,39.28,4.17,26.261,25.720999999999997,0.6400000000000006,30.65565819,113.1650076,6692.222921914357
12688,USA44379,USA,44379,TALLAHASSEE,156789.0,868.66,33.29,33.29,1.48,21.45,20.9,0.5500000000000007,30.47911083,-84.27910491,180.4952455506182
12695,CHN44399,CHN,44399,CHONGZHOU,147466.0,47.765,37.08,37.08,3.14,22.62,22.26,0.35999999999999943,30.6387147,103.6743681,4247.292626728111
12696,CHN44400,CHN,44400,ANQING,536893.0,322.96,38.73,38.73,2.97,26.12,25.720999999999997,0.1999999999999993,30.55715447,117.0206571,1662.4133019568987
12698,CHN44402,CHN,44402,NINGGUO,117775.0,62.8,44.22,44.22,3.47,25.39,24.31,1.0800000000000018,30.6292014,118.9858219,1875.3980891719746
12699,CHN44403,CHN,44403,DIPU,114247.0,47.765,43.24,43.24,2.12,26.261,25.720999999999997,1.2899999999999991,30.63681203,119.694806,3771.772862330802
12700,CHN44404,CHN,44404,TONGXIANG,249692.0,47.765,44.92,44.92,3.57,26.261,25.720999999999997,1.2600000000000016,30.63446569,120.5494763,5929.517929232961
12702,EGY44410,EGY,44410,SHEBINELKOM,688980.0,760.13,38.63,38.63,0.53,21.62,21.55,0.07000000000000028,30.49032523,31.10143607,906.3975898859405
12705,EGY44420,EGY,44420,AZZAQAZIQ,315618.0,128.6,37.76,37.76,0.92,23.1,22.47,0.6300000000000026,30.59941845,31.50387068,2454.261275272162
12710,USA44428,USA,44428,LAFAYETTE,248946.0,2040.69,35.92,35.92,0.85,21.56,21.47,0.08999999999999986,30.20301327,-91.99955092,121.99109124854829
12721,USA44455,USA,44455,JACKSONVILLE,898265.0,2138.968,34.89,34.89,1.72,21.46,20.49,0.9700000000000024,30.28984786,-81.65034712,377.561871616396
12723,CHN44460,CHN,44460,PENGLAI,127699.0,47.765,34.08,34.08,1.41,22.18,22.01,0.16999999999999815,30.58907904,105.2558215,8639.986468200272
12732,IND44482,IND,44482,MALERKOTLA,105379.2,79.88,40.38,40.38,3.42,24.21,24.31,-0.09999999999999787,30.5318101,75.89219667,1312.268402603906
12736,CHN44490,CHN,44490,SUINING,428262.0,116.54,34.91,34.91,0.78,23.0,22.79,0.21000000000000085,30.50493658,105.5898357,3674.8069332418054
12738,CHN44493,CHN,44493,HAINING,231629.0,48.81,43.89,43.89,3.18,26.261,25.720999999999997,1.1799999999999997,30.53391464,120.6910235,4745.523458307724
12741,IRN44503,IRN,44503,RAFSANJAN,115905.0,556.02,51.06699999999999,51.06699999999999,-1.7769999999999997,19.51,19.56,-0.04999999999999716,30.42836343,55.99594584,208.45473184417827
12742,CHN44505,CHN,44505,WUYUAN,110458.0,47.765,42.12,42.12,2.66,26.261,25.720999999999997,0.4499999999999993,30.52789605,120.937364,3851.39470013947
12743,MAR44506,MAR,44506,AGADIR,309793.0,471.2,46.36,46.36,-1.7769999999999997,19.09,18.26,0.8299999999999983,30.39217818,-9.522188916,657.4554329371816
12751,CHN44525,CHN,44525,QIANJIANG,372811.0,302.17,36.53,36.53,1.22,26.261,25.720999999999997,0.6500000000000021,30.44911295,112.7991593,1233.77899857696
12754,IRN44532,IRN,44532,KERMAN,455916.0,789.51,51.06699999999999,51.06699999999999,-0.95,18.8,18.36,0.4400000000000013,30.30154513,57.00576953,577.4670365163203
12757,CHN44535,CHN,44535,GUANGAN,204377.0,84.64,35.76,35.76,0.66,23.98,23.02,0.9600000000000009,30.47472682,106.6399488,2414.662098298677
12767,IRN44556,IRN,44556,ABADAN,344917.0,533.57,51.06699999999999,51.06699999999999,1.75,26.261,25.720999999999997,0.6500000000000021,30.35324275,48.33022403,646.4325205689975
12772,IND44569,IND,44569,DEHRADUN,482125.0,379.39,28.24,28.24,-0.42,20.27,16.28,1.7710000000000001,30.34502177,78.05078778,1270.789952291837
12773,CHN44570,CHN,44570,EZHOU,818446.0,227.42,40.45,40.45,2.49,26.261,25.720999999999997,0.3200000000000003,30.39822554,114.887076,3598.8303579280628
12774,CHN44571,CHN,44571,QINGQUAN,153756.0,59.95,40.28,40.28,1.87,26.261,25.720999999999997,0.5299999999999976,30.46282845,115.2634135,2564.737281067556
12778,USA44586,USA,44586,HOUSTON,2067882.5999999978,2138.968,42.84,42.84,1.66,23.97,22.71,1.259999999999998,29.77895837,-95.32937166,410.7343295067351
12781,CHN44592,CHN,44592,ZHIJIANG,165240.0,87.91,37.01,37.01,1.17,26.261,25.720999999999997,0.7899999999999991,30.43679592,111.7703579,1879.6496416789898
12784,CHN44599,CHN,44599,HANGZHOU,2067882.5999999978,706.23,45.29,45.29,3.31,26.261,25.720999999999997,1.1000000000000014,30.20024523,120.2533505,6375.978080795208
12785,USA44604,USA,44604,BEAUMONT,294516.0,2138.968,36.81,36.81,1.39,22.99,22.61,0.379999999999999,30.07717699,-94.00622848,121.23292746177974
12787,EGY44606,EGY,44606,BILBAYS,121267.0,47.765,39.98,39.98,-1.7769999999999997,22.88,22.57,0.3099999999999987,30.42358593,31.56885488,2978.0697445972496
12791,CHN44619,CHN,44619,QIONGLAI,239331.0,47.765,33.27,33.27,0.46,22.85,22.19,0.6600000000000001,30.41625099,103.4718634,5771.183988425368
12794,CHN44626,CHN,44626,SHIPAI,105379.2,47.765,37.54,37.54,1.78,25.32,25.12,0.1999999999999993,30.42131526,116.656938,4241.652684563758
12795,PAK44633,PAK,44633,QUETTA,606508.0,587.54,47.33,47.33,-0.43,19.14,17.47,1.6700000000000017,30.23203155,66.98762739,1032.2837594036152
12797,IND44635,IND,44635,AMBALA,264105.0,205.21,37.28,37.28,-1.7769999999999997,22.43,22.58,-0.14999999999999858,30.36421303,76.82301897,1286.9986842746455
12799,CHN44637,CHN,44637,JIANYANG,270997.0,60.02,34.04,34.04,0.83,22.71,22.19,0.5199999999999996,30.3919774,104.5563573,4515.111629456847
12800,CHN44639,CHN,44639,YIDU,142496.0,47.765,38.68,38.68,-0.97,25.83,25.42,0.4099999999999966,30.38842277,111.4569397,3301.5755329008343
12803,CHN44645,CHN,44645,JINGZHOU,880044.0,344.62,37.63,37.63,3.36,26.261,25.720999999999997,0.7100000000000009,30.3329897,112.2604345,2553.6649062735764
12807,CHN44654,CHN,44654,HUAYING,165000.0,95.57,33.91,33.91,-0.25,23.54,23.21,0.3299999999999983,30.36586575,106.8498261,1726.483206026996
12808,CHN44656,CHN,44656,XIANTAO,518807.0,104.45,37.66,37.66,2.83,26.261,25.720999999999997,0.5,30.37051165,113.4444027,4967.036859741503
12813,IND44668,IND,44668,PATIALA,312764.0,193.4,37.89,37.89,2.14,21.56,22.9,-0.7299999999999969,30.34584292,76.41782166,1617.1871768355738
12815,PAK44674,PAK,44674,PAKPATTAN,113441.0,108.17,40.19,40.19,0.08,25.51,25.27,0.240000000000002,30.35512285,73.39827696,1048.728852731811
12818,USA44683,USA,44683,LAKECHARLES,121399.0,1005.32,38.51,38.51,2.37,23.2,22.5,0.6999999999999993,30.22164891,-93.23203107,120.75657502088886
12825,EGY44702,EGY,44702,ALQAHIRAH,2067882.5999999978,2138.968,45.84,45.84,-1.7769999999999997,23.35,22.28,1.0700000000000003,29.73815665,31.20317844,3158.622472251787
12826,PAK44706,PAK,44706,KHANEWAL,139375.0,103.78,42.41,42.41,1.81,25.02,25.13,-0.10999999999999943,30.30509062,71.93814416,1342.9851609173252
12829,CHN44711,CHN,44711,ENSHI,169877.0,86.75,37.75,37.75,3.87,21.77,21.0,0.7699999999999996,30.29224474,109.4849964,1958.2363112391931
12842,PAK44751,PAK,44751,MULTAN,1251056.0,449.59,39.97,39.97,0.54,25.72,25.35,0.36999999999999744,30.18665717,71.47569853,2782.659756667186
12845,IND44758,IND,44758,BATHINDA,413383.0,158.03,45.53,45.53,4.17,25.47,24.82,0.6499999999999986,30.22327501,74.95196496,2615.8514206163386
12847,CHN44760,CHN,44760,HUANGSHI,1000575.0,391.03,40.73,40.73,2.06,26.261,25.720999999999997,0.6800000000000033,30.19161602,115.0017665,2558.8190164437515
12849,CHN44764,CHN,44764,CAOHE,117971.0,60.82,40.61,40.61,2.01,26.261,25.720999999999997,0.4400000000000013,30.24534908,115.4371838,1939.6744491943439
12852,CHN44771,CHN,44771,LINAN,153680.0,90.5,44.18,44.18,2.56,25.76,24.35,1.4100000000000001,30.23413973,119.7193864,1698.121546961326
12853,IND44773,IND,44773,YAMUNANAGAR,293042.0,207.13,32.95,32.95,2.19,23.43,23.05,0.379999999999999,30.15742255,77.30269352,1414.7733307584608
12858,CHN44788,CHN,44788,CIXI,675727.0,220.44,46.18,46.18,4.17,25.47,24.88,0.5899999999999999,30.18218886,121.2521065,3065.3556523317
12861,IND44794,IND,44794,MALAUT,141207.0,71.98,46.22,46.22,4.17,25.07,25.0,0.07000000000000028,30.19641981,74.50905316,1961.7532647957764
12870,PAK44820,PAK,44820,BUREWALA,159907.0,131.4,42.08,42.08,0.29,25.81,25.55,0.259999999999998,30.15957958,72.68763067,1216.9482496194823
12871,CHN44822,CHN,44822,SONGZI,220548.0,47.765,38.25,38.25,2.9,26.17,25.68,0.490000000000002,30.1794149,111.7816595,5761.442006269593
12874,EGY44835,EGY,44835,ASSUWAYS,460634.0,517.4,51.0,51.0,0.63,23.46,22.17,1.2899999999999991,30.01286612,32.51906927,890.2860456126788
12876,IND44837,IND,44837,ABOHAR,122472.0,95.78,45.08,45.08,0.51,25.26,24.93,0.33000000000000185,30.14758297,74.20583506,1278.6803090415535
12882,PAK44854,PAK,44854,MUZAFFARGARH,134073.0,162.3,41.23,41.23,-0.88,25.86,25.54,0.3200000000000003,30.09523206,71.19994995,826.0813308687615
12883,CHN44855,CHN,44855,ZIYANG,280158.0,81.21,34.72,34.72,1.44,22.56,22.25,0.3099999999999987,30.13231005,104.6387598,3449.796823051349
12887,IND44863,IND,44863,HARDWAR,246268.0,375.49,31.7,31.7,1.42,16.67,16.78,-0.10999999999999943,30.00548564,78.19616923,655.8576792990492
12894,CHN44892,CHN,44892,HUANGMEI,105379.2,49.04,41.05,41.05,3.96,25.25,25.720999999999997,-0.4800000000000004,30.08101053,115.9414022,2108.319738988581
12895,PAK44897,PAK,44897,DERAGHAZIKHAN,202200.0,184.34,44.81,44.81,1.81,26.261,25.720999999999997,0.41999999999999815,30.03903807,70.64978868,1096.8861885646088
12896,CHN44899,CHN,44899,HUANGSHAN,204843.0,47.765,34.71,34.71,0.93,21.15,21.91,-0.7299999999999969,30.07949434,118.1751861,13130.961538461539
12898,CHN44905,CHN,44905,DOUHUTI,204830.0,50.77,34.93,34.93,1.23,26.261,25.720999999999997,0.3000000000000007,30.06734192,112.2312942,4034.469174709474
12903,CHN44916,CHN,44916,MEISHAN,242729.0,47.765,36.34,36.34,2.06,21.58,21.37,0.2099999999999973,30.0535263,103.8330143,5195.398116438357
12905,CHN44918,CHN,44918,YUYAO,348812.0,99.6,44.19,44.19,2.89,25.61,24.55,1.0599999999999987,30.04466899,121.1562688,3502.128514056225
12906,CHN44919,CHN,44919,ZHOUSHAN,448787.0,241.02,36.46,36.46,3.33,23.1,21.65,1.4500000000000028,29.99812227,122.2155643,1862.0321964982159
12909,SAU44929,SAU,44929,JAWF,194570.0,935.82,51.06699999999999,51.06699999999999,0.23,22.96,21.95,1.0100000000000016,29.88070854,40.09913932,207.9139150691372
12910,IRN44930,IRN,44930,MARVDASHT,113870.0,378.03,51.06699999999999,51.06699999999999,-0.26,18.73,18.54,0.19000000000000128,29.92634566,52.82766411,301.2194799354549
12911,CHN44935,CHN,44935,SHANGYU,297118.0,117.24,43.87,43.87,2.36,25.86,25.01,0.8499999999999979,30.02486301,120.8756844,2534.2715796656435
12926,CHN44980,CHN,44980,YAAN,147474.0,73.62,33.14,33.14,1.51,18.82,19.79,-0.7299999999999969,29.99136384,103.0001148,2003.1784841075794
12927,CHN44981,CHN,44981,WENLIN,112740.0,47.765,34.68,34.68,1.09,20.33,20.0,0.3299999999999983,30.00197941,104.1470805,2860.695255011419
12928,CHN44982,CHN,44982,HECHUAN,461985.0,47.765,36.03,36.03,0.69,24.49,23.44,1.0499999999999972,29.99444887,106.2665697,9728.04801010739
12931,IND44988,IND,44988,THANESAR,115473.0,115.29,34.39,34.39,3.42,24.39,23.85,0.5399999999999991,29.97309735,76.86152218,1001.5873015873016
12932,IND44989,IND,44989,SAHARANPUR,444447.0,159.19,35.02,35.02,4.17,21.43,21.81,-0.379999999999999,29.96364613,77.563658,2791.9278849173943
12933,CHN44990,CHN,44990,NINGBO,2032593.0,928.17,43.44,43.44,4.17,25.2,23.77,1.4299999999999997,29.86402346,121.5986518,2189.8930152881476
12941,IND45010,IND,45010,GANGANAGAR,205245.0,197.24,43.32,43.32,-1.7769999999999997,24.33,24.93,-0.6000000000000014,29.90751358,73.91145352,1040.5850740214967
12947,CHN45029,CHN,45029,XIANNING,331707.0,148.91,42.63,42.63,3.55,26.261,25.720999999999997,1.1000000000000014,29.87049629,114.315696,2227.5669867705324
12952,IND45057,IND,45057,ROORKEE,152050.0,125.11,36.1,36.1,4.17,24.24,23.17,1.0699999999999967,29.85623124,77.89790594,1215.3305091519462
12956,USA45063,USA,45063,GAINESVILLE,105408.0,651.01,35.15,35.15,0.82,21.46,20.94,0.5199999999999996,29.71426064,-82.41694012,161.91456352436984
12963,CHN45088,CHN,45088,WUXUE,294512.0,56.3,39.03,39.03,1.46,26.17,25.720999999999997,0.3100000000000023,29.85895513,115.5630559,5231.119005328597
12965,CHN45092,CHN,45092,XINGGUO,109521.0,47.765,40.77,40.77,2.02,26.261,25.720999999999997,1.1000000000000014,29.84709468,115.2176111,2678.4299339691856
12974,IRN45119,IRN,45119,SHIRAZ,1129082.0,1279.28,51.06699999999999,51.06699999999999,0.87,19.79,18.82,0.9699999999999989,29.62685017,52.57228258,882.5917703708336
12975,CHN45122,CHN,45122,HONGHU,335618.0,70.77,36.58,36.58,3.16,26.261,25.720999999999997,0.33000000000000185,29.81817951,113.4665231,4742.376713296595
12978,PAK45128,PAK,45128,CHISHTIANMANDI,107757.0,89.41,44.89,44.89,1.74,26.2,25.6,0.5999999999999979,29.80400892,72.86700446,1205.2007605413264
12980,IND45130,IND,45130,KAITHAL,111515.0,99.1,40.88,40.88,3.54,24.68,23.86,0.8200000000000003,29.80167556,76.40591158,1125.2774974772958
12981,CHN45131,CHN,45131,TONGLU,107719.0,54.75,42.5,42.5,2.49,25.69,24.4,1.2900000000000027,29.80742946,119.6753372,1967.4703196347032
12992,CHN45161,CHN,45161,JIUJIANG,669258.0,219.76,40.54,40.54,4.02,25.99,25.66,0.3299999999999983,29.71980836,116.0107482,3045.4040771751
13003,CHN45190,CHN,45190,SHISHOU,188409.0,80.53,35.29,35.29,1.12,26.11,25.720999999999997,-0.21000000000000085,29.72664034,112.4154983,2339.612566745312
13007,CHN45205,CHN,45205,ZHUJI,469031.0,123.8,45.77,45.77,4.17,26.05,24.49,1.5600000000000023,29.70911347,120.2171058,3788.6187399030696
13013,IND45223,IND,45223,KARNAL,244134.0,305.3,38.89,38.89,3.26,24.48,24.38,0.10000000000000142,29.61254377,76.97361523,799.6528005240747
13020,CHN45236,CHN,45236,LHASA,171719.0,204.43,33.2,33.2,4.17,10.75,10.299000000000001,1.7710000000000001,29.66386282,91.10893125,839.9892383701022
13022,CHN45242,CHN,45242,RUICHANG,132531.0,47.765,40.68,40.68,2.14,26.261,25.720999999999997,0.4299999999999997,29.68723322,115.6632817,4230.162783274816
13024,CHN45250,CHN,45250,YANLING,208747.0,139.61,33.52,33.52,0.57,22.49,22.36,0.129999999999999,29.60347085,104.6639151,1495.2152424611415
13025,USA45253,USA,45253,DAYTONABEACH,274038.0,1331.38,35.76,35.76,3.39,21.43,21.32,0.10999999999999943,29.26065372,-81.06438956,205.83004101007975
13032,IND45269,IND,45269,HANUMANGARH,126403.0,172.45,42.99,42.99,-1.7769999999999997,25.44,25.26,0.17999999999999972,29.60489284,74.31743136,732.9834734705712
13034,CHN45272,CHN,45272,CHONGQING,2067882.5999999978,842.25,38.76,38.76,2.39,25.68,24.69,0.9899999999999984,29.49574449,106.4903399,7900.677945978035
13039,CHN45283,CHN,45283,JINSHI,161142.0,47.765,37.83,37.83,0.9,26.261,25.720999999999997,0.6000000000000014,29.62560106,111.8826656,3511.4839834386576
13041,IND45291,IND,45291,NAJIBABAD,111371.0,70.17,40.83,40.83,2.21,24.44,18.43,1.7710000000000001,29.6150441,78.3469751,1587.1597548810032
13045,CHN45299,CHN,45299,EMEISHAN,128874.0,88.85,35.38,35.38,2.92,22.57,21.35,1.2199999999999989,29.58614713,103.4969431,1450.4670793472144
13048,CHN45304,CHN,45304,SHENGZHOU,296761.0,76.9,47.53,47.53,4.17,25.15,23.82,1.3299999999999983,29.59389648,120.8255943,3859.050715214564
13050,IRN45307,IRN,45307,SIRJAN,161571.0,663.95,51.06699999999999,51.06699999999999,-0.82,18.56,18.68,-0.120000000000001,29.44901442,55.6786224,243.34814368551847
13053,CHN45310,CHN,45310,LESHAN,459507.0,140.48,35.24,35.24,1.27,21.16,21.65,-0.48999999999999844,29.58153618,103.7535563,3270.978075170843
13054,CHN45311,CHN,45311,NEIJIANG,696158.0,165.38,34.69,34.69,0.37,22.76,22.67,0.08999999999999986,29.56694246,105.0546981,4209.444914741807
13063,IRN45324,IRN,45324,ZAHEDAN,472440.0,419.99,51.06699999999999,51.06699999999999,0.48,19.24,18.98,0.259999999999998,29.49906802,60.8599104,1124.8839258077574
13066,IND45341,IND,45341,SIRSA,154621.0,179.29,39.14,39.14,-0.96,25.67,24.87,0.8000000000000007,29.53449538,75.03755897,862.4072731329132
13067,CHN45346,CHN,45346,LINXIANG,188651.0,233.32,38.96,38.96,1.95,26.261,25.720999999999997,0.9600000000000009,29.50640682,113.3755574,808.5504885993486
13074,EGY45368,EGY,45368,ALFAYYUM,485091.0,1197.53,45.61,45.61,-1.7769999999999997,23.3,22.53,0.7699999999999996,29.37289825,30.76907515,405.07628201381175
13076,CHN45372,CHN,45372,CHENGGUAN,112597.0,48.56,37.63,37.63,1.78,26.261,25.720999999999997,0.6000000000000014,29.53000783,112.5724883,2318.719110378913
13078,CHN45378,CHN,45378,CHENGGUAN,135110.0,68.0,45.52,45.52,2.61,24.52,23.83,0.6900000000000013,29.50889115,120.9031467,1986.9117647058824
13087,IND45395,IND,45395,MUZAFFARNAGAR,328012.0,184.67,32.87,32.87,2.84,23.83,23.29,0.5399999999999991,29.45152665,77.71549157,1776.2062056641578
13088,CHN45400,CHN,45400,JIANDE,166717.0,89.48,39.28,39.28,1.8,24.23,24.06,0.1700000000000017,29.47828012,119.2740501,1863.1761287438533
13092,CHN45408,CHN,45408,DANCHENG,105379.2,83.59,39.66,39.66,3.37,23.87,22.74,1.1300000000000026,29.47480664,121.8914759,1250.616102404594
13100,IND45423,IND,45423,SHAMLI,106199.0,58.32,30.54,30.54,0.31,24.05,23.78,0.2699999999999996,29.45321303,77.31537288,1820.9705075445816
13101,CHN45424,CHN,45424,YUEYANG,845109.0,242.55,37.86,37.86,2.23,26.261,25.720999999999997,0.6099999999999994,29.38997187,113.1379415,3484.2671614100186
13102,CHN45425,CHN,45425,PUYANG,113800.0,50.09,44.49,44.49,4.17,25.14,23.7,1.4400000000000013,29.45698303,119.8975631,2271.9105609902176
13103,PAK45428,PAK,45428,BAHAWALPUR,443508.0,359.18,42.66,42.66,-0.05,26.26,25.720999999999997,0.3100000000000023,29.36793292,71.640355,1234.7792193329249
13106,IND45437,IND,45437,PANIPAT,275721.0,204.23,40.57,40.57,0.54,25.25,24.65,0.6000000000000014,29.39546002,76.9780274,1350.0514126230232
13108,KWT45445,KWT,45445,SALMIYA,1247506.0,2138.968,51.06699999999999,51.06699999999999,0.51,26.261,25.27,1.4400000000000013,29.03823332,47.78116762,314.77161190045445
13120,CHN45476,CHN,45476,ZIGONG,626336.0,187.83,34.93,34.93,0.84,23.57,22.45,1.120000000000001,29.36093693,104.7646139,3334.5897886386624
13124,USA45483,USA,45483,TAMPA,2067882.5999999978,2138.968,36.43,36.43,1.56,22.23,21.47,0.7600000000000016,28.11469215,-82.07220444,288.0800827212437
13125,CHN45485,CHN,45485,NANZHOU,115041.0,56.12,36.8,36.8,1.57,26.261,25.720999999999997,0.75,29.37305105,112.4072663,2049.9109052031363
13129,CHN45491,CHN,45491,YONGCHUAN,362379.0,73.34,37.33,37.33,0.47,24.16,23.77,0.39000000000000057,29.35679059,105.9014348,4941.082628851922
13131,IND45501,IND,45501,JIND,129880.0,124.27,42.99,42.99,-1.74,24.99,23.94,1.0499999999999972,29.32025799,76.32067259,1045.1436388508891
13132,CHN45502,CHN,45502,JINE,189013.0,47.765,34.65,34.65,-0.49,23.88,23.61,0.2699999999999996,29.34317509,105.289691,4764.633224098815
13133,CHN45504,CHN,45504,JINGDEZHEN,428753.0,208.16,38.96,38.96,3.97,26.261,24.8,1.6899999999999977,29.30107792,117.2106305,2059.72809377402
13134,CHN45505,CHN,45505,YIWU,924729.0,238.86,45.88,45.88,4.17,25.64,24.13,1.5100000000000016,29.30355494,120.1363127,3871.42677719166
13147,MEX45545,MEX,45545,HERMOSILLO,555770.0,739.76,51.06699999999999,51.06699999999999,0.47,24.03,23.83,0.20000000000000284,29.1095256,-110.939878,751.2842002811723
13153,IND45552,IND,45552,KASHIPUR,213266.0,251.05,36.9,36.9,3.56,25.19,23.55,1.6400000000000006,29.2167838,78.97321113,849.4961163114917
13157,IND45567,IND,45567,HALDWANICUMKATHGOD,419965.0,471.31,34.15,34.15,2.76,25.9,23.92,1.7710000000000001,29.06491206,79.49493457,891.0589633150156
13166,CHN45587,CHN,45587,LANXI,193856.0,152.73,42.33,42.33,1.19,26.06,25.22,0.8399999999999999,29.2185173,119.4765178,1269.272572513586
13171,CHN45601,CHN,45601,SHIPU,111772.0,47.765,35.23,35.23,1.12,22.53,21.65,0.8800000000000026,29.21255487,121.9326299,2748.2665355298745
13179,IND45631,IND,45631,HISAR,324314.0,371.27,43.75,43.75,-1.68,25.81,24.98,0.8299999999999983,29.12732386,75.8273371,873.5260053330461
13185,PAK45643,PAK,45643,AHMADPUREAST,105379.2,120.0,43.3,43.3,-1.48,26.14,25.720999999999997,0.23000000000000043,29.13829755,71.27087523,850.95
13187,CHN45652,CHN,45652,RONGJIAWAN,130427.0,47.765,39.19,39.19,1.48,26.261,25.720999999999997,0.6999999999999993,29.14989822,113.1176608,2999.011266957921
13193,CHN45669,CHN,45669,JINHUA,443079.0,254.33,45.75,45.75,4.17,25.66,24.15,1.5100000000000016,29.10083341,119.6319325,1742.1420988479533
13199,IND45678,IND,45678,DELHIMUNICIPALCORPORATION,2067882.5999999978,2138.968,39.86,39.86,2.43,25.24,24.18,1.0599999999999987,28.65192556,77.2755061,3798.1996495694175
13204,CHN45691,CHN,45691,CHANGDE,812849.0,266.67,40.88,40.88,1.0,26.261,25.720999999999997,0.7900000000000027,29.02161827,111.6792491,3048.1456481793975
13213,CHN45720,CHN,45720,LONGYOU,182344.0,87.09,42.86,42.86,1.92,26.01,25.14,0.870000000000001,29.03150656,119.17312,2093.742105867493
13220,IRN45751,IRN,45751,BUSHEHR,152926.0,158.33,49.43,49.43,-1.47,26.261,25.720999999999997,1.3100000000000023,28.90684764,50.88643188,965.868755131687
13221,CHN45755,CHN,45755,POYANG,105379.2,52.57,38.36,38.36,2.42,26.261,25.720999999999997,0.6999999999999993,28.995924,116.6818932,1927.2018261365797
13227,CHN45770,CHN,45770,YUEPING,232485.0,148.0,39.29,39.29,1.42,26.261,25.34,1.3200000000000003,28.96105178,117.1059746,1570.8445945945946
13228,CHN45772,CHN,45772,QUZHOU,201820.0,256.25,44.47,44.47,3.88,25.51,24.22,1.2900000000000027,28.93228116,118.8992425,787.590243902439
13233,CHN45791,CHN,45791,DEXING,114925.0,65.36,38.02,38.02,1.39,23.89,23.26,0.629999999999999,28.95296292,117.591416,1758.3384332925336
13240,CHN45811,CHN,45811,YONGKANG,265423.0,139.8,45.15,45.15,4.17,23.96,23.08,0.8800000000000026,28.91103655,120.0585001,1898.5908440629469
13245,IND45820,IND,45820,ROHTAK,278771.0,133.81,41.87,41.87,-1.47,24.86,24.73,0.129999999999999,28.89677056,76.59947386,2083.3345788805022
13246,IND45821,IND,45821,AMROHA,161869.0,76.67,33.75,33.75,-0.93,21.19,22.82,-0.7299999999999969,28.9043316,78.47686895,2111.2429894352417
13247,IND45822,IND,45822,MORADABAD,625162.0,245.91,36.88,36.88,1.38,23.53,23.15,0.38000000000000256,28.85365478,78.76452775,2542.2390305396284
13249,CHN45825,CHN,45825,ZHANGJIANG,112497.0,47.765,41.76,41.76,1.67,26.261,25.720999999999997,0.8900000000000006,28.90161667,111.4877906,2721.262699564586
13254,CHN45832,CHN,45832,LUZHOU,668335.0,82.72,36.34,36.34,0.09,25.28,24.31,0.9700000000000024,28.89085535,105.4636927,8079.48500967118
13260,IND45849,IND,45849,BHIWANI,165176.0,143.69,46.62,46.62,0.24,24.9,24.33,0.5700000000000003,28.81719109,76.13635592,1149.5302387083304
13262,CHN45851,CHN,45851,LINHAI,348192.0,111.44,41.2,41.2,2.74,23.8,23.03,0.7699999999999996,28.85943696,121.1354085,3124.4795405599425
13264,CHN45859,CHN,45859,CHENGGUAN,118525.0,57.9,43.88,43.88,4.17,22.63,21.89,0.7399999999999984,28.8591484,120.737597,2047.06390328152
13267,CHN45874,CHN,45874,YUANJIANG,228097.0,47.765,35.22,35.22,-0.95,26.261,25.720999999999997,0.8499999999999979,28.8382992,112.3784385,10074.955830388692
13269,IND45881,IND,45881,RAMPUR,277518.0,142.21,33.97,33.97,0.71,23.83,23.43,0.3999999999999986,28.79572045,79.03943053,1951.4661416215456
13276,CHN45896,CHN,45896,YIBIN,535541.0,189.11,35.67,35.67,0.94,22.11,21.84,0.2699999999999996,28.76513664,104.606283,2831.902067579715
13277,CHN45897,CHN,45897,MILUO,112777.0,53.42,39.64,39.64,0.72,26.261,25.720999999999997,0.8399999999999999,28.80590373,113.0843199,2111.1381505054287
13283,MEX45910,MEX,45910,PIEDRASNEGRAS,142614.0,297.27,49.44,49.44,-1.41,25.37,25.29,0.08000000000000185,28.66507614,-100.5746732,479.7456857402362
13284,IRN45914,IRN,45914,AKBARABAD,147875.0,451.87,51.06699999999999,51.06699999999999,1.04,23.21,21.74,1.4700000000000024,28.70507869,54.54972733,327.25120056653464
13286,USA45920,USA,45920,MIAMI,2067882.5999999978,2138.968,36.18,36.18,3.04,23.4,23.34,0.05999999999999872,26.80579504,-80.34196527,526.0090297467916
13287,EGY45922,EGY,45922,ASYUT,2067882.5999999978,2138.968,45.93,45.93,-1.7769999999999997,22.85,22.51,0.33999999999999986,26.49065159,31.82349893,263.4772665914974
13288,SAU45923,SAU,45923,TABUK,375529.0,1247.72,51.06699999999999,51.06699999999999,0.22,21.51,20.82,0.6900000000000013,28.46640283,36.5087104,300.972173243997
13289,CHN45928,CHN,45928,NANCHANG,1824352.0,807.8,40.69,40.69,2.81,26.261,25.720999999999997,1.2900000000000027,28.60994931,115.9181976,2258.4204010893786
13290,CHN45929,CHN,45929,TAIZHOU,1734619.0,646.74,41.02,41.02,2.8,24.31,23.48,0.8299999999999983,28.59200547,121.3801483,2682.0963602065744
13291,MEX45930,MEX,45930,CHIHUAHUA,657876.0,715.04,50.85,50.85,0.45,18.51,17.55,0.9600000000000009,28.65513676,-106.0514386,920.0548221078542
13292,IND45937,IND,45937,HAPUR,210052.0,103.9,35.97,35.97,2.32,22.45,23.71,-0.7299999999999969,28.73293718,77.78942203,2021.67468719923
13293,CHN45939,CHN,45939,JIANGSHAN,193886.0,146.09,41.64,41.64,2.35,24.77,23.67,1.0999999999999979,28.7133874,118.621079,1327.1681839961668
13296,CHN45950,CHN,45950,JIANGAN,121104.0,47.765,35.04,35.04,0.42,23.6,23.25,0.3500000000000014,28.73502064,105.0762175,17350.143266475643
13298,CHN45958,CHN,45958,HANCHANG,123664.0,47.765,40.61,40.61,2.18,24.95,24.28,0.6699999999999982,28.71150236,113.5863508,3732.6894053727738
13304,PAK45966,PAK,45966,KHANPUR,125073.0,211.72,39.2,39.2,-0.24,23.97,24.21,-0.240000000000002,28.6578167,70.67245502,590.7472133005857
13308,CHN45974,CHN,45974,YUGAN,157872.0,47.765,39.61,39.61,1.56,26.261,25.720999999999997,1.1099999999999994,28.69349527,116.6961556,8384.067976633034
13315,IND45994,IND,45994,PILIBHIT,141632.0,85.16,36.2,36.2,-0.07,20.23,20.45,-0.21999999999999886,28.63355134,79.81676692,1663.1282292155943
13321,CHN46018,CHN,46018,YIYANG,707739.0,128.52,39.72,39.72,1.3,26.261,25.720999999999997,1.0899999999999999,28.58291593,112.3605283,5506.839402427638
13323,IND46021,IND,46021,SAMBHAL,179438.0,89.73,36.71,36.71,-1.59,25.45,24.45,1.0,28.57270236,78.572993,1999.7548200156023
13325,CHN46026,CHN,46026,CHISHUI,105379.2,47.765,33.27,33.27,-1.7769999999999997,24.56,23.31,1.25,28.59338417,105.7169762,3407.993197278912
13328,ESP46036,ESP,46036,SANTACRUZDETENERIFE,611947.0,1469.59,39.8,39.8,-0.86,16.12,14.63,1.4900000000000002,28.2920077,-16.53588593,416.4066168114917
13333,PAK46049,PAK,46049,RAHIMYARKHAN,402069.0,633.05,40.58,40.58,0.31,25.04,24.74,0.3000000000000007,28.38154347,70.21138551,635.1299265460865
13343,SAU46071,SAU,46071,HAFARALBATIN,176874.0,813.59,51.06699999999999,51.06699999999999,0.72,25.01,23.4,1.610000000000003,28.38187027,45.99990968,217.39942722993152
13345,MEX46075,MEX,46075,CUAUHTEMOC,120594.0,265.77,43.77,43.77,-0.27,11.56,11.37,0.19000000000000128,28.43823063,-106.8107986,453.7532452872785
13348,CHN46081,CHN,46081,SHANGRAO,219496.0,150.23,42.49,42.49,2.2,24.5,23.72,0.7800000000000011,28.4518983,117.9691044,1461.0663649071425
13349,CHN46082,CHN,46082,LISHUI,199016.0,107.94,40.67,40.67,2.35,23.82,22.29,1.5300000000000011,28.45939023,119.9374874,1843.7650546599964
13350,IND46087,IND,46087,CHANDAUSI,105379.2,73.98,36.49,36.49,1.82,25.49,24.48,1.009999999999998,28.45364532,78.78629913,1371.1138145444713
13351,IND46088,IND,46088,BAREILLY,702352.0,339.91,38.03,38.03,2.07,26.261,23.1,1.7710000000000001,28.39151373,79.40884148,2066.2881350945836
13361,CHN46102,CHN,46102,YONGFENG,105379.2,49.83,42.17,42.17,1.92,24.27,23.84,0.4299999999999997,28.44161664,118.1939283,2033.3935380292996
13363,CHN46113,CHN,46113,XUNCHANG,105379.2,47.765,35.39,35.39,1.84,22.31,21.91,0.3999999999999986,28.44012797,104.7076037,4611.643835616439
13364,CHN46114,CHN,46114,GAOAN,186513.0,88.35,40.98,40.98,1.67,25.46,25.03,0.4299999999999997,28.42137532,115.3564342,2111.06960950764
13367,IND46122,IND,46122,BULANDSHAHR,190146.0,113.28,41.68,41.68,1.55,22.18,23.86,-0.7299999999999969,28.41132833,77.86132337,1678.5487288135594
13379,CHN46166,CHN,46166,GAOTANGLING,105379.2,47.765,38.62,38.62,-1.26,26.261,25.720999999999997,0.48999999999999844,28.36299534,112.822323,2766.7284277395447
13380,MEX46171,MEX,46171,DELICIAS,134760.0,518.33,46.46,46.46,-1.7769999999999997,19.29,19.58,-0.28999999999999915,28.2053591,-105.439048,259.98881021742903
13386,CHN46183,CHN,46183,GUIXI,297450.0,285.83,41.64,41.64,1.42,26.261,25.72,1.2100000000000009,28.27804003,117.1425814,1040.6535353181962
13389,CHN46191,CHN,46191,JISHOU,165059.0,92.23,40.45,40.45,1.73,24.06,23.39,0.6699999999999982,28.30278791,109.7295653,1789.6454515884202
13392,CHN46195,CHN,46195,CHANGSHA,2067882.5999999978,667.48,40.73,40.73,0.42,26.261,25.720999999999997,1.3099999999999987,28.19019062,113.0020769,3725.9363576436745
13393,PAK46197,PAK,46197,JACOBABAD,146962.0,114.17,42.13,42.13,-0.31,24.8,24.94,-0.14000000000000057,28.28815906,68.45327217,1287.2208110712095
13401,CHN46211,CHN,46211,FENGCHENG,320548.0,196.87,42.05,42.05,2.47,25.95,25.49,0.46000000000000085,28.23102038,115.7546285,1628.2216691217554
13408,IND46228,IND,46228,KHURJA,109120.0,74.12,43.54,43.54,0.62,24.75,23.15,1.6000000000000014,28.25534632,77.86181,1472.2072315164596
13418,NPL46247,NPL,46247,POKHARA,148763.0,130.89,33.12,33.12,2.94,10.75,10.299000000000001,-0.7299999999999969,28.21475528,83.99061927,1136.54977461991
13427,ESP46271,ESP,46271,LASPALMAS,674713.0,1137.42,42.38,42.38,-0.41,17.28,18.25,-0.7299999999999969,27.95236884,-15.5533782,593.1960049937578
13432,CHN46290,CHN,46290,HECHENG,214042.0,117.83,37.54,37.54,1.67,21.9,21.89,0.00999999999999801,28.15722662,120.3810591,1816.5322922854962
13433,USA46294,USA,46294,CORPUSCHRISTI,345335.0,2138.968,43.56,43.56,-1.73,23.83,23.26,0.5699999999999967,27.8409807,-97.32627212,148.16093975913952
13435,CHN46297,CHN,46297,LIUYANG,286516.0,54.51,40.84,40.84,2.55,25.6,24.24,1.360000000000003,28.15021296,113.63147,5256.20986974867
13438,CHN46313,CHN,46313,WENZHOU,2067882.5999999978,1435.86,39.43,39.43,3.35,23.24,22.37,0.8699999999999974,27.84224242,120.6770921,2324.292758346914
13449,CHN46337,CHN,46337,ZHANGSHU,140962.0,103.27,39.77,39.77,0.47,25.98,25.46,0.5199999999999996,28.0731182,115.5591381,1364.9849908008134
13450,IND46341,IND,46341,BIKANER,516481.0,328.2,50.34,50.34,-0.91,26.1,25.720999999999997,0.21000000000000085,28.02318247,73.31722443,1573.677635588056
13461,IND46361,IND,46361,BUDAUN,194110.0,147.8,40.0,40.0,1.18,25.23,23.04,1.7710000000000001,28.02641833,79.09894181,1313.3288227334235
13462,MEX46366,MEX,46366,GUAYMAS,138559.0,423.34,47.5,47.5,2.81,25.44,25.0,0.4400000000000013,26.70102865,-108.0370246,327.2995700855105
13465,IND46375,IND,46375,ALIGARH,671450.0,284.48,43.74,43.74,-0.95,24.24,24.88,-0.6400000000000006,27.93116271,78.09733382,2360.2713723284587
13469,PAK46384,PAK,46384,SHIKARPUR,139900.0,141.05,43.47,43.47,1.89,25.44,25.7,-0.259999999999998,27.96695035,68.66602916,991.8468628146047
13470,CHN46386,CHN,46386,FUZHOU,353211.0,135.3,40.26,40.26,0.15,26.261,25.34,1.1900000000000013,27.98017239,116.3371733,2610.5764966740576
13472,IND46397,IND,46397,LAKHIMPUR,140374.0,135.01,39.62,39.62,1.56,24.13,24.02,0.10999999999999943,27.94826739,80.79409083,1039.7303903414563
13474,MEX46402,MEX,46402,SABINAS,172594.0,588.86,51.06699999999999,51.06699999999999,1.48,24.08,23.95,0.129999999999999,27.89850326,-101.285582,293.0985293618177
13477,CHN46408,CHN,46408,XICHANG,245848.0,258.84,33.09,33.09,3.52,18.18,13.4,1.7710000000000001,27.88073907,102.2348966,949.8068304744245
13482,CHN46427,CHN,46427,ZHUZHOU,1646566.0,563.26,41.64,41.64,2.15,26.261,25.720999999999997,0.9199999999999982,27.86049303,113.0432376,2923.278770017399
13489,IND46450,IND,46450,SHAHJAHANPUR,300367.0,240.62,40.27,40.27,1.32,26.12,25.720999999999997,0.33000000000000185,27.86530028,79.90523479,1248.3043803507605
13494,CHN46458,CHN,46458,LUFENG,107468.0,47.765,43.26,43.26,2.7,24.7,24.18,0.5199999999999996,27.91121587,110.5928642,4569.21768707483
13500,CHN46481,CHN,46481,RENHUAI,114304.0,85.79,40.53,40.53,3.05,23.93,21.76,1.7710000000000001,27.84918507,106.387561,1332.3697400629444
13506,CHN46503,CHN,46503,XINYU,369361.0,178.48,41.64,41.64,3.18,26.261,25.52,1.129999999999999,27.80538136,114.9265302,2069.481174361273
13511,IND46513,IND,46513,KASGANJ,105379.2,75.19,41.45,41.45,-0.26,26.22,25.59,0.629999999999999,27.81173432,78.65440888,1345.112381965687
13512,CHN46514,CHN,46514,LOUDI,273794.0,232.53,41.41,41.41,0.85,26.261,25.720999999999997,0.6499999999999986,27.74768756,111.9632523,1177.4566722573431
13513,CHN46515,CHN,46515,YICHUN,224998.0,111.65,42.11,42.11,2.89,25.74,24.4,1.3399999999999999,27.80120632,114.3927029,2015.208240035826
13523,PAK46544,PAK,46544,SUKKUR,505492.0,503.66,41.96,41.96,-0.92,25.76,25.32,0.4400000000000013,27.64703542,68.8282852,1003.637374419251
13525,NPL46546,NPL,46546,KATHMANDU,951295.0,456.92,29.94,29.94,2.59,10.75,10.299000000000001,1.7710000000000001,27.69370801,85.35935668,2081.972774227436
13526,CHN46547,CHN,46547,ZUNYI,555159.0,254.72,38.43,38.43,1.46,21.0,20.7,0.3000000000000007,27.68106228,106.9279109,2179.4872801507536
13527,CHN46548,CHN,46548,LENGSHUIJIANG,160665.0,145.05,41.29,41.29,1.18,25.07,24.45,0.620000000000001,27.69270024,111.4553976,1107.6525336091001
13530,CHN46551,CHN,46551,WUYISHAN,105379.2,152.02,39.95,39.95,4.08,22.66,21.89,0.7699999999999996,27.71866225,118.0155304,661.6366267596369
13535,CHN46571,CHN,46571,SHANGMEI,178692.0,47.765,41.76,41.76,0.47,25.96,24.87,1.0899999999999999,27.73995693,111.3051364,4002.060470324748
13536,CHN46572,CHN,46572,XIANGXIANG,156056.0,64.6,40.56,40.56,2.3,26.261,25.720999999999997,0.629999999999999,27.73586749,112.5197435,2415.7275541795666
13539,CHN46580,CHN,46580,TONGREN,150429.0,59.28,41.27,41.27,2.44,22.86,22.12,0.7399999999999984,27.72244369,109.1929372,2537.6012145748987
13541,IND46589,IND,46589,SUJANGARH,138505.0,169.57,48.79,48.79,-1.1,23.84,23.75,0.08999999999999986,27.67175952,74.43890966,816.8013209883824
13549,USA46605,USA,46605,LAREDO,187519.0,874.96,51.06,51.06,-0.75,24.12,23.95,0.1700000000000017,27.52963157,-99.44057058,214.31722593032825
13550,MEX46605,MEX,46605,NUEVOLAREDO,308828.0,432.18,51.06699999999999,51.06699999999999,0.81,24.5,24.99,-0.48999999999999844,27.4557117,-99.57520188,714.5818871766394
13552,CHN46608,CHN,46608,LIANYUAN,257929.0,48.66,43.39,43.39,1.83,26.11,25.16,0.9499999999999993,27.69668268,111.668477,5300.637073571723
13554,SAU46621,SAU,46621,HAIL,226889.0,775.27,51.06699999999999,51.06699999999999,0.43,23.4,21.85,1.5499999999999972,27.50849828,41.69371198,292.65804171449946
13556,CHN46626,CHN,46626,LILING,236428.0,74.53,41.87,41.87,2.63,26.261,25.07,1.3099999999999987,27.66861069,113.5085763,3172.25278411378
13558,IND46641,IND,46641,SIKAR,180866.0,160.53,38.61,38.61,-0.82,24.36,24.05,0.3099999999999987,27.61721329,75.15506545,1126.6803712701676
13561,CHN46646,CHN,46646,PINGXIANG,640669.0,317.98,40.53,40.53,2.23,25.62,24.4,1.2200000000000024,27.63238629,113.8611921,2014.8091074910371
13565,CHN46657,CHN,46657,SHUITOU,124476.0,47.765,38.48,38.48,2.47,22.39,22.44,-0.05000000000000071,27.63466228,120.324655,3273.1001840652116
13566,MEX46659,MEX,46659,CAJEME,705311.0,869.95,51.06699999999999,51.06699999999999,1.71,24.6,24.57,0.030000000000001137,27.47571563,-109.9661448,810.7488936145755
13569,IND46668,IND,46668,HATHRAS,131852.0,80.66,43.97,43.97,-0.95,25.73,25.63,0.10000000000000142,27.60024992,78.05682963,1634.6640218199852
13575,IND46686,IND,46686,ALWAR,253719.0,223.06,38.96,38.96,0.51,25.19,24.62,0.5700000000000003,27.54567802,76.64798573,1137.4473235900655
13576,IND46687,IND,46687,BAHRAICH,164745.0,94.37,40.23,40.23,1.98,24.64,24.25,0.39000000000000057,27.58319145,81.60838944,1745.7348733707745
13578,PAK46693,PAK,46693,LARKANA,296363.0,138.54,41.51,41.51,-0.63,25.27,25.48,-0.21000000000000085,27.56287397,68.21821248,2139.187238342717
13579,IND46695,IND,46695,MATHURA,358863.0,347.38,46.32,46.32,1.43,25.83,25.720999999999997,0.06999999999999673,27.4750358,77.69214976,1033.0560193448098
13580,IND46696,IND,46696,ETAH,105379.2,101.24,42.56,42.56,0.48,26.21,25.720999999999997,0.05000000000000071,27.56577345,78.66487079,1025.4444883445278
13581,IND46697,IND,46697,SITAPUR,148523.0,137.01,40.92,40.92,0.93,26.14,25.48,0.6600000000000001,27.56065255,80.70693473,1084.030362747245
13583,CHN46703,CHN,46703,HUAIHUA,311720.0,156.05,41.43,41.43,4.06,25.2,23.83,1.370000000000001,27.55445503,109.9832617,1997.5648830503042
13597,IND46742,IND,46742,Dibrugarh,251995.0,1797.61,31.9,31.9,1.77,13.96,15.06,-0.7299999999999969,27.35408168,95.28944466,140.18335456522829
13606,CHN46772,CHN,46772,YONGFENG,192833.0,47.765,39.37,39.37,0.17,26.261,25.720999999999997,0.759999999999998,27.46263524,112.1975671,5886.2332112332115
13614,IND46807,IND,46807,HARDOI,109828.0,102.15,42.41,42.41,1.74,24.67,24.11,0.5600000000000023,27.40175888,80.13985292,1075.1639745472344
13617,IND46822,IND,46822,FARRUKHABADCUMFATEHGARH,222162.0,143.12,43.94,43.94,1.24,26.261,25.55,0.7199999999999989,27.3813024,79.60983587,1552.2778088317496
13618,IRN46827,IRN,46827,BANDARABBAS,294499.0,907.02,49.51,49.51,0.5,26.261,25.720999999999997,0.48999999999999844,27.25903935,56.24567469,324.68854049524816
13626,CHN46846,CHN,46846,SHAOWU,170547.0,138.82,37.13,37.13,2.3,22.77,22.02,0.75,27.33595124,117.5172508,1228.5477596888056
13628,CHN46854,CHN,46854,ZHAOTONG,191042.0,106.79,33.4,33.4,2.04,16.41,14.33,1.7710000000000001,27.33050765,103.7220132,1788.9502762430939
13630,CHN46859,CHN,46859,JIANYANG,156420.0,90.0,38.93,38.93,2.32,23.96,22.99,0.9700000000000024,27.3360631,118.1266127,1738.0
13631,CHN46866,CHN,46866,FUDING,235806.0,72.13,39.44,39.44,2.89,21.66,21.94,-0.28000000000000114,27.32344753,120.2207423,3269.1806460557327
13639,CHN46884,CHN,46884,BIJIE,273424.0,48.06,33.5,33.5,-0.16,19.0,17.88,1.120000000000001,27.31071259,105.298468,5689.221806075739
13640,CHN46886,CHN,46886,SHAOYANG,539744.0,159.52,40.58,40.58,0.41,25.39,24.0,1.3900000000000006,27.2628285,111.4780391,3383.5506519558676
13643,IND46904,IND,46904,BHARATPUR,199329.0,178.65,47.51,47.51,-0.69,25.58,24.7,0.879999999999999,27.22889114,77.50454898,1115.7514693534845
13651,CHN46920,CHN,46920,LIANGSHI,221814.0,74.8,38.37,38.37,-1.77,24.95,24.11,0.8399999999999999,27.26061787,111.7103625,2965.427807486631
13654,BHR46935,BHR,46935,ALMANAMAH,375025.0,585.58,49.47,49.47,4.17,26.21,25.720999999999997,-0.7199999999999989,26.07427104,50.55128854,640.4334164418183
13655,SAU46935,SAU,46935,ADDAMMAM,1594212.0,2138.968,51.06699999999999,51.06699999999999,0.62,25.06,23.93,1.129999999999999,26.59416081,49.88853961,608.5614817303141
13656,IND46937,IND,46937,AGRA,1231627.0,380.83,40.32,40.32,-1.7769999999999997,25.03,24.3,0.7300000000000004,27.19028396,78.00099111,3234.05981671612
13662,IND46947,IND,46947,FIROZABAD,414887.0,374.35,36.81,36.81,-1.7769999999999997,26.04,25.63,0.41000000000000014,27.15691035,78.42009094,1108.2863630292507
13674,MAR46983,MAR,46983,LAAYOUNE,172476.0,145.16,41.79,41.79,0.89,15.87,15.84,0.02999999999999936,27.15616187,-13.18869083,1188.178561587214
13679,IND46998,IND,46998,GONDA,119199.0,116.14,39.0,39.0,1.39,25.31,23.0,1.7710000000000001,27.14254374,81.96868398,1026.338901325986
13682,NPL47000,NPL,47000,BIRGANJ,138485.0,254.91,34.62,34.62,-0.04,21.53,20.69,0.8399999999999999,27.0607689,84.94617553,543.2701737868267
13691,CHN47028,CHN,47028,JIAN,318321.0,171.52,40.32,40.32,0.71,26.261,25.38,1.5199999999999996,27.09614439,114.9785954,1855.8826958955224
13693,MEX47033,MEX,47033,NAVAJOA,151109.0,617.55,50.8,50.8,0.14,24.95,25.0,-0.05000000000000071,26.97186403,-109.5463016,244.6911181280868
13699,CHN47046,CHN,47046,FUAN,228294.0,79.5,38.37,38.37,1.44,22.76,21.42,1.3399999999999999,27.09568113,119.64518,2871.622641509434
13701,CHN47052,CHN,47052,HONGJIANG,168983.0,47.765,38.13,38.13,2.43,23.96,23.56,0.40000000000000213,27.10979841,110.009837,10052.528256989888
13704,MEX47068,MEX,47068,MONCLOVA,313708.0,754.77,50.53,50.53,-0.09,23.32,22.75,0.5700000000000003,26.93459181,-101.4399965,415.6339017184043
13715,IND47089,IND,47089,JAIPUR,2067882.5999999978,900.48,46.78,46.78,-0.38,24.14,23.68,0.46000000000000085,26.90158348,75.78450012,2540.158582089552
13719,CHN47095,CHN,47095,DONGKOU,124888.0,47.765,38.18,38.18,0.5,22.18,22.2,-0.019999999999999574,27.0653656,110.5806052,7099.943149516771
13720,CHN47096,CHN,47096,JIANOU,155062.0,86.42,39.27,39.27,2.0,23.92,23.37,0.5500000000000007,27.0458665,118.3238452,1794.2837306179124
13724,IND47113,IND,47113,DARJILING,105379.2,47.765,28.24,28.24,-1.7769999999999997,16.22,17.4,-0.7299999999999969,27.04126021,88.26812611,3978.9615384615386
13730,IND47137,IND,47137,LUCKNOW,2067882.5999999978,849.42,42.32,42.32,1.78,26.2,25.720999999999997,0.41000000000000014,26.8697947,80.98062946,2673.1899413717597
13737,CHN47167,CHN,47167,XIDU,143772.0,48.98,40.3,40.3,-0.12,26.261,25.67,1.259999999999998,26.96816703,112.382019,2935.3205389955087
13739,CHN47177,CHN,47177,HENGYANG,928370.0,338.77,40.09,40.09,0.31,26.261,25.53,1.2399999999999984,26.89434565,112.6277604,2740.413850104791
13754,CHN47217,CHN,47217,SONGCHENG,122235.0,55.7,37.59,37.59,2.68,23.21,21.64,1.5700000000000003,26.8937596,120.0062802,2194.524236983842
13770,CHN47252,CHN,47252,CAOHAI,108898.0,47.765,28.56,28.56,-1.63,10.75,12.18,-0.7299999999999969,26.86923911,104.295821,5469.512807634354
13779,IND47276,IND,47276,BASTI,105379.2,105.76,42.63,42.63,0.09,24.54,25.11,-0.5700000000000003,26.80413299,82.7495051,991.3010590015128
13780,IND47277,IND,47277,GORAKHPUR,611506.0,252.79,40.5,40.5,-1.7769999999999997,25.49,24.06,1.4299999999999997,26.77021169,83.38859837,2419.0276514102616
13783,USA47281,USA,47281,CAPECORAL,548708.0,2138.968,35.58,35.58,1.81,23.39,22.88,0.5100000000000016,26.42995512,-81.81399556,173.33569203747814
13784,IND47283,IND,47283,FAIZABAD,189639.0,291.87,36.44,36.44,-1.66,23.28,22.56,0.7200000000000024,26.75699519,82.13987087,649.7378970089424
13786,IND47290,IND,47290,ETAWAH,200480.0,130.57,46.33,46.33,2.38,25.94,25.720999999999997,-0.05999999999999872,26.77622315,79.04351492,1535.4216129279314
13787,IND47291,IND,47291,BETTIAH,114043.0,47.765,37.22,37.22,2.28,26.261,25.720999999999997,0.9699999999999989,26.79866143,84.51623829,2480.274032187908
13793,CHN47311,CHN,47311,HONGQIAO,167478.0,47.765,38.68,38.68,-1.15,25.77,25.19,0.5799999999999983,26.78702785,112.1232256,4201.655795283492
13796,IND47317,IND,47317,SILIGURI,637084.0,360.44,31.85,31.85,1.4,14.55,15.13,-0.5800000000000001,26.72609167,88.40170908,1767.517478637221
13805,JPN47334,JPN,47334,NAHA,981577.0,987.23,34.22,34.22,4.17,23.14,22.53,0.6099999999999994,26.44370737,127.8876218,994.2738774145843
13808,PAK47347,PAK,47347,DADU,105379.2,125.78,50.11,50.11,-0.04,26.261,25.720999999999997,0.26000000000000156,26.71811328,67.77839431,836.9693114962633
13812,CHN47360,CHN,47360,LIUPANSHUI,371904.0,396.16,30.47,30.47,1.37,15.89,15.05,0.8399999999999999,26.59785762,104.9092264,938.7722132471728
13818,CHN47367,CHN,47367,WUGANG,121698.0,47.765,40.48,40.48,1.65,23.62,22.53,1.0899999999999999,26.72816149,110.6373225,3173.3507170795306
13822,CHN47373,CHN,47373,GUIYANG,1894344.0,683.5,36.17,36.17,1.64,19.56,18.5,1.0599999999999987,26.56622746,106.7027599,2771.534747622531
13827,CHN47383,CHN,47383,NINGDE,188808.0,83.8,37.49,37.49,2.72,22.57,21.42,1.1499999999999986,26.66723721,119.5313627,2253.078758949881
13828,CHN47389,CHN,47389,FUQUAN,115166.0,47.765,35.89,35.89,2.14,19.77,19.59,0.17999999999999972,26.69552173,107.507148,3849.1310160427806
13832,CHN47399,CHN,47399,NANPING,331631.0,202.63,37.46,37.46,2.88,22.83,22.12,0.7099999999999973,26.63382002,118.1713578,1636.6332724670583
13837,CHN47414,CHN,47414,PANZHIHUA,621650.0,1158.73,34.39,34.39,2.98,18.24,16.14,1.7710000000000001,26.58094829,101.5625995,536.4925392455533
13841,NPL47418,NPL,47418,BIRATNAGAR,201984.0,308.19,31.52,31.52,-1.01,26.261,25.09,1.4299999999999997,26.52949399,87.28108441,655.3879100554852
13851,CHN47450,CHN,47450,QINGZHEN,194290.0,172.97,35.02,35.02,1.3,18.17,18.34,-0.16999999999999815,26.56160296,106.444227,1123.2583685032087
13852,IND47452,IND,47452,KISHANGARH,112173.0,140.51,49.91,49.91,-0.51,23.54,23.6,-0.060000000000002274,26.58705408,74.86362829,798.3275211728703
13854,IND47457,IND,47457,KANPUR,2067882.5999999978,842.29,40.38,40.38,-1.7769999999999997,24.57,23.76,0.8099999999999987,26.47312675,80.29782385,3214.9425969677905
13855,CHN47458,CHN,47458,KAILI,213868.0,102.12,37.66,37.66,3.34,21.76,20.84,0.9200000000000017,26.59196383,107.9753955,2094.2812377594987
13862,IND47472,IND,47472,BHIND,148669.0,91.39,47.07,47.07,-0.05,24.46,25.43,-0.7299999999999969,26.56766074,78.79512282,1626.7534741218951
13866,CHN47479,CHN,47479,SONGJI,105379.2,56.53,37.83,37.83,2.13,22.19,21.06,1.1300000000000026,26.58274119,118.7477038,1788.2540244118168
13881,SAU47523,SAU,47523,BURAIDAH,509093.0,2138.968,51.06699999999999,51.06699999999999,-0.16,22.13,21.1,1.0299999999999976,26.14167561,43.85451303,163.64656228201858
13885,IND47532,IND,47532,AJMER,490660.0,340.53,47.5,47.5,-1.7769999999999997,24.07,23.47,0.6000000000000014,26.46045915,74.64140233,1440.8715825331103
13886,IND47535,IND,47535,DEORIA,105379.2,75.3,28.24,28.24,-1.7769999999999997,25.37,25.27,0.10000000000000142,26.50551593,83.78587299,1351.5670650730412
13894,CHN47568,CHN,47568,MEIJIANG,110000.0,49.96,39.38,39.38,3.42,23.11,22.56,0.5500000000000007,26.47423899,116.0245401,2201.7614091273017
13907,USA47597,USA,47597,BROWNSVILLE,770961.0,2138.968,47.91,47.91,-0.86,23.49,23.48,0.00999999999999801,26.20284302,-98.03566723,209.74706652120565
13908,MEX47597,MEX,47597,REYNOSA,906805.0,1118.91,48.12,48.12,-0.89,23.95,23.63,0.3200000000000003,26.06314686,-98.19641338,810.4360493694755
13913,CHN47605,CHN,47605,LEIYANG,254217.0,96.13,41.33,41.33,-0.27,26.261,24.84,1.4299999999999997,26.40369503,112.8472882,2644.5126391345057
13918,CHN47616,CHN,47616,CHANGNING,213236.0,47.765,36.46,36.46,-1.7769999999999997,26.08,25.22,0.8599999999999994,26.41241152,112.4012358,6932.24967490247
13919,IND47619,IND,47619,GWALIOR,806185.0,572.78,47.49,47.49,3.58,23.22,23.26,-0.0400000000000027,26.28273227,78.18990969,1407.4950242676073
13921,IND47629,IND,47629,JODHPUR,826394.0,474.99,47.86,47.86,-1.7769999999999997,26.25,25.6,0.6499999999999986,26.28655908,73.02740117,1739.813469757258
13923,IND47634,IND,47634,Nagaon,105379.2,99.25,32.17,32.17,0.4,26.261,25.720999999999997,-0.35999999999999943,26.35152403,92.69821238,1055.6775818639799
13934,CHN47660,CHN,47660,LIANJIANG,106182.0,47.765,40.56,40.56,2.06,24.34,23.49,0.8500000000000014,26.32035537,115.3632951,2225.1047778709135
13938,CHN47669,CHN,47669,DUYUEN,223538.0,124.73,32.77,32.77,1.68,19.98,19.45,0.5300000000000011,26.2703395,107.5193298,1792.1750982121382
13939,CHN47670,CHN,47670,SANMING,289397.0,245.62,36.95,36.95,2.7,23.06,22.14,0.9199999999999982,26.26747935,117.6230168,1178.2306001139973
13948,PAK47695,PAK,47695,NAWABSHAH,196127.0,130.14,45.28,45.28,3.35,24.95,24.01,0.9399999999999977,26.25168492,68.41870321,1507.0462578761335
13949,CHN47697,CHN,47697,ANSHUN,360558.0,130.92,33.31,33.31,2.04,18.38,17.99,0.39000000000000057,26.24871079,105.9244004,2754.0329972502295
13955,IND47709,IND,47709,RAEBARELI,164861.0,127.85,44.11,44.11,-0.2,21.94,22.59,-0.6499999999999986,26.23075085,81.25370425,1289.4876808760266
13956,CHN47711,CHN,47711,YONGZHOU,363739.0,110.9,40.24,40.24,0.65,24.33,24.32,0.00999999999999801,26.23551366,111.6284028,3279.882777276826
13960,IND47722,IND,47722,SIWAN,105381.0,47.765,38.24,38.24,-0.2,26.261,25.720999999999997,0.3000000000000007,26.22342143,84.36559708,2319.12411971831
13962,IND47728,IND,47728,Guwahati,801907.0,467.69,28.6,28.6,-1.44,24.3,24.79,-0.48999999999999844,26.14485268,91.72658655,1714.6122431525155
13969,CHN47738,CHN,47738,FUZHOU,2067882.5999999978,925.9,38.74,38.74,3.15,23.67,22.89,0.7800000000000011,26.04017247,119.4181386,3013.058645642078
13970,IND47742,IND,47742,MUZAFFARPUR,318701.0,218.14,32.36,32.36,-1.7769999999999997,24.38,23.25,1.129999999999999,26.13944836,85.37450406,1460.9929403135602
13971,CHN47743,CHN,47743,CHENGGUAN,112540.0,74.74,36.89,36.89,1.75,22.67,22.26,0.41000000000000014,26.18001012,118.1975388,1505.753278030506
13972,IND47744,IND,47744,TONK,132261.0,99.41,50.08,50.08,4.17,24.03,24.29,-0.259999999999998,26.17258261,75.79963304,1330.4597123025853
13974,IND47749,IND,47749,DARBHANGA,261512.0,110.99,39.45,39.45,-0.89,24.33,24.41,-0.08000000000000185,26.14946122,85.91023263,2356.1762320929815
13984,IND47783,IND,47783,BEAWAR,120599.0,141.88,48.56,48.56,-0.96,24.07,23.84,0.23000000000000043,26.10019259,74.33518015,850.0070482097548
13995,MEX47810,MEX,47810,AHOME,900359.0,1279.28,45.15,45.15,1.12,22.72,23.55,-0.7299999999999969,25.85565246,-108.9337522,703.8013570133201
13996,IND47813,IND,47813,AZAMGARH,105379.2,106.44,43.32,43.32,2.24,21.6,21.66,-0.05999999999999872,26.06367364,83.18670484,957.7978203682826
14002,ARE47837,ARE,47837,RASALHAYMAH,105379.2,784.97,49.77,49.77,-0.4,26.261,25.720999999999997,1.4800000000000004,25.78531319,56.01221926,130.0368166936316
14010,CHN47850,CHN,47850,YONGAN,190456.0,204.52,38.9,38.9,4.17,22.98,21.89,1.0899999999999999,25.99547049,117.355665,931.234109133581
14013,IND47862,IND,47862,MAUNATHBHANJAN,231355.0,199.93,43.39,43.39,-0.03,21.5,21.91,-0.41000000000000014,25.96900582,83.58581575,1157.1800130045515
14016,IND47874,IND,47874,ORAI,134709.0,98.01,34.41,34.41,-1.7769999999999997,24.1,21.83,1.7710000000000001,25.99819647,79.4701676,1374.4413835322925
14018,MEX47876,MEX,47876,MONTERREY,2067882.5999999978,2138.968,47.28,47.28,1.74,22.71,21.43,1.2800000000000011,25.73104343,-100.2378095,1907.2659279301015
14029,IND47916,IND,47916,DIMAPUR,105379.2,179.99,31.66,31.66,0.63,26.21,24.38,1.7710000000000001,25.88300155,93.74796722,581.6378687704872
14030,MEX47919,MEX,47919,TORREON,1253099.0,2138.968,49.99,49.99,-0.96,20.35,20.11,0.240000000000002,25.63503403,-103.3945832,565.9989340367487
14043,CHN47961,CHN,47961,GANZHOU,384608.0,233.78,39.28,39.28,1.68,24.86,23.55,1.3099999999999987,25.8531403,114.9578309,1645.1706732825733
14045,IND47972,IND,47972,SAHARSA,118697.0,57.17,39.63,39.63,4.17,21.69,21.79,-0.09999999999999787,25.88512617,86.59908811,2076.2112996326746
14053,CHN47994,CHN,47994,TINGZHOU,105379.2,71.87,36.4,36.4,2.35,22.25,21.61,0.6400000000000006,25.84024818,116.3600695,1432.558786698205
14060,CHN48019,CHN,48019,CHENZHOU,346280.0,129.1,42.11,42.11,2.44,25.15,23.7,1.4499999999999993,25.80165044,113.0273573,2682.2618125484123
14064,IND48024,IND,48024,PALI,181748.0,127.33,51.06699999999999,51.06699999999999,-0.28,24.19,23.06,1.1300000000000026,25.78666891,73.32933021,1427.3776800439803
14065,BGD48025,BGD,48025,SAIDPUR,108734.0,101.28,32.07,32.07,0.38,20.72,20.44,0.2799999999999976,25.78833729,88.90562024,1073.5979462875198
14066,BGD48026,BGD,48026,RANGPUR,310204.0,202.11,30.95,30.95,0.52,19.73,23.19,-0.7299999999999969,25.75990712,89.26793189,1534.8275691455146
14067,CHN48027,CHN,48027,FUQING,376310.0,519.49,37.41,37.41,2.54,24.04,22.97,1.0700000000000003,25.68888275,119.3683599,724.3835300005775
14068,IND48028,IND,48028,PURNIA,164507.0,114.6,34.56,34.56,1.28,24.04,23.96,0.0799999999999983,25.78143839,87.50080435,1435.4886561954625
14070,SAU48035,SAU,48035,ALHUFUF,571172.0,2138.968,51.06699999999999,51.06699999999999,0.14,23.52,22.31,1.2100000000000009,25.43006796,49.48633095,242.29615709298233
14071,PAK48036,PAK,48036,TANDOADAM,109615.0,87.38,38.23,38.23,0.48,25.35,24.98,0.370000000000001,25.76946581,68.67015905,1254.4632639047838
14073,IND48041,IND,48041,CHHAPRA,207325.0,56.68,39.53,39.53,0.37,26.261,25.720999999999997,-0.5199999999999996,25.7864597,84.74246283,3657.815808045166
14076,IND48049,IND,48049,JAUNPUR,166139.0,114.46,43.61,43.61,-1.48,25.99,23.92,1.7710000000000001,25.74993512,82.69784961,1451.5027083697362
14077,IND48050,IND,48050,BALLIA,105379.2,86.61,43.89,43.89,2.14,26.261,25.720999999999997,0.34999999999999787,25.76327532,84.16196928,1157.4298579840665
14088,CHN48084,CHN,48084,ZHONGAN,118346.0,331.25,29.94,29.94,0.67,13.37,11.74,1.629999999999999,25.66333469,104.370354,357.2709433962264
14092,IND48091,IND,48091,PATNA,1759008.0,613.93,37.06,37.06,-1.7769999999999997,26.261,25.720999999999997,0.15000000000000213,25.60962971,85.16909509,2865.160523186683
14094,CHN48095,CHN,48095,DALI,255263.0,47.765,30.85,30.85,4.17,10.75,10.299000000000001,1.2300000000000022,25.69516109,100.1659198,5720.820259973107
14101,CHN48111,CHN,48111,NANKANG,132462.0,47.765,37.02,37.02,-1.63,24.36,23.79,0.5700000000000003,25.6733542,114.771114,3002.992518703242
14104,IND48125,IND,48125,SHILLONG,166826.0,235.01,28.24,28.24,0.68,10.75,10.299000000000001,-0.7299999999999969,25.58752882,91.89833525,709.867665205736
14105,BGD48128,BGD,48128,DINAJPUR,154106.0,127.24,32.55,32.55,1.62,20.96,20.29,0.6700000000000017,25.62749996,88.64576173,1211.1442942470921
14112,IND48140,IND,48140,RAIGANJ,161079.0,99.87,36.49,36.49,-0.23,21.92,21.31,0.610000000000003,25.62342355,88.14013793,1612.8867527786122
14119,CHN48154,CHN,48154,QUJING,377906.0,214.59,32.16,32.16,2.07,16.1,10.45,1.7710000000000001,25.54775717,103.8120387,1761.0606272426487
14120,MEX48156,MEX,48156,SALTILLO,562587.0,714.68,45.92,45.92,2.94,17.0,15.18,1.7710000000000001,25.47618718,-100.941208,787.1872726255108
14124,QAT48176,QAT,48176,DOHA,503962.0,1508.27,50.32,50.32,-0.31,26.261,24.57,1.75,25.30672637,51.4054146,334.1324829108847
14126,ARE48177,ARE,48177,DUBAYY,2067882.5999999978,2138.968,51.06699999999999,51.06699999999999,-1.02,26.261,25.35,1.0299999999999976,24.68212908,55.26872101,334.42179926533987
14127,IND48179,IND,48179,GHAZIPUR,105379.2,95.7,41.28,41.28,-1.7769999999999997,23.94,23.35,0.5899999999999999,25.58523315,83.5775243,1086.3113897596656
14128,CHN48180,CHN,48180,SHUNLING,161120.0,47.765,42.17,42.17,1.9,24.25,23.28,0.9699999999999989,25.59207195,111.9430955,3783.047663770838
14133,IND48197,IND,48197,KATIHAR,170742.0,79.02,37.97,37.97,2.16,23.59,21.75,1.7710000000000001,25.55041055,87.57343702,2160.7441154138196
14135,PAK48205,PAK,48205,MIRPURKHAS,193221.0,128.62,41.51,41.51,2.05,24.61,23.98,0.629999999999999,25.52608155,69.03342304,1502.2624786191882
14141,CHN48217,CHN,48217,FUCUN,133635.0,389.38,28.24,28.24,0.06,10.75,10.299000000000001,-0.11999999999999922,25.39657749,104.2574595,343.19944527197083
14142,IND48221,IND,48221,ALLAHABAD,1002824.0,549.77,43.44,43.44,3.03,23.19,23.16,0.030000000000001137,25.42871659,81.85591818,1824.0791603761575
14143,CHN48222,CHN,48222,DAOJIANG,140643.0,47.765,39.23,39.23,-1.52,24.63,23.55,1.0799999999999983,25.51471627,111.5963075,3143.562807331247
14144,CHN48228,CHN,48228,PUTIAN,1062052.0,457.86,38.53,38.53,2.64,24.07,23.16,0.9100000000000001,25.43159718,119.0807521,2319.599877691871
14147,CHN48234,CHN,48234,TANCHENG,117341.0,47.765,36.86,36.86,2.91,24.5,22.61,1.7710000000000001,25.50273696,119.7856522,4828.847736625515
14148,IND48239,IND,48239,JHANSI,385671.0,315.42,46.64,46.64,1.38,24.37,23.52,0.8500000000000014,25.42494221,78.57415996,1222.722084839262
14149,IND48240,IND,48240,BANDA,130427.0,97.5,47.68,47.68,-1.67,26.261,25.720999999999997,0.3000000000000007,25.48112056,80.34913892,1337.7128205128206
14151,CHN48242,CHN,48242,LONGXUN,130620.0,69.75,38.48,38.48,4.17,21.93,21.12,0.8099999999999987,25.48986643,118.2482298,1872.6881720430108
14155,IND48255,IND,48255,BEGUSARAI,305159.0,395.14,37.78,37.78,-0.37,25.85,25.720999999999997,0.120000000000001,25.41332496,86.0309078,772.2807106342057
14159,PAK48262,PAK,48262,HYDERABAD,1339944.0,1060.21,39.71,39.71,-0.44,24.33,23.91,0.41999999999999815,25.34484026,68.45158108,1263.8477282802464
14163,IND48278,IND,48278,SHIVPURI,142450.0,138.05,36.68,36.68,0.28,22.42,23.43,-0.7299999999999969,25.41460772,77.66356599,1031.8725099601593
14167,IND48288,IND,48288,BHILWARA,268642.0,264.61,49.25,49.25,0.71,23.35,22.78,0.5700000000000003,25.34254547,74.62539337,1015.2375193681266
14169,IND48292,IND,48292,VARANASI,1231243.0,636.58,44.54,44.54,0.02,23.0,22.78,0.21999999999999886,25.3205638,83.00755856,1934.1528166137798
14171,CHN48298,CHN,48298,GUILIN,764424.0,463.58,37.19,37.19,0.89,23.57,22.58,0.990000000000002,25.28298873,110.3052811,1648.9581086328142
14181,IND48319,IND,48319,MUNGER,278781.0,135.68,37.28,37.28,1.56,25.69,25.720999999999997,-0.10999999999999943,25.35179762,86.49595216,2054.6948702830186
14184,CHN48336,CHN,48336,BANGTOU,368396.0,69.05,39.84,39.84,3.46,24.01,23.02,0.990000000000002,25.36395239,118.7013459,5335.206372194062
14195,CHN48365,CHN,48365,TAOCHENG,152891.0,56.66,39.04,39.04,4.16,23.14,22.23,0.9100000000000001,25.32492897,118.2960489,2698.393928697494
14197,IND48369,IND,48369,KOTA,698647.0,568.68,45.45,45.45,-1.7769999999999997,23.54,23.06,0.4800000000000004,25.20368702,75.8778918,1228.541534782303
14206,CHN48384,CHN,48384,FENGTING,244696.0,79.54,40.22,40.22,2.5,23.86,23.51,0.34999999999999787,25.27435778,118.8521363,3076.389238119185
14210,TWN48402,TWN,48402,TAIPEI,2067882.5999999978,2138.968,34.24,34.24,3.81,23.61,21.31,1.7710000000000001,23.94897072,120.743775,1386.304932735426
14215,IND48413,IND,48413,BHAGALPUR,334715.0,141.67,33.58,33.58,-1.7769999999999997,23.36,23.6,-0.240000000000002,25.24640418,86.99168308,2362.638526152326
14224,IND48435,IND,48435,BIHAR,228730.0,114.97,42.47,42.47,-1.7769999999999997,26.261,25.720999999999997,0.1700000000000017,25.20466415,85.52262507,1989.4755153518308
14225,IND48436,IND,48436,BALURGHAT,132118.0,47.765,33.62,33.62,-0.25,19.52,21.13,-0.7299999999999969,25.23221933,88.78881939,2960.9592111160914
14232,IND48461,IND,48461,JAHANABAD,107406.0,47.765,43.95,43.95,-1.7769999999999997,26.261,25.720999999999997,-0.2699999999999996,25.2167966,84.99145657,3292.642550582465
14244,IND48490,IND,48490,MIRZAPURCUMVINDHYACHAL,238430.0,150.61,44.19,44.19,0.71,23.34,22.52,0.8200000000000003,25.1497746,82.56183768,1583.0954119912356
14248,CHN48501,CHN,48501,LONGNAN,149475.0,228.0,35.16,35.16,1.05,22.11,21.9,0.21000000000000085,25.00827711,114.8848715,655.5921052631579
14252,CHN48510,CHN,48510,KUNMING,2067882.5999999978,1170.31,31.02,31.02,2.61,12.54,10.299000000000001,1.7710000000000001,24.99599062,102.6751755,2434.2046124531107
14253,CHN48511,CHN,48511,CHANGKENG,105379.2,47.765,37.19,37.19,0.69,20.9,20.69,0.2099999999999973,25.15657875,117.8931429,4688.878676470588
14254,SAU48514,SAU,48514,ARRIYAD,2067882.5999999978,2138.968,51.06699999999999,51.06699999999999,0.26,24.49,22.87,1.6199999999999974,24.70397461,46.67275861,718.960535872811
14258,CHN48520,CHN,48520,LECHANG,210108.0,83.96,41.36,41.36,4.17,22.85,21.87,0.9800000000000004,25.12957244,113.3650344,2502.4773701762747
14259,CHN48521,CHN,48521,LONGYAN,407459.0,234.85,37.87,37.87,4.17,22.38,20.06,1.7710000000000001,25.08531775,117.0351706,1734.9755162869917
14261,CHN48531,CHN,48531,BAOSHAN,128069.0,124.4,28.24,28.24,0.48,11.829999999999998,10.299000000000001,1.7710000000000001,25.1114748,99.17665491,1029.4935691318328
14263,CHN48540,CHN,48540,NANXIONG,143912.0,68.41,41.2,41.2,3.59,23.4,22.81,0.5899999999999999,25.12135174,114.315897,2103.6690542318374
14265,CHN48546,CHN,48546,SHAOGUAN,792313.0,774.26,38.92,38.92,2.26,22.64,22.37,0.2699999999999996,24.88071116,113.6094201,1023.3164570041072
14267,BHS48555,BHS,48555,NASSAU,210832.0,217.03,32.89,32.89,3.62,23.57,24.41,-0.7299999999999969,25.02961863,-77.40019505,971.4417361655071
14271,CHN48568,CHN,48568,CHUXIONG,216199.0,183.57,30.18,30.18,1.47,15.89,10.299000000000001,1.7710000000000001,25.05686074,101.5338172,1177.7469085362532
14273,PAK48573,PAK,48573,KARACHI,2067882.5999999978,1846.04,39.57,39.57,2.93,21.54,19.96,1.5799999999999983,24.93074098,67.13423456,5373.5179086043645
14278,CHN48584,CHN,48584,FENGCHENG,133465.0,54.44,38.87,38.87,2.42,23.33,22.32,1.009999999999998,25.06342432,118.1849888,2451.5980896399706
14281,CHN48589,CHN,48589,QUANZHOU,2067882.5999999978,2138.968,39.89,39.89,3.43,24.14,23.05,1.0899999999999999,24.66924544,118.2407609,1697.024465858063
14286,IND48607,IND,48607,ENGLISHBAZAR,218764.0,143.79,28.55,28.55,-1.7769999999999997,21.66,21.64,0.019999999999999574,25.01727563,88.13329721,1521.4131719869254
14287,CHN48609,CHN,48609,ZHONGSHU,105379.2,94.14,31.56,31.56,1.39,16.07,14.88,1.1899999999999995,25.02488059,103.6567716,1098.1516889738687
14306,CHN48662,CHN,48662,NANAN,456702.0,50.59,41.56,41.56,2.77,24.25,23.22,1.0300000000000011,24.96680363,118.3924891,9027.515319233049
14307,IND48665,IND,48665,SASARAM,243454.0,207.47,45.62,45.62,-1.19,26.261,25.720999999999997,0.5499999999999972,24.92515616,84.1355844,1173.4419434135057
14312,BGD48675,BGD,48675,SYLHET,288965.0,352.84,31.75,31.75,-0.5,18.87,19.18,-0.3099999999999987,24.88762659,91.94133461,818.9689377621586
14316,BGD48684,BGD,48684,JAMALPUR,115968.0,74.7,28.7,28.7,-1.41,21.32,20.93,0.39000000000000057,24.92430002,89.95269674,1552.4497991967871
14318,MEX48690,MEX,48690,CULIACAN,622265.0,1025.06,47.4,47.4,4.17,23.52,23.24,0.28000000000000114,24.7689856,-107.4996173,607.052270111018
14324,CHN48704,CHN,48704,CHONGWU,128228.0,47.765,32.99,32.99,-1.7769999999999997,23.68,23.58,0.10000000000000142,24.89678103,118.9131914,4144.408532643826
14331,BGD48720,BGD,48720,BOGRA,146832.0,181.57,31.73,31.73,0.79,22.49,22.08,0.41000000000000014,24.83214256,89.38097948,808.6798479925098
14335,OMN48725,OMN,48725,AS-SIB,1291749.0,2138.968,45.21,45.21,-1.7769999999999997,26.18,25.720999999999997,0.05000000000000071,23.85357547,57.6462424,459.04371002132194
14337,IND48730,IND,48730,IMPHAL,225309.0,286.03,36.42,36.42,3.05,16.96,16.13,0.8300000000000018,24.81087581,93.94813847,787.7110792574206
14340,TWN48737,TWN,48737,ILAN,242688.0,488.56,37.43,37.43,4.17,21.46,20.82,0.6400000000000006,24.70825505,121.7573268,496.74144424430983
14342,IND48739,IND,48739,SILCHAR,139441.0,148.85,34.3,34.3,0.93,19.0,19.6,-0.6000000000000014,24.82199061,92.7943396,936.7887134699362
14343,BGD48744,BGD,48744,NAUGAON,156630.0,170.67,32.44,32.44,0.76,21.8,21.11,0.6900000000000013,24.81933543,88.97070724,917.7359817191071
14345,IND48750,IND,48750,GAYA,402712.0,258.85,46.77,46.77,-1.34,26.18,25.720999999999997,0.17999999999999972,24.76526389,84.99481806,1555.773614062198
14353,CHN48781,CHN,48781,LIANZHOU,159936.0,87.31,36.66,36.66,1.52,23.18,22.29,0.8900000000000006,24.78284252,112.381386,1831.8176612071927
14362,BGD48807,BGD,48807,MYMENSINGH,221794.0,137.35,32.06,32.06,1.58,20.43,20.37,0.05999999999999872,24.75170034,90.4174306,1614.8088824171825
14380,CHN48857,CHN,48857,HECHI,198137.0,109.21,32.47,32.47,0.63,22.41,22.05,0.35999999999999943,24.69753047,108.0638566,1814.275249519275
14382,IND48862,IND,48862,LALITPUR,108111.0,76.59,46.11,46.11,1.59,25.23,23.57,1.6600000000000001,24.69500101,78.42761857,1411.5550332941636
14391,IND48883,IND,48883,GUNA,132934.0,106.14,50.45,50.45,0.26,21.91,21.54,0.370000000000001,24.64640733,77.32112928,1252.440173355945
14393,IND48890,IND,48890,UDAIPUR,380372.0,420.9,40.63,40.63,-1.7769999999999997,23.27,22.87,0.3999999999999986,24.59944876,73.7544671,903.7110952720361
14400,IND48913,IND,48913,SATNA,228934.0,210.03,34.96,34.96,-1.7769999999999997,22.18,21.57,0.6099999999999994,24.58336777,80.85325753,1090.006189591963
14402,SAU48917,SAU,48917,ALMADINAH,780820.0,1269.86,51.06699999999999,51.06699999999999,0.61,26.22,25.5,0.7199999999999989,24.47866446,39.60680894,614.8866804214638
14408,BGD48931,BGD,48931,NAWABGANJ,150818.0,76.41,35.65,35.65,-1.11,22.15,22.2,-0.05000000000000071,24.59183728,88.28503038,1973.7992409370502
14415,IND48945,IND,48945,REWA,176910.0,311.66,47.35,47.35,2.46,21.16,21.12,0.03999999999999915,24.53490442,81.27119899,567.6378104344477
14423,CHN48970,CHN,48970,LUXI,233095.0,60.15,32.21,32.21,2.52,15.66,12.47,1.7710000000000001,24.52949493,103.7739613,3875.22859517872
14429,CHN48981,CHN,48981,YIZHOU,169907.0,102.35,32.6,32.6,-0.23,23.12,22.24,0.8800000000000026,24.50564044,108.6233672,1660.0586223742062
14430,CHN48982,CHN,48982,HEZHOU,225723.0,195.42,38.33,38.33,3.19,23.41,22.37,1.0399999999999991,24.44322848,111.541155,1155.0660116671784
14433,IND48988,IND,48988,DEOGHAR,109679.0,110.95,46.66,46.66,0.37,25.15,24.37,0.7799999999999976,24.49733634,86.69324041,988.5443893645786
14444,IND49018,IND,49018,NEEMUCH,105379.2,147.59,51.06699999999999,51.06699999999999,1.14,20.65,21.93,-0.7299999999999969,24.44931698,74.88619869,710.075208347449
14449,BGD49029,BGD,49029,SIRAJGANJ,129603.0,59.94,30.03,30.03,0.97,22.16,22.46,-0.3000000000000007,24.45506727,89.69708877,2162.2122122122123
14453,CHN49038,CHN,49038,LIUZHOU,1043458.0,608.85,35.14,35.14,0.74,23.96,23.24,0.7200000000000024,24.3284442,109.385447,1713.8178533300484
14455,CHN49047,CHN,49047,YUXI,188580.0,283.14,32.3,32.3,2.37,16.29,12.71,1.7710000000000001,24.36319735,102.5408269,666.0309387582115
14460,BGD49068,BGD,49068,RAJSHAHI,390188.0,151.85,37.09,37.09,2.27,22.67,21.93,0.740000000000002,24.38479153,88.62424185,2569.5620678300957
14479,CHN49105,CHN,49105,MEIZHOU,352377.0,304.38,35.52,35.52,1.9,22.09,21.22,0.870000000000001,24.31439224,116.1430365,1157.6877587226493
14480,CHN49106,CHN,49106,XIAOXI,125516.0,52.4,40.05,40.05,3.33,21.84,21.51,0.3299999999999983,24.36805264,117.3208222,2395.343511450382
14486,SAU49120,SAU,49120,ALHARJ,233175.0,1465.82,51.06699999999999,51.06699999999999,1.05,23.19,22.78,0.41000000000000014,24.13647783,47.32035572,159.07478407990067
14497,MEX49163,MEX,49163,LAPAZ,162954.0,347.34,51.06699999999999,51.06699999999999,1.06,22.15,22.27,-0.120000000000001,24.13716677,-110.3008534,469.1483848678529
14498,IND49169,IND,49169,Deesa,162178.0,109.6,41.6,41.6,-1.12,22.14,21.9,0.240000000000002,24.25520992,72.18832249,1479.7262773722628
14501,BGD49172,BGD,49172,TANGAIL,126089.0,74.37,31.47,31.47,0.66,21.34,22.29,-0.7299999999999969,24.25598657,89.92564809,1695.4282640849804
14503,IND49183,IND,49183,BAHARAMPUR,248936.0,228.01,36.35,36.35,-0.73,23.45,22.75,0.6999999999999993,24.15060646,88.26539928,1091.7766764615587
14511,IND49205,IND,49205,PALANPUR,106979.0,86.56,49.21,49.21,0.58,22.41,22.23,0.17999999999999972,24.17813266,72.44688343,1235.8941774491682
14516,CHN49212,CHN,49212,YINGDE,277261.0,121.03,36.42,36.42,2.36,22.66,22.65,0.010000000000001563,24.16694069,113.4098368,2290.845244980583
14521,SAU49224,SAU,49224,YANBU,153802.0,923.22,51.06699999999999,51.06699999999999,-1.7769999999999997,24.57,23.39,1.1799999999999997,24.02912966,38.23129551,166.59301141656377
14527,CHN49240,CHN,49240,XINGNING,454968.0,177.09,36.22,36.22,0.82,21.96,20.99,0.9700000000000024,24.12142035,115.6998784,2569.1343384719635
14528,MEX49241,MEX,49241,DURANGO,427135.0,544.94,39.39,39.39,-0.41,14.39,12.3,1.7710000000000001,24.03851234,-104.6108833,783.8202370903218
14531,CHN49245,CHN,49245,LAOLONG,115916.0,148.1,36.23,36.23,2.23,21.2,21.67,-0.4700000000000024,24.11393114,115.2436622,782.6873733963538
14532,BGD49246,BGD,49246,ISHWARDI,105379.2,192.02,35.79,35.79,0.75,25.07,24.14,0.9299999999999997,24.08600008,89.05076932,523.6433704822414
14533,CHN49247,CHN,49247,SUIAN,127996.0,137.93,36.34,36.34,2.43,24.02,23.05,0.9699999999999989,24.10885204,117.5877259,927.9779598346987
14534,TWN49248,TWN,49248,HUALIEN,109316.0,434.18,36.42,36.42,4.17,20.72,18.18,1.7710000000000001,23.8893365,121.5242758,251.77576120503016
14538,IND49280,IND,49280,MANDSAUR,114240.0,112.2,50.72,50.72,-1.7769999999999997,22.36,21.66,0.6999999999999993,24.07661254,75.0726875,1018.1818181818181
14548,BGD49314,BGD,49314,DHAKA,2067882.5999999978,1445.33,33.45,33.45,2.47,20.83,21.15,-0.3200000000000003,23.81777149,90.40242357,4508.317131727703
14553,BGD49325,BGD,49325,PABNA,114990.0,106.05,36.1,36.1,1.91,23.07,23.85,-0.7299999999999969,24.01874941,89.24514498,1084.2998585572843
14554,CHN49326,CHN,49326,RUILI,105379.2,84.92,32.03,32.03,3.39,17.88,17.81,0.07000000000000028,24.02254137,97.86503334,1181.8181818181818
14558,BGD49340,BGD,49340,BRAHMANBARIA,188345.0,126.17,30.89,30.89,0.51,22.62,20.76,1.7710000000000001,23.99014728,91.11950938,1492.7875089165411
14560,IND49347,IND,49347,HAZARIBAG,124052.0,72.95,43.36,43.36,2.6,21.47,22.79,-0.7299999999999969,23.99741731,85.36598454,1700.5071967100753
14561,BGD49349,BGD,49349,NARSINGDI,122792.0,210.21,31.41,31.41,0.5,19.65,20.23,-0.5800000000000018,23.93840107,90.67074904,584.1396698539555
14568,CHN49368,CHN,49368,YUNLING,201792.0,56.89,35.65,35.65,1.63,22.56,22.43,0.129999999999999,23.95642378,117.342042,3547.0557215679382
14575,CHN49388,CHN,49388,HUAICHENG,121066.0,110.67,35.82,35.82,1.15,23.28,22.37,0.9100000000000001,23.91259177,112.1884331,1093.936929610554
14576,CHN49389,CHN,49389,SHUIZHAI,141870.0,53.36,36.11,36.11,-0.47,21.63,20.69,0.9399999999999977,23.93329397,115.7768267,2658.7331334332835
14581,CHN49396,CHN,49396,BAISE,137165.0,161.71,34.79,34.79,0.31,22.26,21.69,0.5700000000000003,23.88875861,106.6297617,848.2159421186074
14587,IND49422,IND,49422,DURGAPUR,2067882.5999999978,2138.968,42.11,42.11,-0.3,23.56,23.06,0.5,23.70715854,86.66440374,924.4775286450915
14588,IND49423,IND,49423,AGARTALA,277019.0,180.24,35.95,35.95,3.19,19.36,19.53,-0.1700000000000017,23.83712863,91.29491147,1536.945184198846
14591,IND49426,IND,49426,SAGAR,226495.0,188.46,47.03,47.03,-1.7769999999999997,22.91,22.59,0.3200000000000003,23.85126638,78.76992141,1201.8200148572641
14594,IND49430,IND,49430,MURWARA,184265.0,163.36,49.02,49.02,1.73,24.46,24.5,-0.03999999999999915,23.82268449,80.40155333,1127.968903036239
14597,IND49435,IND,49435,PATAN,110331.0,52.41,44.23,44.23,-1.7769999999999997,22.96,22.25,0.7100000000000009,23.84895794,72.13333251,2105.1516886090444
14600,IND49438,IND,49438,DAMOH,109347.0,124.87,51.06699999999999,51.06699999999999,-0.36,25.51,23.58,1.7710000000000001,23.83133001,79.44875817,875.68671418275
14602,CHN49441,CHN,49441,KAIYUAN,190692.0,286.79,34.51,34.51,2.04,18.9,17.19,1.7099999999999973,23.76812608,103.2280599,664.9185815405
14605,IND49446,IND,49446,SAUNDA,219887.0,728.71,44.59,44.59,4.17,24.1,22.41,1.6900000000000013,23.70737149,85.455845,301.74829493214037
14610,CHN49459,CHN,49459,HEYUAN,222101.0,228.36,36.29,36.29,3.18,22.92,22.11,0.8100000000000023,23.74109011,114.7020315,972.5915221579961
14611,MEX49460,MEX,49460,CIUDADVICTORIA,249029.0,336.35,44.43,44.43,1.67,22.43,21.67,0.759999999999998,23.74592868,-99.13793123,740.3865021554927
14615,IND49468,IND,49468,AIZAWL,206615.0,184.69,28.24,28.24,-0.85,18.85,19.58,-0.7299999999999969,23.73910584,92.7259994,1118.7124370566896
14624,CHN49494,CHN,49494,TANGKENG,167966.0,63.65,36.39,36.39,2.95,23.5,22.62,0.879999999999999,23.7651949,116.1791544,2638.9002356637866
14628,CHN49507,CHN,49507,QINGYUAN,286901.0,246.68,37.02,37.02,2.28,23.78,23.3,0.4800000000000004,23.67306188,113.0481762,1163.0492946327224
14629,CHN49508,CHN,49508,TONGLINGXUNIZHEN,123229.0,99.29,34.9,34.9,2.41,22.38,22.56,-0.17999999999999972,23.71758847,117.4403536,1241.1018229428944
14631,CHN49511,CHN,49511,LAIPIN,108951.0,95.94,36.25,36.25,2.19,24.12,23.02,1.1000000000000014,23.7193304,109.2166372,1135.6160100062539
14636,CHN49520,CHN,49520,NANZHAO,252653.0,89.1,35.9,35.9,1.93,20.3,22.26,-0.7299999999999969,23.7124485,117.18471,2835.611672278339
14644,MAC49534,MAC,49534,MACAU,415958.0,47.765,32.87,32.87,-0.75,22.11,23.58,-0.7299999999999969,22.16876056,113.5553454,21812.165705296276
14645,HKG49534,HKG,49534,JIULONG,2067882.5999999978,980.46,32.97,32.97,1.12,22.49,22.92,-0.43000000000000327,22.38072595,114.1274297,5926.0551169859045
14646,CHN49534,CHN,49534,SHENZHEN,2067882.5999999978,2138.968,35.89,35.89,1.98,23.64,23.07,0.5700000000000003,22.87305588,113.5794423,2911.0363048593035
14647,CHN49535,CHN,49535,CHAOZHOU,924072.0,211.75,37.16,37.16,1.84,22.96,23.52,-0.5599999999999987,23.65394034,116.6211589,4363.976387249115
14652,CHN49544,CHN,49544,QIANDONG,173698.0,124.67,35.21,35.21,1.14,23.81,22.91,0.8999999999999986,23.66966427,116.9838868,1393.2622122403145
14656,BGD49564,BGD,49564,CHAUADANGA,105379.2,78.65,34.02,34.02,1.27,22.03,22.31,-0.2799999999999976,23.6470786,88.85773871,1311.4939605848697
14661,CHN49580,CHN,49580,LINAN,146181.0,98.33,34.3,34.3,1.69,19.2,17.38,1.7710000000000001,23.62062841,102.8489557,1486.6368351469541
14664,IND49591,IND,49591,AHMADABAD,2067882.5999999978,1878.95,49.27,49.27,0.04,24.21,22.92,1.2899999999999991,23.25370216,72.50803931,2337.772692195109
14666,BGD49594,BGD,49594,FARIDPUR,111147.0,90.47,34.75,34.75,1.88,22.14,22.6,-0.46000000000000085,23.60464034,89.83879386,1228.5509008511108
14670,CHN49598,CHN,49598,SHANTOU,2067882.5999999978,1765.84,35.81,35.81,0.98,24.32,23.48,0.8399999999999999,23.39443797,116.513442,2997.6968468264395
14682,CHN49621,CHN,49621,GEJIU,418792.0,602.05,28.67,28.67,-0.33,12.45,14.23,-0.7299999999999969,23.38963181,103.2522013,695.6099991695042
14685,IND49638,IND,49638,VIDISHA,121746.0,108.64,44.58,44.58,-1.7769999999999997,20.12,20.9,-0.7299999999999969,23.52092053,77.80910827,1120.636966126657
14689,CHN49648,CHN,49648,WUZHOU,354418.0,237.89,34.23,34.23,0.49,22.96,22.61,0.3500000000000014,23.4697109,111.2997647,1489.8398419437556
14697,BGD49663,BGD,49663,COMILLA,164737.0,184.02,32.29,32.29,-0.08,19.48,21.06,-0.7299999999999969,23.46028203,91.16536239,895.2124769046842
14710,IND49699,IND,49699,RANCHI,841214.0,403.54,38.09,38.09,-1.06,21.17,20.91,0.26000000000000156,23.36437481,85.34129843,2084.586410269118
14711,CHN49702,CHN,49702,HEPO,187693.0,66.96,36.71,36.71,2.99,23.45,22.27,1.1799999999999997,23.43077081,115.8399397,2803.061529271207
14712,CHN49703,CHN,49703,MIANHU,153549.0,47.765,38.83,38.83,1.6,24.16,23.89,0.2699999999999996,23.4396264,116.141083,3822.4794622852874
14714,IND49714,IND,49714,NABADWIP,112151.0,57.58,36.17,36.17,1.01,23.38,23.71,-0.33000000000000185,23.41257199,88.37741132,1947.742271622091
14715,IND49715,IND,49715,KRISHNANAGAR,137160.0,91.4,33.52,33.52,-1.01,24.56,23.6,0.9599999999999973,23.40830244,88.50013147,1500.6564551422318
14720,CHN49730,CHN,49730,GUIPING,277012.0,97.09,34.69,34.69,-0.18,23.96,23.34,0.620000000000001,23.37649906,110.0778482,2853.1465650427435
14722,CHN49739,CHN,49739,PANZHIHUA,149140.0,71.72,32.99,32.99,2.2,16.67,15.95,0.7200000000000024,23.37482581,104.2538802,2079.4757389849415
14725,IND49748,IND,49748,RATLAM,215719.0,152.14,50.37,50.37,0.41,20.6,21.76,-0.7299999999999969,23.33895225,75.04962249,1417.8979886946236
14728,IND49761,IND,49761,BHOPAL,1391567.0,513.67,48.42,48.42,0.15,23.09,21.37,1.7199999999999989,23.26043013,77.4138716,2709.068078727588
14729,IND49762,IND,49762,PURULIYA,111422.0,90.66,48.84,48.84,0.53,22.79,23.35,-0.5600000000000023,23.33485738,86.37024331,1229.009485991617
14730,CHN49763,CHN,49763,SIHUI,209261.0,102.48,36.67,36.67,2.8,23.16,22.27,0.8900000000000006,23.3401365,112.6960764,2041.9691647150662
14731,MEX49765,MEX,49765,MAZATLAN,341300.0,499.09,39.08,39.08,1.9,23.9,23.59,0.3099999999999987,23.23585668,-106.317236,683.8445971668436
14735,IND49773,IND,49773,JABALPUR,1040726.0,656.56,47.82,47.82,0.7,23.57,22.42,1.1499999999999986,23.1997077,79.92499968,1585.1194102595348
14737,OMN49776,OMN,49776,IBRI,116132.0,356.57,51.06699999999999,51.06699999999999,1.09,25.91,24.75,1.1600000000000001,23.24267734,56.53066902,325.69200998401436
14742,CHN49790,CHN,49790,ZENGCHENG,359447.0,102.64,34.56,34.56,0.68,23.88,22.56,1.3200000000000003,23.29495241,113.8310276,3502.0167575993764
14749,IND49807,IND,49807,BHUJ,129448.0,220.11,46.08,46.08,3.01,21.64,20.98,0.6600000000000001,23.234872,69.65442558,588.1059470264868
14751,IND49809,IND,49809,BARDDHAMAN,278703.0,127.8,40.81,40.81,0.71,25.95,25.5,0.4499999999999993,23.24271579,87.8681473,2180.774647887324
14753,IND49811,IND,49811,KOLKATA,2067882.5999999978,2138.968,34.77,34.77,0.35,22.7,22.74,-0.03999999999999915,22.73246202,88.37848418,5516.03538285557
14756,IND49818,IND,49818,BANKURA,127344.0,93.88,43.72,43.72,0.25,25.68,24.36,1.3200000000000003,23.23572811,87.06949201,1356.4550489987218
14758,MEX49822,MEX,49822,FRESNILLO,105379.2,194.14,46.3,46.3,1.86,11.23,10.299000000000001,1.7710000000000001,23.19165638,-102.8491905,518.095189038838
14761,CHN49826,CHN,49826,BINZHOU,133151.0,73.38,32.44,32.44,-0.83,23.82,23.13,0.6900000000000013,23.22573222,108.8141916,1814.5407467974926
14763,IND49831,IND,49831,DHANPURI,105599.0,303.87,41.39,41.39,-1.52,20.85,20.66,0.19000000000000128,23.17529534,81.60268511,347.51373942804486
14764,IND49839,IND,49839,UJJAIN,419153.0,181.52,48.36,48.36,-1.4,19.59,20.24,-0.6499999999999986,23.18728457,75.80524386,2309.1284706919346
14766,CHN49842,CHN,49842,HUIZHOU,722854.0,485.02,35.51,35.51,1.72,23.69,22.86,0.8300000000000018,23.10547038,114.3846291,1490.3591604469918
14768,BGD49847,BGD,49847,JESSOR,173980.0,166.54,32.71,32.71,0.45,22.6,22.37,0.23000000000000043,23.17404436,89.20648628,1044.6739522036748
14771,CHN49851,CHN,49851,ZHAOQING,595296.0,342.87,35.01,35.01,1.61,21.68,21.85,-0.1700000000000017,23.07605003,112.4872415,1736.2148919415522
14772,CUB49853,CUB,49853,CARDENAS,108281.0,195.38,34.63,34.63,1.14,22.81,22.2,0.6099999999999994,23.08100383,-81.26735857,554.2071859965196
14783,IND49893,IND,49893,GANDHIDHAM,197337.0,467.96,39.62,39.62,1.12,21.51,21.68,-0.16999999999999815,23.06180651,70.11700639,421.69629882895975
14786,CHN49897,CHN,49897,GUIGANG,481334.0,199.02,34.41,34.41,0.38,24.77,22.84,1.7710000000000001,23.09027648,109.6109019,2418.520751683248
14788,CUB49911,CUB,49911,MATANZAS,133177.0,144.1,33.62,33.62,0.41,22.69,21.69,1.0,23.04607163,-81.53826268,924.1984732824428
14799,BGD49940,BGD,49940,KHULNA,975832.0,398.9,32.37,32.37,-0.03,22.22,21.61,0.6099999999999994,22.89656154,89.5193024,2446.307345199298
14804,CHN49949,CHN,49949,HUICHENG,314741.0,56.7,35.14,35.14,1.88,24.24,23.32,0.9199999999999982,23.03481091,116.2984919,5550.9876543209875
14805,IND49951,IND,49951,INDORE,1952574.0,1089.6,51.06699999999999,51.06699999999999,-0.14,22.58,21.93,0.6499999999999986,22.73412815,75.84412708,1792.0099118942733
14813,MEX49963,MEX,49963,ELMANTE,105379.2,545.97,42.84,42.84,0.32,22.84,22.76,0.0799999999999983,22.83837308,-98.96804648,185.616425810942
14822,CHN49974,CHN,49974,PINGSHAN,224140.0,124.1,36.5,36.5,1.68,24.34,23.42,0.9199999999999982,22.98071672,114.7282534,1806.1240934730058
14825,CHN49979,CHN,49979,SHANWEI,391122.0,460.14,35.69,35.69,1.4,23.38,22.89,0.48999999999999844,22.85892029,115.3805579,850.0065197548572
14828,MMR49985,MMR,49985,LASHIO,130764.0,105.14,37.82,37.82,4.17,18.77,17.92,0.8499999999999979,22.95819228,97.7598571,1243.7131443789233
14829,CHN49989,CHN,49989,YUNFU,193582.0,159.71,33.87,33.87,0.52,21.92,22.02,-0.09999999999999787,22.9455839,112.0570004,1212.0844029804018
14830,CHN49990,CHN,49990,LUFENG,569299.0,224.39,36.61,36.61,1.03,24.28,23.49,0.7900000000000027,22.9569736,115.6727983,2537.0961272783993
14834,BGD49998,BGD,49998,NOAKHALI,132851.0,180.71,31.53,31.53,0.45,20.71,21.04,-0.3299999999999983,22.89460076,91.1153739,735.1613081733163
14836,IND50009,IND,50009,JAMSHEDPUR,973930.0,557.98,42.51,42.51,1.51,25.25,24.07,1.1799999999999997,22.80455444,86.18936837,1745.4568264095487
14838,CHN50011,CHN,50011,CENXI,196208.0,124.16,33.72,33.72,0.51,23.04,22.7,0.33999999999999986,22.91442097,110.9853641,1580.2835051546392
14841,MEX50028,MEX,50028,ZACATECAS,192826.0,540.64,44.24,44.24,-1.15,10.75,10.68,-0.7299999999999969,22.78725587,-102.5154437,356.6624741047647
14843,CHN50033,CHN,50033,NANNING,1464560.0,580.05,31.02,31.02,-0.48,23.84,23.39,0.4499999999999993,22.8148151,108.3450784,2524.885785708129
14857,IND50068,IND,50068,MORVI,114502.0,197.07,46.72,46.72,-1.7769999999999997,22.67,23.16,-0.48999999999999844,22.80968195,70.86195493,581.0219718881616
14859,IND50072,IND,50072,HABRA,124493.0,73.58,28.64,28.64,-1.7769999999999997,22.81,22.87,-0.060000000000002274,22.84589309,88.64940714,1691.9407447675999
14860,TWN50073,TWN,50073,TAITUNG,112057.0,223.27,33.82,33.82,4.17,23.94,20.57,1.7710000000000001,22.76418124,121.0912868,501.89008823397677
14875,CHN50110,CHN,50110,LUODING,248035.0,129.84,36.38,36.38,1.33,24.42,22.78,1.6400000000000006,22.75978045,111.5932302,1910.3126925446704
14877,IND50113,IND,50113,GODHRA,119079.0,91.83,48.71,48.71,-1.04,25.19,24.12,1.0700000000000003,22.77496995,73.62657021,1296.7330937602092
14884,IND50135,IND,50135,SURENDRANAGAR,210653.0,145.71,49.39,49.39,-1.7769999999999997,26.261,25.67,0.6599999999999966,22.72804625,71.65478998,1445.7003637361881
14885,CHN50137,CHN,50137,BEILIU,258076.0,160.77,37.62,37.62,3.12,23.09,22.24,0.8500000000000014,22.71697523,110.3413481,1605.2497356471977
14890,BGD50154,BGD,50154,BARISAL,198787.0,132.27,32.84,32.84,0.76,22.3,22.43,-0.129999999999999,22.69265289,90.36383607,1502.8880320556436
14895,IND50164,IND,50164,NADIAD,225197.0,94.25,45.1,45.1,0.87,24.19,23.2,0.990000000000002,22.69875277,72.86564184,2389.3580901856762
14896,CHN50165,CHN,50165,XINCHENG,133492.0,55.44,36.3,36.3,3.04,22.07,23.1,-0.7299999999999969,22.70449587,112.2333219,2407.8643578643578
14898,CHN50171,CHN,50171,YULIN,488183.0,308.29,36.93,36.93,2.29,23.22,23.0,0.21999999999999886,22.6193203,110.1656584,1583.518764799377
14906,IND50191,IND,50191,BASIRHAT,111890.0,55.46,34.09,34.09,0.94,23.48,23.28,0.1999999999999993,22.66306639,88.87451294,2017.4900829426613
14916,IND50217,IND,50217,ITARSI,119421.0,176.76,43.0,43.0,0.27,21.52,21.92,-0.40000000000000213,22.60075866,77.79578601,675.6109979633402
14920,BGD50226,BGD,50226,CHITTAGONG,2067882.5999999978,855.59,31.87,31.87,0.54,21.01,20.85,0.16000000000000014,22.40788028,91.83532835,2675.994343084889
14927,IND50246,IND,50246,ANAND,213302.0,153.04,44.19,44.19,1.27,24.12,23.1,1.0199999999999996,22.55259527,72.95298994,1393.7663355985364
14940,MEX50272,MEX,50272,TAMPICO,680148.0,619.39,38.53,38.53,2.03,24.1,24.16,-0.05999999999999872,22.38158633,-97.92142327,1098.0932853291142
14944,IND50280,IND,50280,JAMNAGAR,454082.0,239.3,39.0,39.0,-1.15,21.21,23.99,-0.7299999999999969,22.4732303,70.07063905,1897.5428332636857
14951,CHN50297,CHN,50297,KAIPING,343233.0,256.08,35.21,35.21,1.2,24.03,23.0,1.0300000000000011,22.39318454,112.697317,1340.335051546392
14954,IND50309,IND,50309,VADODARA,1338098.0,583.84,45.86,45.86,-0.56,23.81,23.43,0.379999999999999,22.33470933,73.16180246,2291.8916141408604
14959,CUB50317,CUB,50317,SANTACLARA,262142.0,280.98,35.41,35.41,1.4,21.02,21.22,-0.1999999999999993,22.41282805,-80.02519328,932.9560822834364
14964,CUB50327,CUB,50327,PINARDELRIO,162078.0,119.05,34.96,34.96,2.42,22.31,22.01,0.29999999999999716,22.42149497,-83.685838,1361.4279714405711
14966,IND50331,IND,50331,KHARAGPUR,353075.0,334.27,41.55,41.55,0.25,26.261,25.5,0.8299999999999983,22.36526369,87.30546281,1056.2569180602507
14969,IND50337,IND,50337,KORBA,298726.0,474.16,45.04,45.04,-1.23,23.71,23.63,0.08000000000000185,22.37272382,82.67266114,630.0109667622743
14977,CHN50369,CHN,50369,XINYI,276419.0,90.52,32.89,32.89,0.37,23.1,22.23,0.870000000000001,22.35435013,110.9470642,3053.678745028723
14978,CHN50370,CHN,50370,ENPING,151626.0,326.61,35.16,35.16,1.95,22.35,21.41,0.9400000000000013,22.24512778,112.3627715,464.2417562230183
14985,IND50392,IND,50392,RAJKOT,915190.0,358.34,49.94,49.94,-1.72,24.24,24.5,-0.26000000000000156,22.26811257,70.80609628,2553.971088909974
14990,CHN50406,CHN,50406,TAISHAN,293725.0,113.62,35.78,35.78,1.67,22.71,22.52,0.19000000000000128,22.27285237,112.7921499,2585.152261925717
14997,IND50424,IND,50424,RAURKELA,503789.0,576.22,44.1,44.1,0.96,24.52,23.97,0.5500000000000007,22.22464486,84.79684633,874.2997466245531
14999,MEX50430,MEX,50430,SANLUISPOTOSI,1090717.0,795.17,46.9,46.9,1.41,13.72,11.57,1.7710000000000001,22.16008797,-100.9494375,1371.6777544424463
15002,MEX50440,MEX,50440,AGUASCALIENTES,641381.0,1123.38,39.88,39.88,0.74,13.77,11.02,1.7710000000000001,21.97151091,-102.288274,570.9385960227171
15006,CUB50447,CUB,50447,CIENFUEGOS,200209.0,245.61,34.91,34.91,1.62,22.07,22.48,-0.41000000000000014,22.19155557,-80.43040671,815.1500346077114
15009,MMR50456,MMR,50456,MONYWA,168438.0,216.85,45.82,45.82,-1.7769999999999997,23.78,23.75,0.030000000000001137,22.15042516,95.11968731,776.7489047728845
15017,CHN50472,CHN,50472,YANGCHUN,270309.0,126.41,34.33,34.33,1.98,20.97,20.69,0.2799999999999976,22.17661271,111.7864927,2138.3513962502966
15026,IND50497,IND,50497,BARBIL,114380.0,285.55,36.82,36.82,0.03,21.57,21.88,-0.3099999999999987,22.11401276,85.37005741,400.5603221852565
15038,IND50522,IND,50522,BILASPUR,261386.0,276.12,48.49,48.49,-0.85,24.93,23.45,1.4800000000000004,22.06237209,82.14611056,946.6391424018542
15044,IND50544,IND,50544,CHHINDWARA,119242.0,112.2,45.94,45.94,-0.89,21.27,21.19,0.0799999999999983,22.0615877,78.94487811,1062.7629233511586
15045,IND50545,IND,50545,HALDIA,182165.0,148.4,34.5,34.5,0.8,23.32,23.76,-0.4400000000000013,22.06563848,88.10939442,1227.5269541778976
15048,CUB50548,CUB,50548,SANCTISPIRITUS,176896.0,354.25,34.74,34.74,2.17,20.75,21.03,-0.28000000000000114,21.99829782,-79.41169771,499.35356386732536
15053,CHN50555,CHN,50555,QINZHOU,367379.0,218.93,31.72,31.72,0.05,23.83,23.76,0.06999999999999673,21.99485936,108.6336403,1678.0660485086557
15054,MMR50559,MMR,50559,PYINOOLWIN,105379.2,101.08,39.58,39.58,0.68,18.68,18.88,-0.1999999999999993,22.03559821,96.47279112,1030.3620894341116
15055,MEX50560,MEX,50560,CIUDADVALLES,123547.0,354.24,40.87,40.87,1.04,22.29,22.05,0.23999999999999844,22.00325966,-98.93390736,348.76637308039744
15064,CHN50578,CHN,50578,JINGHONG,138989.0,141.09,29.34,29.34,0.32,18.93,18.95,-0.019999999999999574,22.00489073,100.7948212,985.1087958040966
15067,MMR50582,MMR,50582,MANDALAY,1148683.0,416.67,38.08,38.08,-1.7769999999999997,22.48,22.45,0.030000000000001137,21.93024957,96.07562911,2756.8171454628364
15079,SAU50630,SAU,50630,JIDDAH,2067882.5999999978,2138.968,51.06699999999999,51.06699999999999,0.41,25.55,24.59,0.9600000000000009,21.51338107,39.52009783,990.051343772807
15080,IND50632,IND,50632,RAIGARH,108716.0,138.6,47.55,47.55,1.42,25.38,23.26,1.7710000000000001,21.90947605,83.38356218,784.3867243867244
15083,CHN50640,CHN,50640,GAOZHOU,393675.0,93.2,32.92,32.92,-0.69,22.54,22.3,0.23999999999999844,21.91539236,110.8508792,4223.980686695279
15084,CHN50641,CHN,50641,YANGJIANG,509251.0,292.16,34.5,34.5,2.43,22.45,22.06,0.39000000000000057,21.85877314,111.9614379,1743.05517524644
15089,IND50655,IND,50655,BRAJARAJNAGAR,148686.0,430.15,44.69,44.69,4.13,24.4,22.62,1.7710000000000001,21.82012893,83.94170432,345.66081599442055
15096,CUB50674,CUB,50674,CIEGODEAVILA,118935.0,108.38,34.45,34.45,-0.33,21.39,21.17,0.21999999999999886,21.84971619,-78.74883983,1097.388817124931
15101,IND50683,IND,50683,KHANDWA,169082.0,110.78,51.06699999999999,51.06699999999999,-1.38,26.261,25.720999999999997,0.509999999999998,21.83249315,76.35829262,1526.286333273154
15108,IND50710,IND,50710,BHAVNAGAR,544338.0,435.47,43.49,43.49,-1.58,25.72,24.57,1.1499999999999986,21.74033129,72.06778553,1250.0011481847198
15110,CHN50712,CHN,50712,MAOMING,1120288.0,703.12,32.61,32.61,-0.38,23.78,23.01,0.7699999999999996,21.6321487,110.9265409,1593.3098190920468
15112,IND50715,IND,50715,JETPUR,105379.2,121.3,51.06699999999999,51.06699999999999,1.63,25.54,24.31,1.2300000000000004,21.76166405,70.62653537,830.4699093157461
15115,CHN50721,CHN,50721,FANGCHENGGANG,182018.0,87.89,32.7,32.7,1.17,23.59,23.44,0.14999999999999858,21.76505158,108.3648037,2070.9750824894754
15122,CHN50731,CHN,50731,ZHIGONG,128640.0,74.34,33.38,33.38,1.47,22.76,21.48,1.2800000000000011,21.75194902,111.6210365,1730.4277643260693
15125,IND50734,IND,50734,BHARUCH,212904.0,414.63,48.21,48.21,1.37,24.91,24.43,0.4800000000000004,21.63876227,73.00498371,513.4794877360538
15130,IND50748,IND,50748,PORBANDAR,192081.0,231.95,38.53,38.53,-1.7769999999999997,21.59,21.98,-0.39000000000000057,21.67325989,69.68014332,828.1138176331107
15133,USA50752,USA,50752,HONOLULU,820766.0,2123.99,34.77,34.77,4.17,20.02,19.6,0.41999999999999815,21.42706216,-157.9404948,386.426489766901
15135,CHN50759,CHN,50759,BEIHAI,441411.0,476.36,33.84,33.84,0.72,24.13,23.35,0.7799999999999976,21.55644538,109.204464,926.6332185741876
15142,CHN50781,CHN,50781,HUAZHOU,319850.0,130.88,32.09,32.09,-0.17,20.44,23.32,-0.7299999999999969,21.64626385,110.6508007,2443.841687041565
15153,VNM50811,VNM,50811,THAINGUYEN,184854.0,135.72,34.24,34.24,0.51,23.09,22.84,0.25,21.58680002,105.848862,1362.024756852343
15158,MEX50823,MEX,50823,TEPIC,288698.0,436.95,33.69,33.69,2.06,19.38,19.66,-0.28000000000000114,21.5081976,-104.8757878,660.7117519166953
15161,SAU50831,SAU,50831,ATTAIF,654657.0,1585.94,47.54,47.54,-0.45,18.55,20.17,-0.7299999999999969,21.33144592,40.44468982,412.78799954601055
15164,IND50839,IND,50839,JUNAGADH,164411.0,264.4,48.65,48.65,-1.7769999999999997,22.29,22.76,-0.4700000000000024,21.50590561,70.44703223,621.8267776096824
15171,IND50852,IND,50852,SAMBALPUR,214238.0,230.67,37.99,37.99,1.97,24.02,22.6,1.4199999999999982,21.48452089,83.9549956,928.7640352018035
15176,IND50861,IND,50861,BALESHWAR,131604.0,258.8,39.52,39.52,-0.7,26.261,25.720999999999997,-0.4399999999999977,21.49438198,86.92775484,508.516228748068
15178,BGD50871,BGD,50871,COXSBAZAR,105379.2,133.02,30.76,30.76,0.62,22.85,22.52,0.33000000000000185,21.44804871,92.0298703,760.9081341151706
15179,CHN50872,CHN,50872,DIANCHENG,201521.0,49.24,31.98,31.98,0.28,23.2,22.95,0.25,21.50602974,111.2912872,4092.6279447603574
15186,IND50884,IND,50884,GONDIYA,117847.0,100.68,49.2,49.2,1.46,25.04,24.21,0.8299999999999983,21.46435008,80.20620646,1170.5105284068334
15187,IND50889,IND,50889,SURAT,2067882.5999999978,1583.19,42.05,42.05,-1.1,24.48,23.94,0.5399999999999991,21.23228878,72.94239615,1518.4292472792274
15191,MMR50896,MMR,50896,MYINGYAN,125903.0,47.765,46.76,46.76,0.7,23.42,24.28,-0.7299999999999969,21.46148501,95.39933949,4163.458994708995
15192,CHN50897,CHN,50897,ANPU,194235.0,47.765,34.62,34.62,1.14,23.99,23.74,0.25,21.46020471,110.0421163,4501.390498261877
15193,CHN50899,CHN,50899,WUCHUAN,317602.0,103.49,32.97,32.97,1.07,24.81,23.56,1.25,21.43742858,110.7836401,3068.9148710020295
15195,CUB50905,CUB,50905,CAMAGUEY,340028.0,604.66,34.45,34.45,0.96,21.67,21.4,0.2700000000000031,21.32400578,-78.04829575,562.3457811001224
15209,IND50946,IND,50946,DURGBHILAINAGAR,2067882.5999999978,974.78,50.26,50.26,-0.22,24.79,24.48,0.3099999999999987,21.23304614,81.49474816,2350.956113174255
15213,MMR50955,MMR,50955,PAKOKKU,115208.0,70.42,46.04,46.04,0.34,24.72,24.42,0.29999999999999716,21.34307746,95.08801823,1636.012496449872
15215,IND50961,IND,50961,BURHANPUR,209950.0,145.58,51.06699999999999,51.06699999999999,-0.82,22.26,23.93,-0.7299999999999969,21.30875337,76.2277379,1442.1623849429866
15218,VNM50970,VNM,50970,VIETTRI,107607.0,48.64,33.48,33.48,-0.86,26.261,25.720999999999997,0.389999999999997,21.31977189,105.4055488,2212.3149671052633
15220,CHN50973,CHN,50973,ZHANJIANG,832273.0,380.09,32.06,32.06,0.25,23.84,23.71,0.129999999999999,21.23652209,110.3823709,2189.6734983819624
15223,IND50978,IND,50978,ACHALPUR,106141.0,117.61,51.06699999999999,51.06699999999999,-1.59,24.3,23.51,0.7899999999999991,21.28108308,77.52212748,902.482782076354
15224,IND50980,IND,50980,NAGPUR,2067882.5999999978,714.93,51.06699999999999,51.06699999999999,-1.7769999999999997,26.15,24.84,1.3099999999999987,21.17936469,79.09983595,2978.4160687060275
15233,MEX51000,MEX,51000,CANCUN,205300.0,429.68,33.47,33.47,1.68,22.27,21.53,0.7399999999999984,21.12867951,-86.85978921,477.7974306460622
15244,MEX51026,MEX,51026,LEON,1275595.0,1301.3,35.41,35.41,1.56,12.67,10.78,1.7710000000000001,21.04987241,-101.5836444,980.2466764005226
15245,VNM51028,VNM,51028,HANOI,216775.0,677.1,35.4,35.4,0.78,24.58,24.62,-0.0400000000000027,21.06555008,105.8398442,320.15211933244717
15264,MEX51073,MEX,51073,MERIDA,725811.0,1122.2,33.78,33.78,1.33,20.94,20.08,0.860000000000003,20.99912619,-89.5853433,646.7750846551417
15267,IND51096,IND,51096,BHUSAWAL,210658.0,206.03,51.06699999999999,51.06699999999999,-0.05,23.39,24.68,-0.7299999999999969,21.05160075,75.83892816,1022.4627481434743
15272,IND51107,IND,51107,RAJNANDGAON,141776.0,84.11,51.06699999999999,51.06699999999999,-0.33,25.17,24.76,0.41000000000000014,21.10124153,81.03733164,1685.6021876114612
15275,VNM51135,VNM,51135,CAMPHA,154045.0,116.39,30.2,30.2,0.01,21.7,21.59,0.10999999999999943,21.03448351,107.3077515,1323.5243577626943
15278,IND51142,IND,51142,JALGAON,379274.0,47.765,51.06699999999999,51.06699999999999,0.96,26.261,25.720999999999997,0.14000000000000057,21.05409965,76.5394742,11271.1441307578
15290,IND51168,IND,51168,NAVSARI,199756.0,111.44,43.07,43.07,1.35,24.51,23.65,0.860000000000003,20.96039997,72.94372399,1792.4982053122758
15293,IND51174,IND,51174,AMRAVATI,535015.0,268.66,51.06699999999999,51.06699999999999,-1.7769999999999997,24.39,24.13,0.26000000000000156,20.92496824,77.75977932,1991.4203826397675
15298,CUB51187,CUB,51187,LASTUNAS,144381.0,111.44,37.63,37.63,0.62,20.92,21.12,-0.1999999999999993,20.966306,-76.95357079,1295.5940416367553
15299,IND51188,IND,51188,VERAVAL,135576.0,292.32,38.97,38.97,-1.7769999999999997,23.22,22.51,0.7099999999999973,20.91215261,70.46022242,463.7931034482759
15302,VNM51195,VNM,51195,HONGAI,180453.0,102.74,31.57,31.57,2.33,21.27,21.76,-0.490000000000002,20.97086903,107.1083806,1756.4045162546233
15305,MRT51202,MRT,51202,NOUADHIBOU,107865.0,76.04,33.32,33.32,1.31,15.48,15.66,-0.17999999999999972,20.90462784,-17.04163588,1418.5297211993686
15309,VNM51210,VNM,51210,HAIPHONG,668996.0,271.37,32.04,32.04,0.31,21.6,21.85,-0.25,20.87036191,106.6882591,2465.2540811438257
15310,IND51213,IND,51213,DHULE,334560.0,182.88,45.76,45.76,-1.7769999999999997,26.261,25.720999999999997,0.23000000000000043,20.90186391,74.78222689,1829.3963254593177
15311,CHN51215,CHN,51215,LEIZHOU,463820.0,91.54,33.09,33.09,0.42,25.05,24.6,0.4499999999999993,20.9256683,110.0822113,5066.856019226568
15315,CUB51227,CUB,51227,HOLGUIN,268843.0,136.38,39.94,39.94,1.29,22.45,21.83,0.620000000000001,20.88096628,-76.25353382,1971.2787798797478
15321,MMR51244,MMR,51244,MEIKTILA,157622.0,105.65,43.27,43.27,-1.7769999999999997,24.64,24.18,0.46000000000000085,20.88768509,95.8787131,1491.9261713203975
15331,MEX51276,MEX,51276,GUADALAJARA,2067882.5999999978,2138.968,34.5,34.5,2.68,17.09,16.21,0.879999999999999,20.61538095,-103.3399346,2475.421467773271
15334,VNM51282,VNM,51282,HOABINH,105379.2,68.17,35.44,35.44,1.9,23.98,22.33,1.6500000000000021,20.82446987,105.3431155,1491.9025964500513
15340,MEX51290,MEX,51290,PUERTOVALLARTA,159471.0,530.96,33.69,33.69,2.95,21.89,21.32,0.5700000000000003,20.70434278,-105.2246064,300.3446587313545
15341,MEX51292,MEX,51292,QUERETARO,664124.0,1300.7,38.47,38.47,1.38,12.47,10.38,1.7710000000000001,20.55769232,-100.2597499,510.58968247866534
15344,MEX51300,MEX,51300,IRAPUATO,941971.0,1568.97,35.52,35.52,0.79,14.1,12.28,1.7710000000000001,20.58507501,-100.9997725,600.3754055208194
15345,MMR51304,MMR,51304,TAUNGGYI,159809.0,177.4,41.01,41.01,2.4,18.51,18.25,0.26000000000000156,20.78613135,97.01064053,900.8399098083427
15352,IND51326,IND,51326,WARDHA,110233.0,158.99,51.06699999999999,51.06699999999999,-1.03,25.72,24.89,0.8299999999999983,20.73240011,78.62217079,693.3329140197496
15358,IND51343,IND,51343,AKOLA,392124.0,221.66,51.06699999999999,51.06699999999999,-1.36,25.01,23.47,1.5400000000000027,20.71068573,77.00065346,1769.0336551475232
15377,MEX51386,MEX,51386,POZARICADEHIDALGO,233130.0,851.66,34.78,34.78,-0.36,21.74,21.51,0.22999999999999687,20.50378809,-97.46521098,273.7359979334476
15381,IND51394,IND,51394,VALSAD,298233.0,711.68,41.69,41.69,-1.27,23.71,22.85,0.8599999999999994,20.40242873,72.93800169,419.0549123201439
15386,IND51407,IND,51407,RAJHARAJHARANDALLI,120270.0,94.85,47.57,47.57,4.17,24.47,24.35,0.11999999999999744,20.58429774,81.07894468,1268.0021085925146
15388,IND51415,IND,51415,MALEGAON,417884.0,155.96,51.06699999999999,51.06699999999999,1.97,25.16,24.63,0.5300000000000011,20.56136856,74.52267096,2679.430623236727
15392,IND51433,IND,51433,BHUBANESWAR,1199622.0,641.32,38.89,38.89,-0.46,25.35,24.84,0.5100000000000016,20.38493581,85.86986243,1870.5513628141955
15408,MMR51478,MMR,51478,YAYNANGYOUNG,105379.2,72.02,44.92,44.92,-0.32,25.8,25.720999999999997,-0.23000000000000043,20.47135395,94.8927535,1392.1133018605944
15418,VNM51504,VNM,51504,NAMDINH,243538.0,88.7,30.34,30.34,-1.17,23.79,23.72,0.07000000000000028,20.43058119,106.181352,2745.6369785794814
15423,IND51524,IND,51524,YAVATMAL,119824.0,119.92,51.06699999999999,51.06699999999999,-0.07,25.57,24.23,1.3399999999999999,20.39163219,78.13122655,999.1994663108738
15425,CUB51531,CUB,51531,BAYAMO,154832.0,166.62,37.43,37.43,0.53,20.22,19.99,0.23000000000000043,20.36846511,-76.68609381,929.2521906133717
15430,CUB51551,CUB,51551,MANZANILLO,110846.0,68.62,38.3,38.3,3.51,22.57,22.08,0.490000000000002,20.34020071,-77.09955599,1615.3599533663653
15442,MEX51576,MEX,51576,MIXQUIAHUALADEJUAREZ,232207.0,961.42,35.23,35.23,-0.5,10.75,10.299000000000001,0.5999999999999996,20.12043099,-99.19212211,241.52503588442096
15443,MEX51577,MEX,51577,HUAUCHINANGO,106402.0,258.61,28.24,28.24,-0.16,15.82,14.74,1.08,20.22580967,-98.00562277,411.4380727736746
15464,MEX51624,MEX,51624,URIANGATO,128972.0,143.99,33.66,33.66,1.84,14.04,12.66,1.379999999999999,20.15557262,-101.1632003,895.7010903534967
15466,MMR51630,MMR,51630,MAGWAY,140000.0,186.35,43.76,43.76,-1.7769999999999997,25.96,25.720999999999997,0.120000000000001,20.17465678,94.90564538,751.2744834987926
15467,CUB51631,CUB,51631,GUANTANAMO,267231.0,217.58,42.51,42.51,4.17,20.87,20.45,0.4200000000000017,20.16817571,-75.16665875,1228.1965254159388
15473,MMR51657,MMR,51657,SITTWE,167222.0,52.06,34.43,34.43,-0.56,23.66,22.67,0.9899999999999984,20.16042847,92.88035497,3212.1014214368033
15475,MEX51661,MEX,51661,PACHUCADESOTO,244830.0,367.7,36.57,36.57,0.7,10.75,10.299000000000001,0.11000000000000298,20.09239803,-98.75038706,665.8417187924939
15485,IND51681,IND,51681,WANI,134245.0,271.73,51.06699999999999,51.06699999999999,-1.09,25.47,25.08,0.39000000000000057,20.09814125,79.0399377,494.03819968350933
15492,CUB51692,CUB,51692,SANTIAGODECUBA,452307.0,264.82,36.64,36.64,1.86,21.36,20.29,1.0700000000000003,20.04441737,-75.8103953,1707.979004606903
15494,CHN51696,CHN,51696,HAIKOU,1048823.0,840.84,32.92,32.92,-0.1,24.89,24.23,0.6600000000000001,19.99541885,110.3049064,1247.3514580657438
15498,MEX51704,MEX,51704,ZAMORA,343294.0,334.89,35.31,35.31,3.13,15.15,12.47,1.7710000000000001,19.97397278,-102.2595315,1025.094807250142
15504,IND51717,IND,51717,NASHIK,1099311.0,492.24,47.27,47.27,0.42,20.86,21.05,-0.19000000000000128,19.97430438,73.81445741,2233.282545099951
15508,IND51724,IND,51724,CHANDRAPUR,402338.0,509.33,51.06699999999999,51.06699999999999,2.06,26.1,25.56,0.5400000000000027,19.93129195,79.30982203,789.9357980091493
15531,MEX51785,MEX,51785,CAMPECHE,185553.0,333.89,34.65,34.65,0.86,21.89,21.65,0.240000000000002,19.84451349,-90.47608286,555.7309293479889
15532,IND51789,IND,51789,AURANGABAD,850786.0,428.02,51.06699999999999,51.06699999999999,0.81,19.75,19.7,0.05000000000000071,19.85454245,75.30907809,1987.7248726695016
15535,MEX51793,MEX,51793,MEXICOCITY,2067882.5999999978,2138.968,35.82,35.82,4.17,10.75,10.299000000000001,-0.1899999999999995,19.5048181,-99.06094887,6060.676891297337
15537,CHN51796,CHN,51796,LINCHENG,117849.0,54.9,28.24,28.24,-1.7769999999999997,23.82,23.89,-0.07000000000000028,19.91135793,109.6885917,2146.6120218579235
15541,MEX51807,MEX,51807,ALTOTONGA,172338.0,410.3,28.24,28.24,-0.52,10.92,11.879999999999999,-0.7299999999999969,19.83408864,-97.40623652,420.0292468925177
15543,LAO51810,LAO,51810,LOUANGPHRABANG,136182.0,47.765,31.19,31.19,-0.2,23.29,21.56,1.7300000000000004,19.88377495,102.1441992,3490.0563813429007
15549,IND51820,IND,51820,JALNA,228633.0,139.72,51.06699999999999,51.06699999999999,-1.06,19.39,21.76,-0.7299999999999969,19.84654822,75.89755809,1636.365588319496
15553,MEX51829,MEX,51829,MORELIA,560829.0,505.12,34.12,34.12,3.93,13.31,11.8,1.5099999999999998,19.73289569,-101.1626771,1110.2886442825468
15556,IND51836,IND,51836,PURI,154022.0,90.37,33.3,33.3,-1.7769999999999997,25.14,25.17,-0.030000000000001137,19.82167725,85.83103093,1704.348788314706
15557,VNM51837,VNM,51837,THANHHOA,124631.0,110.17,33.09,33.09,0.79,22.96,23.4,-0.4399999999999977,19.80431259,105.7779781,1131.2607787964055
15558,MEX51839,MEX,51839,CIUDADGUZMAN,148638.0,444.06,32.11,32.11,1.47,14.85,14.07,0.7799999999999994,19.66586473,-103.4159819,334.72503715714095
15561,DOM51844,DOM,51844,PUERTOPLATA,109377.0,249.17,32.93,32.93,0.97,22.06,21.28,0.7799999999999976,19.74809237,-70.55296405,438.9653650118393
15569,HTI51864,HTI,51864,CAPHAITIEN,128956.0,54.77,35.14,35.14,1.27,22.52,22.01,0.509999999999998,19.73746626,-72.2006546,2354.5006390359686
15582,IND51907,IND,51907,ADILABAD,105556.0,113.99,51.06699999999999,51.06699999999999,-1.55,26.01,24.42,1.5899999999999999,19.67943634,78.53961698,926.0110536011931
15588,MEX51927,MEX,51927,XALAPA,987132.0,519.5,29.81,29.81,2.27,13.7,12.94,0.7599999999999998,19.53324743,-96.91796852,1900.1578440808469
15597,CHN51957,CHN,51957,WENCHANG,175524.0,55.18,33.8,33.8,1.05,23.93,23.62,0.3099999999999987,19.60536054,110.739577,3180.9351214208045
15614,DOM51996,DOM,51996,SANTIAGODELOSCABALLEROS,676749.0,1086.77,36.71,36.71,3.32,20.21,19.78,0.4299999999999997,19.40897874,-70.60930593,622.7159380549703
15615,CHN51997,CHN,51997,DANZHOU,374164.0,200.7,33.27,33.27,1.05,23.54,22.91,0.629999999999999,19.52062397,109.56699,1864.2949676133533
15622,MEX52033,MEX,52033,TOLUCA,901554.0,1378.63,28.24,28.24,4.17,10.75,10.299000000000001,1.25,19.29895056,-99.59772622,653.9492104480535
15623,MEX52038,MEX,52038,PUEBLADEZARAGOZA,2067882.5999999978,2138.968,34.33,34.33,2.03,10.75,10.299000000000001,0.5199999999999996,19.13096174,-98.12006577,790.0787423159423
15627,MEX52048,MEX,52048,ZITACUARO,171228.0,142.49,28.24,28.24,4.08,10.75,10.299000000000001,0.8599999999999994,19.45307488,-100.3479652,1201.6843287248228
15633,IND52062,IND,52062,MUMBAI,2067882.5999999978,2138.968,42.85,42.85,-0.44,21.66,21.73,-0.07000000000000028,19.16237586,73.01071435,8071.482324156754
15636,MEX52075,MEX,52075,URUAPAN,239839.0,218.64,28.24,28.24,1.74,12.51,12.77,-0.2599999999999998,19.41893942,-102.0534899,1096.9584705451884
15637,MEX52081,MEX,52081,COLIMA,310000.0,535.63,35.28,35.28,3.37,18.86,18.22,0.6400000000000006,19.30401633,-103.6719709,578.7577245486623
15643,IND52115,IND,52115,BRAHMAPUR,318431.0,357.11,37.04,37.04,-0.25,24.01,24.2,-0.18999999999999773,19.32566344,84.89509789,891.6888353728542
15647,MMR52123,MMR,52123,THAYETMYO,108889.0,75.39,42.56,42.56,-0.65,26.261,25.720999999999997,0.7300000000000004,19.34469541,95.20185242,1444.3427510279878
15652,DOM52144,DOM,52144,SANFRANCISCODEMACORIS,132692.0,119.12,32.59,32.59,0.32,18.63,19.79,-0.7299999999999969,19.2994503,-70.24583648,1113.9355271994627
15656,IND52165,IND,52165,PARBHANI,251281.0,128.06,45.84,45.84,-0.99,20.73,20.76,-0.030000000000001137,19.26768049,76.78585524,1962.2130251444635
15660,CHN52182,CHN,52182,QIONGHAI,168903.0,154.84,33.95,33.95,0.56,24.45,23.88,0.5700000000000003,19.24062128,110.4565553,1090.8227848101264
15663,MEX52191,MEX,52191,HEROICAVERACRUZ,1144928.0,443.95,36.05,36.05,1.62,23.0,22.14,0.8599999999999994,19.13302193,-96.18369797,2578.9570897623607
15673,IND52214,IND,52214,NANDEDWAGHALA,416586.0,217.37,40.82,40.82,4.17,20.7,19.92,0.7799999999999976,19.15225658,77.32545594,1916.4834153747067
15676,SDN52218,SDN,52218,DONGOLA,162861.0,65.63,51.06699999999999,51.06699999999999,-1.12,22.68,20.85,1.7710000000000001,19.17577032,30.47723599,2481.502361724821
15684,IND52236,IND,52236,AHMADNAGAR,299746.0,240.15,49.56,49.56,2.29,19.45,19.47,-0.019999999999999574,19.10869099,74.74176894,1248.1615656881115
15690,CHN52255,CHN,52255,DONGFANG,130352.0,153.74,35.33,35.33,0.38,24.86,23.68,1.1799999999999997,19.10550438,108.6757735,847.8730323923506
15691,MEX52256,MEX,52256,APATZIGANDELACONSTITUCION,105379.2,304.31,37.91,37.91,1.17,21.91,21.65,0.26000000000000156,19.07171722,-102.3172581,332.8185074430679
15694,MEX52263,MEX,52263,CORDOBA,674419.0,1100.04,31.74,31.74,2.22,15.25,12.84,1.7710000000000001,18.87634372,-96.98374094,613.0858877858988
15702,IND52289,IND,52289,MANCHERIAL,490172.0,691.53,48.32,48.32,1.2,26.261,25.64,0.7199999999999989,18.84129344,79.49744902,708.822466125837
15711,IND52327,IND,52327,BID,135281.0,105.54,39.15,39.15,-1.7769999999999997,26.261,24.57,1.7710000000000001,18.99693187,75.7627463,1281.7983702861472
15712,MEX52331,MEX,52331,CUERNAVACA,1153433.0,1500.71,33.18,33.18,3.42,16.33,13.31,1.7710000000000001,18.8138224,-99.12766341,768.5915333408853
15717,THA52348,THA,52348,CHIANGMAI,269741.0,1347.9,36.53,36.53,1.93,24.47,24.11,0.35999999999999943,18.76630767,98.97775268,200.1194450626901
15719,MMR52352,MMR,52352,TOUNGOO,105379.2,73.9,40.04,40.04,-0.84,22.74,23.83,-0.7299999999999969,18.937646,96.44820405,1373.1529093369418
15738,MMR52408,MMR,52408,PYAY,128455.0,334.14,43.49,43.49,-1.59,25.26,25.55,-0.28999999999999915,18.79280658,95.17011289,384.4346681031903
15739,CHN52414,CHN,52414,WANNING,131964.0,99.36,36.14,36.14,2.27,23.94,23.53,0.41000000000000014,18.80691906,110.3911771,1328.1400966183576
15742,IND52424,IND,52424,KHOPOLI,111958.0,186.2,45.81,45.81,4.17,22.2,21.74,0.46000000000000085,18.78425858,73.35932824,601.2781954887218
15768,IND52488,IND,52488,PUNE,2067882.5999999978,1071.85,48.13,48.13,1.09,21.88,21.14,0.7399999999999984,18.57430887,73.86373536,3354.3462238186316
15771,IND52494,IND,52494,NIZAMABAD,281995.0,196.83,36.81,36.81,1.07,21.36,21.34,0.019999999999999574,18.68452279,78.10343367,1432.6830259614894
15772,VNM52500,VNM,52500,VINH,162847.0,115.28,33.2,33.2,1.57,25.84,24.66,1.1799999999999997,18.68190453,105.6897825,1412.6214434420542
15785,HTI52548,HTI,52548,PORTAUPRINCE,1371866.0,328.45,40.13,40.13,2.16,21.95,20.33,1.620000000000001,18.55235223,-72.29314073,4176.7879433703765
15792,DOM52565,DOM,52565,SANTODOMINGO,2067882.5999999978,1398.47,35.93,35.93,2.59,21.82,21.17,0.6499999999999986,18.44411937,-70.00117063,1587.8746058192166
15797,DOM52576,DOM,52576,SANPEDRODEMACORIS,174553.0,285.22,35.92,35.92,1.17,20.02,20.03,-0.010000000000001563,18.50183905,-69.32265558,611.9942500525909
15799,MEX52579,MEX,52579,CHETUMAL,121602.0,352.62,33.18,33.18,1.13,21.69,21.66,0.030000000000001137,18.52528898,-88.4198818,344.85281606261697
15800,SDN52580,SDN,52580,MEROWE,172441.0,108.26,50.09,50.09,-0.73,23.2,23.21,-0.010000000000001563,18.53366872,31.850125,1592.8413079623128
15801,MEX52583,MEX,52583,TEHUACAN,288597.0,598.71,44.19,44.19,4.17,12.73,11.400000000000002,1.3299999999999983,18.43119671,-97.35915896,482.03136743999596
15811,PRI52615,PRI,52615,SANJUAN,2067882.5999999978,2138.968,33.17,33.17,2.32,21.64,20.87,0.7699999999999996,18.23334318,-66.42908721,339.37921584362294
15815,DOM52625,DOM,52625,LAROMANA,171489.0,204.28,36.73,36.73,0.19,21.49,20.63,0.8599999999999994,18.4487067,-68.96452504,839.4801253181907
15819,IND52641,IND,52641,KARIMNAGAR,209744.0,150.68,43.57,43.57,-1.74,23.08,22.71,0.36999999999999744,18.44318955,79.14019141,1391.983010353066
15823,MEX52651,MEX,52651,SANANDRESTUXTLA,105379.2,264.36,34.64,34.64,2.34,19.71,19.53,0.17999999999999972,18.44773649,-95.20136396,384.9334241186261
15828,MEX52665,MEX,52665,VILLAHERMOSA,411099.0,1814.59,35.99,35.99,1.2,23.23,23.12,0.10999999999999943,18.07134064,-93.06752806,226.55200348288045
15835,IND52681,IND,52681,LATUR,287555.0,167.01,51.06699999999999,51.06699999999999,3.66,22.03,21.01,1.0199999999999996,18.40604035,76.5667179,1721.7831267588767
15839,SAU52692,SAU,52692,HAMISMUSAYT,423833.0,2138.968,40.7,40.7,-0.92,11.82,16.52,-0.7299999999999969,18.24372028,42.61381568,192.571708974924
15842,CHN52697,CHN,52697,SANYA,309848.0,279.55,32.48,32.48,1.12,24.04,23.12,0.9199999999999982,18.31192587,109.5712622,1108.381327132892
15848,MEX52713,MEX,52713,IGUALA,105379.2,199.68,33.61,33.61,2.54,19.54,18.62,0.9199999999999982,18.34044836,-99.5096462,524.6344150641025
15853,THA52742,THA,52742,LAMPANG,147812.0,367.69,39.66,39.66,1.29,23.98,24.07,-0.08999999999999986,18.28174968,99.47150599,402.00168620305146
15856,IND52760,IND,52760,SRIKAKULAM,107385.0,115.75,43.33,43.33,1.57,25.91,25.69,0.21999999999999886,18.30502393,83.90509545,927.7321814254859
15863,MEX52795,MEX,52795,TUXTEPEC,189163.0,462.62,33.91,33.91,0.25,22.36,22.2,0.16000000000000014,18.14927875,-96.11137184,408.89498940815355
15872,IND52819,IND,52819,BARSHI,105379.2,71.76,38.55,38.55,-1.56,22.84,24.8,-0.7299999999999969,18.23811338,75.69894739,1436.2597547380155
15873,MEX52822,MEX,52822,COATZCOALCOS,865237.0,1658.31,33.29,33.29,0.06,22.54,22.42,0.11999999999999744,18.07785679,-94.32843779,521.7582960966286
15880,IND52842,IND,52842,BARAMATI,128907.0,793.33,44.04,44.04,2.25,23.89,24.72,-0.7299999999999969,18.08776859,74.51267901,162.4884978508313
15890,MRT52879,MRT,52879,NOUAKCHOTT,739993.0,278.83,40.34,40.34,-0.69,18.87,17.69,1.1799999999999997,18.08257703,-15.95665186,2653.9217444320916
15891,IND52880,IND,52880,VIZIANAGARAM,201569.0,119.96,42.84,42.84,-1.45,26.12,25.720999999999997,0.23000000000000043,18.11572066,83.4167986,1680.301767255752
15892,JAM52881,JAM,52881,KINGSTON,918442.0,1134.46,35.81,35.81,3.05,20.84,20.81,0.030000000000001137,17.98356955,-76.97033665,809.585177088659
15896,MEX52890,MEX,52890,CARDENAS,105379.2,631.51,34.7,34.7,-0.17,22.0,21.67,0.3299999999999983,17.96822356,-93.39097885,163.56193884499058
15904,IND52923,IND,52923,WARANGAL,515317.0,301.34,47.11,47.11,-0.74,25.38,24.25,1.129999999999999,17.99162321,79.57635661,1710.084953872702
15907,MEX52932,MEX,52932,LAZAROCARDENAS,115719.0,445.86,33.88,33.88,0.34,23.75,22.71,1.0399999999999991,18.00333952,-102.2275868,259.5411115596824
15912,LAO52944,LAO,52944,VIANGCHAN,197507.0,322.34,35.95,35.95,1.19,24.22,24.46,-0.240000000000002,17.9623016,102.6383836,612.7287956815785
15914,SDN52949,SDN,52949,BARBAR,134121.0,47.765,51.06699999999999,51.06699999999999,2.32,24.41,22.78,1.629999999999999,18.03227373,33.99408854,6846.401225114854
15926,IND52997,IND,52997,BIDAR,167977.0,160.95,51.06699999999999,51.06699999999999,-0.4,19.96,20.01,-0.05000000000000071,17.91227861,77.51130651,1043.659521590556
15938,IND53045,IND,53045,VISAKHAPATNAM,1325587.0,790.6,39.38,39.38,0.29,25.9,25.69,0.2099999999999973,17.71287441,83.13908237,1676.684796357197
15945,IND53092,IND,53092,SATARA,106682.0,156.24,46.71,46.71,0.77,22.61,21.25,1.3599999999999994,17.69027313,74.02854569,682.8084997439836
15946,SDN53095,SDN,53095,ATBARA,200773.0,220.7,51.06699999999999,51.06699999999999,-0.21,22.77,22.46,0.3099999999999987,17.66020613,33.9871023,909.7100135931129
15949,IND53105,IND,53105,SOLAPUR,851147.0,278.81,43.09,43.09,-0.13,25.38,24.85,0.5299999999999976,17.65129336,75.93118074,3052.7850507514077
15956,IND53125,IND,53125,HYDERABADMCORP,2067882.5999999978,2068.56,45.31,45.31,-1.23,22.98,21.81,1.1700000000000017,17.45848956,78.43951376,2499.4000657462198
15957,MEX53126,MEX,53126,CHILPANCINGODELOSBRAVO,164726.0,374.93,32.31,32.31,2.53,15.1,13.68,1.42,17.5578792,-99.47183634,439.3513455845091
15958,MMR53130,MMR,53130,HINTHADA,127239.0,66.52,43.06,43.06,1.19,25.37,25.1,0.2699999999999996,17.64432497,95.45366328,1912.7931449188216
15960,SAU53139,SAU,53139,NAJRAN,116787.0,979.22,51.06699999999999,51.06699999999999,1.33,20.78,19.86,0.9200000000000017,17.53553144,44.26809005,119.26533363289148
15962,IND53141,IND,53141,KOTHAGUDEM,147191.0,282.43,44.06,44.06,-0.53,26.261,25.720999999999997,0.7899999999999991,17.55430305,80.665461,521.1592252947632
15963,PHL53142,PHL,53142,TUGUEGARAO,120645.0,64.02,35.27,35.27,0.31,21.72,22.1,-0.38000000000000256,17.6281877,121.7450288,1884.4892221180883
15976,IND53188,IND,53188,KOLHAPUR,2037415.0,2138.968,38.21,38.21,-1.6,22.59,22.83,-0.23999999999999844,16.83490364,74.56275487,574.4116088143086
15987,THA53228,THA,53228,UDONTHANI,220493.0,256.45,37.77,37.77,0.74,24.71,24.67,0.03999999999999915,17.40452188,102.8053807,859.7894326379411
15988,SAU53231,SAU,53231,JIZAN,162587.0,1523.92,46.61,46.61,1.94,20.79,19.91,0.879999999999999,17.10383892,42.67626637,106.68998372617985
15995,IND53255,IND,53255,GULBARGA,417199.0,175.4,46.68,46.68,-1.7769999999999997,23.68,22.21,1.4699999999999989,17.33884153,76.84309697,2378.557582668187
15998,MMR53272,MMR,53272,BAGO,231997.0,117.21,42.8,42.8,0.05,25.75,25.1,0.6499999999999986,17.32844668,96.48696432,1979.32770241447
15999,MEX53284,MEX,53284,OAXACADEJUAREZ,439564.0,1472.95,37.19,37.19,4.17,12.6,10.82,1.7710000000000001,17.01357788,-96.70378112,298.42425065345054
16005,IND53304,IND,53304,KHAMMAM,154059.0,87.74,46.67,46.67,0.25,26.261,25.41,1.7710000000000001,17.25169207,80.15275493,1755.8582174606793
16022,OMN53364,OMN,53364,SALALAH,177255.0,631.04,35.96,35.96,0.38,14.64,17.05,-0.7299999999999969,17.02945698,54.0547477,280.8934457403651
16023,MMR53373,MMR,53373,YANGONCITY,2067882.5999999978,860.13,41.89,41.89,0.1,26.08,25.42,0.6599999999999966,16.89404605,96.15059268,4829.872228616605
16026,IND53388,IND,53388,NALGONDA,107759.0,105.89,49.27,49.27,-1.38,26.261,25.720999999999997,0.03999999999999915,17.0606975,79.27883319,1017.6503919161394
16028,IND53391,IND,53391,RAJAHMUNDRY,344357.0,205.0,36.06,36.06,0.44,25.33,24.63,0.6999999999999993,17.00500638,81.75032309,1679.790243902439
16029,MEX53402,MEX,53402,ACAPULCODEJUAREZ,620656.0,852.92,35.49,35.49,1.46,22.57,21.96,0.6099999999999994,16.91486212,-99.86638183,727.6837218027482
16036,IND53420,IND,53420,KAKINADA,282650.0,122.59,37.84,37.84,1.5,25.21,24.77,0.4400000000000013,16.97333732,82.23782578,2305.6529896402644
16042,MMR53454,MMR,53454,THATON,105379.2,69.82,35.31,35.31,-0.95,25.31,24.61,0.6999999999999993,16.93606392,97.38964449,1503.8670867946148
16053,MEX53481,MEX,53481,TUXTLAGUTIERREZ,520789.0,841.11,34.23,34.23,1.29,20.24,19.22,1.0199999999999996,16.74849997,-93.14121069,619.1687175280284
16056,MMR53487,MMR,53487,PATHEIN,223490.0,134.0,40.17,40.17,0.31,24.66,24.56,0.10000000000000142,16.80658434,94.74905455,1667.8358208955224
16057,IND53492,IND,53492,BIJAPUR,239779.0,142.18,40.65,40.65,-1.7769999999999997,26.261,25.720999999999997,0.14000000000000057,16.83604744,75.72168901,1686.4467576311717
16060,IND53503,IND,53503,TADEPALLIGUDEM,105379.2,81.36,37.04,37.04,1.38,24.54,24.47,0.07000000000000028,16.82208784,81.52999781,1239.8352999016715
16062,MEX53515,MEX,53515,SANCRISTOBALDELASCASAS,112442.0,269.68,28.24,28.24,-0.67,10.75,10.299000000000001,-0.7299999999999969,16.74806784,-92.66717839,416.94601008602785
16070,IND53529,IND,53529,MAHBUBNAGAR,129374.0,137.31,41.02,41.02,-1.7769999999999997,25.7,25.15,0.5500000000000007,16.74616243,78.00765052,942.2037724856165
16076,IND53551,IND,53551,ELURU,191963.0,99.5,39.62,39.62,4.17,26.261,25.720999999999997,0.25,16.71565247,81.10711694,1929.2763819095478
16083,IND53572,IND,53572,PALWANCHA,154768.0,1416.66,34.04,34.04,-0.22,24.64,24.6,0.03999999999999915,16.54170759,81.93888003,109.24851411065463
16084,PHL53585,PHL,53585,SANFERNANDO,105379.2,130.07,31.56,31.56,-0.74,22.88,23.14,-0.26000000000000156,16.57594078,120.3388675,784.8235565464751
16086,IND53598,IND,53598,VIJAYAWADA,965344.0,664.68,41.97,41.97,-1.12,25.52,25.31,0.21000000000000085,16.49413253,80.69828876,1452.343985075525
16093,LAO53615,LAO,53615,SAVANNAKHET,192434.0,62.61,35.55,35.55,2.56,23.04,23.6,-0.5600000000000023,16.56988866,104.7782853,3073.5345791407126
16097,MEX53625,MEX,53625,JUCHITAN,111011.0,504.67,39.55,39.55,3.86,23.37,23.45,-0.0799999999999983,16.49299375,-95.05467341,219.96750351714982
16103,IND53642,IND,53642,BHEEMAVARAM,135634.0,72.43,38.69,38.69,4.17,25.65,25.3,0.34999999999999787,16.54919257,81.5302915,1872.6218417782684
16109,THA53662,THA,53662,KHONKAEN,141034.0,374.85,40.1,40.1,2.36,25.42,24.6,0.8200000000000003,16.42964794,102.8313991,376.2411631319194
16113,MMR53671,MMR,53671,MAWLAMYINE,422066.0,156.45,29.76,29.76,-1.7769999999999997,23.41,23.02,0.39000000000000057,16.44429453,97.65460825,2697.7692553531483
16115,VNM53677,VNM,53677,HUE,309557.0,89.08,32.94,32.94,1.38,24.81,24.75,0.05999999999999872,16.47127608,107.592614,3475.0449034575663
16121,GLP53688,GLP,53688,LESABYMES,374015.0,1143.19,31.8,31.8,3.55,22.36,22.06,0.3000000000000007,16.23761604,-61.5516813,327.16783736736676
16125,PHL53693,PHL,53693,BAGUIO,252386.0,172.14,29.02,29.02,1.27,18.69,19.41,-0.7199999999999989,16.41007771,120.6115314,1466.1670733124201
16127,IND53695,IND,53695,GUDIVADA,111138.0,68.35,41.64,41.64,2.02,25.22,25.49,-0.2699999999999996,16.43280885,81.00425589,1626.0131675201171
16134,MEX53721,MEX,53721,SALINACRUZ,123018.0,484.8,39.24,39.24,1.92,24.5,24.13,0.370000000000001,16.27463479,-95.19295522,253.75
16145,IND53745,IND,53745,GUNTUR,510165.0,209.31,45.53,45.53,-1.0,26.261,25.720999999999997,0.6500000000000021,16.30915385,80.43660285,2437.365629926903
16154,IND53775,IND,53775,TENALI,149216.0,80.79,43.68,43.68,0.12,24.9,24.51,0.389999999999997,16.24378143,80.65075491,1846.9612575813837
16157,IND53778,IND,53778,RAICHUR,200478.0,122.02,50.53,50.53,-1.18,25.74,24.72,1.0199999999999996,16.21063344,77.35719708,1642.992951975086
16160,IND53781,IND,53781,MACHILIPATNAM,210110.0,112.13,39.86,39.86,1.72,26.11,25.14,0.9699999999999989,16.19873626,81.14429173,1873.8071880852583
16177,VNM53824,VNM,53824,DANANG,544293.0,152.69,32.16,32.16,0.28,25.28,23.92,1.3599999999999994,16.04854356,108.1989097,3564.693169166285
16184,SEN53844,SEN,53844,SAINT-LOUIS,156337.0,75.46,37.23,37.23,-1.7769999999999997,20.97,20.45,0.5199999999999996,16.03214097,-16.45295886,2071.786376888418
16188,PHL53851,PHL,53851,DAGUPAN,212470.0,168.71,29.42,29.42,-1.7769999999999997,24.83,24.73,0.09999999999999787,16.03709226,120.3449732,1259.3800011854662
16190,SDN53863,SDN,53863,ALKHARTUM,2067882.5999999978,1458.37,51.06699999999999,51.06699999999999,-1.7769999999999997,23.76,23.2,0.5600000000000023,15.59612351,32.55048862,4849.6910934810785
16198,PHL53880,PHL,53880,URDANETA,111582.0,47.765,36.06,36.06,-0.54,24.56,24.31,0.25,15.98020477,120.5763176,2875.8247422680415
16199,IND53883,IND,53883,BELGAUM,389580.0,241.16,35.23,35.23,-0.39,21.93,21.04,0.8900000000000006,15.87567232,74.51785594,1615.4420301874275
16204,PHL53897,PHL,53897,SANCARLOS,154264.0,47.765,36.98,36.98,1.74,24.72,24.94,-0.22000000000000242,15.92610994,120.3502476,5838.90991672975
16213,IND53920,IND,53920,KURNOOL,261025.0,154.48,48.47,48.47,-1.7769999999999997,26.261,25.63,0.6900000000000013,15.82717834,78.04969909,1689.700932159503
16217,IND53927,IND,53927,CHIRALA,119420.0,114.0,42.5,42.5,-1.7769999999999997,26.261,25.720999999999997,0.16999999999999815,15.81868657,80.35041263,1047.5438596491229
16223,HND53947,HND,53947,LACEIBA,109758.0,128.7,32.72,32.72,3.88,21.99,19.57,1.7710000000000001,15.74477171,-86.8226373,852.8205128205129
16244,HND54010,HND,54010,SANPEDROSULA,686391.0,981.05,34.15,34.15,2.62,20.4,19.84,0.5599999999999987,15.46170658,-87.96118166,699.6493552826054
16245,IND54011,IND,54011,ADONI,153867.0,83.52,44.94,44.94,-1.7769999999999997,22.62,23.37,-0.7299999999999969,15.62974349,77.28097179,1842.2772988505749
16248,IND54017,IND,54017,MORMUGAO,387362.0,851.05,36.19,36.19,0.58,23.44,22.22,1.2200000000000024,15.50397271,73.90972353,455.15774631337763
16253,IND54049,IND,54049,ONGOLE,145838.0,124.1,49.04,49.04,2.45,26.261,25.720999999999997,0.8399999999999999,15.51249542,80.04971117,1175.1651893634166
16255,YEM54058,YEM,54058,SANAA,1333458.0,678.03,42.92,42.92,1.87,11.7,10.73,0.9699999999999989,15.38081856,44.22604426,1966.6651918056723
16256,IND54059,IND,54059,HUBLIDHARWAD,771021.0,377.46,40.23,40.23,-1.21,22.83,22.06,0.7699999999999996,15.41008863,75.07089553,2042.6561754887937
16257,PHL54060,PHL,54060,TARLAC,262481.0,162.2,38.19,38.19,0.57,24.38,24.48,-0.10000000000000142,15.45810964,120.6096393,1618.2552404438966
16261,IND54069,IND,54069,GANGAWATI,125918.0,167.35,37.41,37.41,-1.7769999999999997,23.33,23.35,-0.020000000000003126,15.44428835,76.57139176,752.4230654317299
16263,IND54071,IND,54071,NANDYAL,148224.0,105.92,47.27,47.27,0.85,26.261,25.720999999999997,0.3000000000000007,15.4772821,78.49686482,1399.3957703927492
16265,SDN54080,SDN,54080,KASSALA,339202.0,166.34,47.42,47.42,-1.7769999999999997,21.02,20.28,0.7399999999999984,15.4520911,36.39715177,2039.2088493447156
16269,IND54092,IND,54092,GADAGBETIGERI,150966.0,73.66,47.19,47.19,-0.17,24.43,24.2,0.23000000000000043,15.43127494,75.64226505,2049.4976920988324
16276,ERI54122,ERI,54122,ASMARA,441752.0,130.83,33.93,33.93,-0.93,10.99,12.34,-0.7299999999999969,15.33825117,38.94160551,3376.534433998318
16279,IND54127,IND,54127,HOSPET,159189.0,213.7,39.61,39.61,-1.41,24.1,23.08,1.0200000000000031,15.30736091,76.34500154,744.9181094992981
16286,IND54143,IND,54143,MARGAO,168619.0,337.59,35.3,35.3,0.17,21.49,22.62,-0.7299999999999969,15.25500332,73.99853247,499.4786575431737
16290,THA54159,THA,54159,UBONRATCHATHANI,144033.0,391.17,37.66,37.66,2.78,24.3,24.37,-0.07000000000000028,15.1979355,104.8779966,368.21075235830966
16299,PHL54189,PHL,54189,ANGELES,758799.0,444.34,37.27,37.27,2.31,24.05,23.75,0.3000000000000007,15.09334872,120.6398187,1707.6990592789307
16302,IND54203,IND,54203,GUNTAKAL,114459.0,81.21,50.18,50.18,0.34,22.16,21.93,0.23000000000000043,15.16801546,77.38672495,1409.4200221647582
16303,IND54206,IND,54206,BELLARY,308986.0,136.75,48.5,48.5,-1.24,24.53,24.61,-0.0799999999999983,15.1469196,76.93344894,2259.4954296160877
16318,THA54255,THA,54255,NAKHONRATCHASIMA,255391.0,1043.3,42.02,42.02,-0.01,24.92,24.47,0.45000000000000284,14.90730762,101.9993498,244.791526885843
16323,MEX54269,MEX,54269,TAPACHULA,179839.0,544.85,32.56,32.56,0.26,20.71,20.37,0.33999999999999986,14.92264348,-92.24379653,330.0706616499954
16332,PHL54302,PHL,54302,QUEZONCITY,2067882.5999999978,2138.968,38.26,38.26,4.17,24.07,23.53,0.5399999999999991,14.55038012,121.0378494,5465.268303163775
16334,GTM54308,GTM,54308,QUETZALTENANGO,118599.0,412.43,28.24,28.24,3.64,10.75,10.299000000000001,-0.5199999999999978,14.87880859,-91.47516314,287.5615255922217
16344,YEM54333,YEM,54333,ALHUDAYDAH,446667.0,346.71,48.01,48.01,0.49,18.11,18.4,-0.28999999999999915,14.81559635,43.06930002,1288.3014623172105
16348,PHL54342,PHL,54342,OLONGAPO,194260.0,156.22,30.59,30.59,0.02,23.58,23.48,0.09999999999999787,14.84219874,120.2954644,1243.5027525284854
16351,MTQ54349,MTQ,54349,FORTDEFRANCE,383318.0,1002.52,31.19,31.19,2.75,21.73,22.04,-0.3099999999999987,14.63093078,-61.00661532,382.35446674380563
16359,SEN54362,SEN,54362,THIES,269190.0,141.13,40.36,40.36,-0.15,20.25,19.38,0.870000000000001,14.78719169,-16.93319275,1907.390349323319
16362,SEN54371,SEN,54371,DAKAR,2067882.5999999978,306.11,33.72,33.72,-0.86,20.59,20.68,-0.08999999999999986,14.7420376,-17.34510027,8022.789193427199
16367,IND54385,IND,54385,PRODDATUR,187596.0,270.74,49.46,49.46,-0.31,26.261,25.720999999999997,0.490000000000002,14.70487959,78.52353254,692.9009381694615
16369,GTM54390,GTM,54390,CIUDADDEGUATEMALA,1622722.0,1509.44,31.19,31.19,2.26,12.23,12.66,-0.4299999999999997,14.58871506,-90.59260804,1075.0490248039007
16375,THA54405,THA,54405,SARABURI,174085.0,1370.07,37.17,37.17,0.91,24.25,24.21,0.03999999999999915,14.57713161,101.1069937,127.06285080324363
16377,IND54410,IND,54410,ANANTAPUR,215849.0,164.46,47.24,47.24,-1.68,25.1,25.3,-0.1999999999999993,14.67583414,77.61240571,1312.471117596984
16383,SEN54425,SEN,54425,DIOURBEL,117392.0,49.84,40.39,40.39,0.04,20.67,21.43,-0.7299999999999969,14.65560678,-16.22306249,2355.3772070626
16395,YEM54463,YEM,54463,DAMAR,112591.0,119.67,38.2,38.2,0.79,10.75,10.299000000000001,-0.7299999999999969,14.55605795,44.40786245,940.8456588952954
16397,YEM54465,YEM,54465,ALMUKALLA,166143.0,174.27,42.34,42.34,-1.7769999999999997,20.32,20.59,-0.2699999999999996,14.55091058,49.13661833,953.3654673782062
16399,IND54470,IND,54470,NELLORE,406636.0,525.64,39.45,39.45,-1.7769999999999997,24.76,25.3,-0.5399999999999991,14.48820223,80.01663402,773.6017045886919
16401,IND54472,IND,54472,CUDDAPAH,185018.0,187.88,47.95,47.95,2.12,26.261,25.720999999999997,0.7100000000000009,14.48727556,78.83321212,984.7668724717905
16408,SEN54492,SEN,54492,MBOUR,129056.0,101.27,36.72,36.72,-1.3,20.18,19.72,0.46000000000000085,14.44110898,-16.98966924,1274.3754320134294
16409,IND54493,IND,54493,DAVANAGERE,354658.0,142.17,36.95,36.95,1.76,23.49,22.97,0.5199999999999996,14.45829736,75.93476011,2494.6050502919043
16410,SDN54497,SDN,54497,WADMADANI,355175.0,284.69,51.06699999999999,51.06699999999999,0.44,20.45,20.11,0.33999999999999986,14.38445008,33.53589296,1247.585092556816
16413,THA54503,THA,54503,BANGKOK,2067882.5999999978,2138.968,37.79,37.79,0.79,26.261,25.29,1.0399999999999991,13.77519835,100.4709947,1465.1956025720806
16417,IND54507,IND,54507,DHARMAVARAM,105379.2,59.04,50.96,50.96,-0.22,24.82,25.5,-0.6799999999999997,14.41846271,77.72962501,1704.759485094851
16437,PHL54564,PHL,54564,SANPEDRO,231403.0,47.765,31.38,31.38,2.28,22.34,22.34,0.0,14.27466992,121.4206128,8048.8
16441,IND54573,IND,54573,CHITRADURGA,119520.0,89.06,42.17,42.17,0.75,21.65,21.33,0.3200000000000003,14.23004098,76.40587093,1342.0166180103301
16449,SEN54589,SEN,54589,KAOLACK,234961.0,137.37,41.85,41.85,-0.34,19.26,18.07,1.1900000000000013,14.1601019,-16.0856886,1710.4244012520928
16454,HND54601,HND,54601,TEGUCIGALPA,748381.0,403.91,33.8,33.8,3.87,15.19,15.07,0.11999999999999922,14.08810462,-87.19784707,1852.8409794261097
16463,MMR54624,MMR,54624,DAWEI,117639.0,47.765,33.43,33.43,4.17,23.84,23.22,0.620000000000001,14.08032279,98.20695207,2811.639579349904
16465,PHL54629,PHL,54629,SANPABLO,105379.2,59.97,34.58,34.58,0.86,22.87,22.48,0.39000000000000057,14.07069992,121.326375,1750.8754377188595
16467,SDN54631,SDN,54631,ALQADARIF,276373.0,145.77,48.12,48.12,-0.16,18.11,16.93,1.1799999999999997,14.03659135,35.39982496,1895.9525279549975
16469,SLV54636,SLV,54636,SANTAANA,258544.0,458.65,32.08,32.08,1.02,18.36,18.62,-0.26000000000000156,13.98016291,-89.68100392,563.7065300337948
16470,SLV54637,SLV,54637,SANSALVADOR,1908106.0,1477.1,33.45,33.45,1.14,19.06,19.19,-0.13000000000000256,13.77855473,-89.21264091,1291.7920249136823
16476,VNM54654,VNM,54654,PLAYCU,112953.0,83.32,34.78,34.78,1.81,19.34,19.18,0.16000000000000014,13.99107842,108.0068219,1355.6529044647145
16479,YEM54662,YEM,54662,IBB,140280.0,118.32,29.89,29.89,-0.05,10.75,10.299000000000001,-0.7299999999999969,13.97028258,44.19289028,1185.5983772819473
16480,IND54665,IND,54665,SHIMOGA,423602.0,629.37,34.2,34.2,0.65,22.47,21.76,0.7099999999999973,13.86755338,75.68090013,673.0571841682953
16485,PHL54677,PHL,54677,LIPA,218447.0,70.83,37.78,37.78,4.04,22.04,22.99,-0.7299999999999969,13.94645709,121.1614098,3084.1027813073556
16486,PHL54679,PHL,54679,LUCENA,196075.0,56.64,33.27,33.27,1.12,24.12,23.15,0.9700000000000024,13.94176762,121.6160084,3461.776129943503
16489,IND54700,IND,54700,HINDUPUR,122848.0,122.56,49.2,49.2,0.38,25.5,24.88,0.620000000000001,13.82717163,77.50404316,1002.3498694516971
16495,NER54714,NER,54714,ZINDER,166004.0,97.56,44.43,44.43,-0.28,22.55,20.61,1.7710000000000001,13.80527937,8.990768812,1701.5580155801558
16498,VNM54727,VNM,54727,QUINHON,234735.0,107.66,31.05,31.05,0.24,24.2,23.6,0.5999999999999979,13.78234414,109.1879638,2180.336243730262
16499,PHL54728,PHL,54728,BATANGAS,247588.0,194.97,33.13,33.13,2.47,22.97,22.94,0.029999999999997584,13.75953909,121.0501004,1269.8774170385188
16501,SLV54734,SLV,54734,SONSONATE,109825.0,152.63,33.78,33.78,2.0,19.69,18.67,1.0199999999999996,13.737875,-89.7102266,719.5505470746249
16504,YEM54743,YEM,54743,TAIZZ,431208.0,421.39,40.68,40.68,1.35,15.54,14.91,0.629999999999999,13.6296442,44.06584074,1023.2990816108593
16511,IND54762,IND,54762,TIRUPATI,262980.0,327.08,40.47,40.47,1.3,25.41,25.27,0.14000000000000057,13.64212322,79.41920761,804.0234804940687
16514,PHL54770,PHL,54770,NAGA,137810.0,119.33,35.6,35.6,2.1,24.09,23.98,0.10999999999999943,13.62978772,123.2026977,1154.864661024051
16519,SDN54780,SDN,54780,ALFASHIR,205127.0,70.93,50.56,50.56,-1.7769999999999997,18.23,17.25,0.9800000000000004,13.62253535,25.35788384,2891.963908078387
16526,SLV54798,SLV,54798,SANMIGUEL,172156.0,260.49,37.45,37.45,1.37,20.88,19.93,0.9499999999999993,13.49335812,-88.18154648,660.8929325501938
16527,NER54799,NER,54799,NIAMEY,676465.0,341.22,42.84,42.84,-0.14,22.38,22.17,0.2099999999999973,13.50636214,2.148484205,1982.4893030889161
16533,NER54814,NER,54814,MARADI,144676.0,85.16,40.79,40.79,-0.37,22.94,22.49,0.45000000000000284,13.5006562,7.114289924,1698.8727101925788
16534,ETH54818,ETH,54818,MAKALLE,132545.0,76.81,36.25,36.25,3.77,10.75,10.299000000000001,1.0500000000000007,13.49969531,39.48649445,1725.6216638458534
16537,GMB54825,GMB,54825,BANJUL,410754.0,163.13,30.64,30.64,0.23,19.29,19.21,0.0799999999999983,13.41793162,-16.65966424,2517.9550052105683
16539,MLI54833,MLI,54833,SEGOU,124063.0,59.98,38.5,38.5,-1.7769999999999997,23.38,22.5,0.879999999999999,13.43880287,-6.249113936,2068.4061353784596
16541,SDN54835,SDN,54835,ALJUNAYNAH,134209.0,50.11,41.24,41.24,-0.25,18.82,17.88,0.9400000000000013,13.43991285,22.4526309,2678.287766912792
16550,PHL54858,PHL,54858,CALAPAN,105910.0,47.765,35.24,35.24,1.82,21.7,22.49,-0.7299999999999969,13.40840126,121.186768,7375.348189415042
16551,IND54861,IND,54861,TUMKUR,242359.0,162.91,40.31,40.31,-0.13,21.94,19.96,1.7710000000000001,13.3397093,77.12325965,1487.6864526425634
16554,IND54866,IND,54866,UDUPI,120539.0,137.85,32.6,32.6,-1.17,25.25,23.82,1.4299999999999997,13.34414165,74.76693435,874.4214726151614
16561,IND54883,IND,54883,CHENNAI,2067882.5999999978,1354.41,38.53,38.53,0.0,26.261,25.720999999999997,0.370000000000001,13.0585873,80.14366023,4521.738616814701
16576,IND54913,IND,54913,CHITTOOR,150893.0,110.33,43.55,43.55,-0.48,25.78,25.720999999999997,-0.14000000000000057,13.21705899,79.11078669,1367.651590682498
16578,SDN54916,SDN,54916,ALUBAYYID,331688.0,141.28,51.06699999999999,51.06699999999999,0.18,22.73,21.73,1.0,13.18970287,30.23098277,2347.7349943374857
16581,IND54921,IND,54921,BANGALORE,2067882.5999999978,1616.76,41.59,41.59,-1.7769999999999997,21.77,21.25,0.5199999999999996,12.95758324,77.64687382,3427.0268932927584
16586,IND54937,IND,54937,KOLAR,109865.0,86.13,43.22,43.22,-0.73,20.22,20.55,-0.33000000000000185,13.13184217,78.14493412,1275.5718100545687
16588,NGA54942,NGA,54942,SOKOTO,509865.0,257.63,45.22,45.22,1.38,21.23,20.84,0.39000000000000057,13.04310528,5.236275113,1979.059115786205
16593,KHM54948,KHM,54948,BATDAMBANG,139678.0,47.765,35.32,35.32,0.3,26.261,25.720999999999997,0.5599999999999987,13.09882868,103.2069885,3339.9808703969393
16595,IND54951,IND,54951,MANGALORE,490079.0,475.64,36.36,36.36,0.43,24.01,23.44,0.5700000000000003,12.93147311,74.88446361,1030.356992683542
16600,IND54962,IND,54962,HASSAN,114442.0,100.39,40.27,40.27,1.36,19.81,20.44,-0.6300000000000026,13.01192616,76.10964368,1139.9741010060764
16604,NGA54969,NGA,54969,KATSINA,401092.0,229.26,38.54,38.54,0.65,20.63,20.18,0.4499999999999993,12.97794483,7.624536294,1749.5071098316323
16607,IND54978,IND,54978,ROBERTSONPET,175352.0,158.14,44.13,44.13,0.39,21.01,21.18,-0.16999999999999815,12.97292614,78.2435305,1108.8402681168586
16608,IND54979,IND,54979,ARCOT,178599.0,197.49,42.92,42.92,0.53,26.261,25.720999999999997,0.04999999999999716,12.94467931,79.31729185,904.3445237733556
16611,IND54986,IND,54986,VELLORE,232788.0,171.56,43.05,43.05,0.02,26.261,25.720999999999997,0.8000000000000007,12.92758527,79.14472522,1356.8897178829563
16613,IND54993,IND,54993,GUDIYATHAM,109552.0,60.25,44.55,44.55,0.52,26.261,25.720999999999997,0.5700000000000003,12.94627842,78.87684167,1818.2904564315352
16617,YEM55000,YEM,55000,ADAN,540817.0,322.46,41.7,41.7,-1.7769999999999997,20.08,19.1,0.9799999999999969,12.84462758,44.96292506,1677.1599578242265
16618,SDN55001,SDN,55001,UMMRUWABA,114961.0,58.59,51.06699999999999,51.06699999999999,0.68,21.46,21.34,0.120000000000001,12.90735278,31.22475372,1962.126642771804
16621,NGA55005,NGA,55005,GASHUA,107837.0,74.5,42.62,42.62,-0.97,22.67,21.24,1.4300000000000033,12.86591925,11.04835362,1447.476510067114
16624,IND55016,IND,55016,KANCHEEPURAM,149148.0,73.67,42.1,42.1,-1.55,25.23,25.67,-0.4400000000000013,12.83299941,79.7123008,2024.5418759332156
16625,THA55019,THA,55019,CHAAM,121135.0,428.23,34.25,34.25,-1.7769999999999997,23.45,23.42,0.029999999999997584,12.56080912,99.92028919,282.8736893725334
16627,THA55024,THA,55024,RAYONG,131785.0,467.21,36.61,36.61,2.51,24.13,23.56,0.5700000000000003,12.71767503,101.1671808,282.06802080434926
16629,MLI55028,MLI,55028,BAMAKO,1208380.0,535.4,37.2,37.2,1.11,21.38,20.36,1.0199999999999996,12.65829058,-7.987495526,2256.966753828913
16640,VNM55056,VNM,55056,BUONMATHUOT,142373.0,108.9,32.02,32.02,0.52,22.54,21.73,0.8099999999999987,12.66891881,108.0491538,1307.3737373737374
16641,NIC55057,NIC,55057,CHINANDEGA,164198.0,297.46,36.42,36.42,1.61,19.53,19.94,-0.41000000000000014,12.61477675,-87.09738479,552.0002689437235
16649,ETH55077,ETH,55077,GONDER,144691.0,49.44,28.24,28.24,-0.1,10.75,10.299000000000001,-0.7299999999999969,12.61071052,37.47393159,2926.5978964401297
16652,SEN55082,SEN,55082,ZGUINCHOR,204544.0,62.16,28.82,28.82,-0.02,21.12,20.51,0.6099999999999994,12.57742626,-16.26537091,3290.604890604891
16654,IND55084,IND,55084,TIRUPATHUR,123907.0,155.9,44.9,44.9,1.65,24.67,23.92,0.75,12.53751537,78.56513228,794.7851186658114
16658,IND55096,IND,55096,MANDYA,130072.0,91.36,40.55,40.55,0.36,19.88,23.24,-0.7299999999999969,12.53217136,76.90453836,1423.7302977232926
16660,NIC55099,NIC,55099,LEON,131419.0,166.85,41.65,41.65,4.17,20.33,20.44,-0.11000000000000298,12.45424511,-86.87205168,787.6475876535811
16669,NGA55121,NGA,55121,HADEJIA,105379.2,72.94,43.24,43.24,-0.47,21.56,21.65,-0.08999999999999986,12.45325079,10.04869923,1398.848368522073
16671,MMR55123,MMR,55123,MERGUI,149115.0,47.765,34.64,34.64,3.78,23.32,22.36,0.9600000000000009,12.44692509,98.6193842,3964.770007976602
16672,IND55124,IND,55124,MYSORE,746938.0,417.15,41.12,41.12,-0.58,23.17,21.83,1.3400000000000034,12.34871399,76.65100163,1790.5741340045547
16673,BFA55125,BFA,55125,OUAGADOUGOU,843454.0,369.03,39.97,39.97,0.05,20.04,20.64,-0.6000000000000014,12.36716637,-1.505859433,2285.5973769070265
16678,MLI55142,MLI,55142,KOUTIALA,132224.0,57.87,39.11,39.11,0.0,19.78,20.59,-0.7299999999999969,12.38311927,-5.453449164,2284.8453430101954
16689,NIC55162,NIC,55162,MANAGUA,1254116.0,1192.59,30.56,30.56,0.29,19.06,19.85,-0.7299999999999969,12.03235657,-86.16835711,1051.5902363762902
16690,VNM55165,VNM,55165,NHATRANG,313959.0,112.8,32.55,32.55,0.84,24.1,23.24,0.860000000000003,12.25104708,109.1708306,2783.3244680851067
16694,IND55178,IND,55178,TIRUVANNAMALAI,128018.0,68.81,44.42,44.42,0.37,26.261,25.720999999999997,0.870000000000001,12.23396722,79.08027577,1860.4563290219444
16696,NGA55186,NGA,55186,GUSAU,204777.0,121.7,37.07,37.07,1.6,20.41,20.82,-0.41000000000000014,12.17495564,6.67220519,1682.6376335250616
16703,TCD55203,TCD,55203,NDJAMENA,661354.0,165.21,43.05,43.05,0.8,23.62,22.14,1.4800000000000004,12.12304812,15.06107505,4003.1111918164756
16708,NGA55216,NGA,55216,KANO,2067882.5999999978,645.37,37.97,37.97,1.63,19.95,19.6,0.34999999999999787,11.98858768,8.538027656,5192.514371600787
16709,SDN55220,SDN,55220,NYALA,321480.0,140.23,44.44,44.44,-1.13,16.51,16.68,-0.16999999999999815,12.06068343,24.89352923,2292.5194323611213
16712,PHL55225,PHL,55225,CALBAYOG,147187.0,47.765,29.88,29.88,0.95,23.01,22.03,0.9800000000000004,12.07748169,124.6001119,4984.321029461565
16717,IND55236,IND,55236,PONDICHERRY,412889.0,498.76,39.15,39.15,-0.45,25.9,25.720999999999997,0.16999999999999815,11.87551999,79.74967901,827.8310209319111
16718,VNM55238,VNM,55238,CAMRAHN,334558.0,186.04,35.07,35.07,2.9,22.77,22.77,0.0,11.95918387,109.184629,1798.3121909266824
16719,IND55242,IND,55242,KANNUR,287162.0,173.58,31.8,31.8,-0.25,24.83,24.27,0.5599999999999987,11.902901,75.391194,1654.3495794446364
16721,VNM55244,VNM,55244,DALAT,151111.0,101.64,28.24,28.24,1.91,16.96,17.26,-0.3000000000000007,11.94864167,108.4531904,1486.7276662731208
16723,IND55249,IND,55249,VILUPPURAM,106731.0,89.89,40.67,40.67,0.02,25.8,25.19,0.6099999999999994,11.94039941,79.50454591,1187.3512070308154
16725,NGA55262,NGA,55262,MAIDUGURI,956314.0,326.06,41.45,41.45,0.81,20.09,19.93,0.16000000000000014,11.8413947,13.15488931,2932.9387229344293
16726,GNB55266,GNB,55266,BISSAU,265632.0,77.06,32.74,32.74,3.11,20.72,20.6,0.11999999999999744,11.87499581,-15.61505403,3447.0801972488966
16733,IND55282,IND,55282,THALASSERY,315449.0,176.6,28.92,28.92,-1.7769999999999997,25.0,24.02,0.9800000000000004,11.75928249,75.53460339,1786.2344280860702
16738,NGA55302,NGA,55302,DAMATURU,219477.0,84.91,42.13,42.13,1.07,23.23,22.34,0.8900000000000006,11.74426498,11.97140314,2584.8192203509598
16739,IND55306,IND,55306,SALEM,763018.0,385.96,43.72,43.72,3.96,25.21,24.3,0.9100000000000001,11.67386794,78.11396132,1976.935433723702
16745,NGA55322,NGA,55322,AZARE,106779.0,58.02,40.74,40.74,0.5,21.15,20.15,1.0,11.67889234,10.19558425,1840.382626680455
16748,DJI55337,DJI,55337,DJIBOUTI,450384.0,90.54,47.56,47.56,-0.56,23.75,24.18,-0.4299999999999997,11.55319963,43.13413658,4974.420145791915
16749,IND55338,IND,55338,NEYVELI,148074.0,314.6,41.67,41.67,0.21,26.261,25.720999999999997,0.879999999999999,11.5737698,79.50277579,470.6738715829625
16750,KHM55339,KHM,55339,PHNUMPENH,1276781.0,218.7,32.9,32.9,-0.48,26.261,25.720999999999997,0.4800000000000004,11.55813603,104.9084773,5838.047553726567
16753,ETH55343,ETH,55343,BAHIRDAR,123926.0,55.34,29.55,29.55,1.0,12.12,13.370000000000001,-0.7299999999999969,11.58867791,37.39536046,2239.356704011565
16755,PHL55346,PHL,55346,ROXAS,126352.0,57.67,32.47,32.47,0.88,24.44,24.25,0.19000000000000128,11.57769957,122.7621025,2190.9485000867003
16756,VNM55349,VNM,55349,PHANRANG,105379.2,87.25,32.88,32.88,-1.7769999999999997,24.24,23.68,0.5599999999999987,11.57895123,108.9890835,1195.7134670487105
16760,NGA55355,NGA,55355,FUNTUA,126943.0,95.91,30.87,30.87,0.16,20.14,19.58,0.5600000000000023,11.52810684,7.321703047,1323.5637576895006
16761,NGA55357,NGA,55357,BAMA,105379.2,65.62,38.71,38.71,-1.7,18.57,18.98,-0.41000000000000014,11.52949575,13.69208627,1542.4108503505029
16762,IND55358,IND,55358,VRIDDHACHALAM,141426.0,265.62,43.42,43.42,-0.03,25.95,25.720999999999997,-0.2699999999999996,11.4554823,79.27220437,532.4373164671335
16766,VEN55372,VEN,55372,CORO,155504.0,318.08,41.82,41.82,3.01,24.38,23.62,0.759999999999998,11.41397902,-69.63151837,488.8832997987928
16770,SDN55377,SDN,55377,ADDUAYN,106023.0,47.765,46.29,46.29,0.73,22.94,20.91,1.7710000000000001,11.46434433,26.13919646,2863.1650013502563
16772,IND55379,IND,55379,TIRUCHENGODU,157996.0,132.98,41.72,41.72,-1.74,25.23,24.7,0.5300000000000011,11.41093003,77.89244738,1188.1185140622651
16773,IND55384,IND,55384,ERODE,271187.0,265.15,41.7,41.7,-0.3,25.45,24.58,0.870000000000001,11.37888864,77.71688061,1022.768244389968
16778,IND55394,IND,55394,UDHAGAMANDALAM,160102.0,133.84,28.24,28.24,-1.7769999999999997,10.75,11.64,-0.7299999999999969,11.39149765,76.7396387,1196.2193664076508
16782,MLI55412,MLI,55412,SIKASSO,114325.0,101.03,35.19,35.19,2.94,19.78,18.34,1.4400000000000013,11.31532937,-5.675909909,1131.5945758685539
16786,IND55421,IND,55421,KOZHIKODE,603578.0,235.88,30.4,30.4,-1.7769999999999997,23.86,24.4,-0.5399999999999991,11.24681546,75.82493736,2558.8350008478888
16787,IND55422,IND,55422,METTUPPALAIYAM,111916.0,80.83,42.62,42.62,1.93,25.76,23.44,1.7710000000000001,11.29659608,76.9633574,1384.5849313373747
16790,COL55430,COL,55430,SANTAMARTA,458424.0,1027.94,34.29,34.29,2.65,23.87,22.56,1.3100000000000023,10.89858802,-74.17701475,445.96377220460334
16792,PHL55437,PHL,55437,TACLOBAN,178639.0,70.57,30.84,30.84,0.37,22.42,22.85,-0.4299999999999997,11.21483625,124.9908216,2531.3731047187193
16798,BFA55457,BFA,55457,BOBODIOULASSO,345871.0,154.15,36.97,36.97,1.76,21.16,21.42,-0.26000000000000156,11.17539753,-4.288144486,2243.73013298735
16802,IND55466,IND,55466,TIRUPPUR,377572.0,230.85,39.6,39.6,-0.41,26.25,25.52,0.7300000000000004,11.11802961,77.33855482,1635.5728828243448
16803,NGA55471,NGA,55471,ZARIA,947001.0,276.35,32.84,32.84,1.31,19.61,19.14,0.46999999999999886,11.11285483,7.699255646,3426.817441650081
16804,VEN55481,VEN,55481,PORLAMAR,135866.0,678.07,37.18,37.18,0.91,22.1,22.83,-0.7299999999999969,10.9941541,-63.9621119,200.37164304570322
16805,IND55482,IND,55482,COIMBATORE,1122758.0,616.05,43.81,43.81,1.84,21.61,23.58,-0.7299999999999969,11.03546958,77.01295738,1822.5111598084573
16808,ETH55491,ETH,55491,DESE,128306.0,53.08,28.24,28.24,-0.08,10.75,10.299000000000001,1.3100000000000023,11.12804087,39.64463408,2417.2192916352674
16819,COL55516,COL,55516,BARRANQUILLA,1674503.0,1200.87,33.68,33.68,0.23,24.23,24.13,0.10000000000000142,10.88452803,-74.83461587,1394.4082207066544
16821,PHL55528,PHL,55528,ORMOC,154297.0,85.22,30.58,30.58,1.62,21.52,20.78,0.7399999999999984,11.01964104,124.6213262,1810.5726355315653
16825,IND55542,IND,55542,KUMBAKONAM,202456.0,203.15,40.45,40.45,-0.52,25.38,25.4,-0.019999999999999574,10.9641087,79.3644958,996.5838050701452
16827,VNM55546,VNM,55546,THANHPHOHOCHIMINH,2067882.5999999978,1238.98,32.67,32.67,0.32,24.38,24.2,0.17999999999999972,10.8428724,106.6981319,4128.838237905374
16829,IND55549,IND,55549,KARUR,118533.0,109.58,48.53,48.53,2.32,26.15,25.720999999999997,0.00999999999999801,10.95808492,78.10114477,1081.7028654864027
16830,VEN55551,VEN,55551,MARACAIBO,2067882.5999999978,2138.968,39.67,39.67,1.22,24.26,23.74,0.5200000000000031,10.58126122,-71.60629194,882.3580904425293
16832,IND55555,IND,55555,NAGAPATTINAM,230580.0,545.87,39.81,39.81,0.28,25.95,25.720999999999997,0.16000000000000014,10.82831327,79.71452239,422.40826570428857
16833,PHL55556,PHL,55556,CADIZ,141954.0,47.765,32.39,32.39,-0.77,23.44,22.86,0.5800000000000018,10.94954512,123.2975282,4979.095054366889
16835,VNM55563,VNM,55563,PHANTHIET,167249.0,51.42,31.5,31.5,-0.74,23.83,23.08,0.75,10.94329949,108.1071034,3252.605989887203
16838,IND55574,IND,55574,TIRUCHIRAPPALLI,727355.0,453.77,43.79,43.79,-0.12,26.261,25.720999999999997,0.6300000000000026,10.79311076,78.73699407,1602.9155739691914
16839,PHL55578,PHL,55578,BACOLOD,839408.0,575.17,33.7,33.7,1.43,23.26,22.81,0.45000000000000284,10.72367973,123.0011418,1459.4085226976374
16842,VEN55586,VEN,55586,PUERTOCABELLO,198658.0,552.87,33.17,33.17,1.35,20.35,19.82,0.5300000000000011,10.55825949,-68.19125098,359.321359451589
16846,IND55603,IND,55603,PALAKKAD,127458.0,200.57,34.15,34.15,4.12,25.79,24.48,1.3099999999999987,10.79110351,76.69617338,635.4788851772448
16847,IND55604,IND,55604,THANJAVUR,214312.0,177.14,41.64,41.64,0.78,26.261,25.720999999999997,0.6999999999999993,10.76497247,79.13022853,1209.845320085808
16851,PHL55619,PHL,55619,ILOILO,365820.0,161.71,37.0,37.0,3.83,24.04,23.56,0.4800000000000004,10.72789689,122.5514875,2262.1977614247726
16853,TTO55623,TTO,55623,SANFERNANDO,347884.0,2044.46,32.05,32.05,3.31,21.74,22.07,-0.33000000000000185,10.43051284,-61.410717,170.1593574831496
16867,VEN55665,VEN,55665,CARACAS,2067882.5999999978,2138.968,31.92,31.92,3.32,17.78,17.57,0.21000000000000085,10.27163812,-67.36286683,1001.2082914621111
16868,VEN55666,VEN,55666,CUMANA,211878.0,312.02,37.13,37.13,4.17,22.46,20.94,1.5199999999999996,10.45625551,-64.18029852,679.0526248317416
16869,NGA55668,NGA,55668,KADUNA,1536904.0,724.01,32.8,32.8,2.24,19.92,19.72,0.20000000000000284,10.48118763,7.469620795,2122.7662601345287
16871,CMR55671,CMR,55671,MAROUA,260597.0,103.81,41.85,41.85,-0.34,22.54,22.45,0.08999999999999986,10.60436048,14.3347822,2510.3265581350543
16874,IND55688,IND,55688,THRISSUR,408340.0,246.51,36.88,36.88,3.33,24.43,23.41,1.0199999999999996,10.51856564,76.23178252,1656.4845239544036
16875,PHL55690,PHL,55690,CEBU,1294349.0,538.69,32.01,32.01,1.77,23.9,22.44,1.4599999999999973,10.32418418,123.8741586,2402.7715383615805
16883,COL55711,COL,55711,VALLEDUPAR,248058.0,397.72,39.58,39.58,1.79,23.17,22.18,0.990000000000002,10.43889144,-73.21857286,623.7000905159408
16885,COL55721,COL,55721,CARTAGENA,813386.0,601.12,34.6,34.6,1.04,23.73,23.51,0.21999999999999886,10.34730835,-75.43320144,1353.1175139739153
16886,PHL55725,PHL,55725,SANCARLOS,118259.0,47.765,33.53,33.53,2.6,22.57,21.93,0.6400000000000006,10.49368353,123.4177802,4758.913480885311
16891,SOM55746,SOM,55746,BERBERA,159118.0,47.765,46.93,46.93,-1.7769999999999997,24.33,24.63,-0.3000000000000007,10.43645135,45.02178652,4335.6403269754765
16893,VEN55752,VEN,55752,BARQUISIMETO,1036279.0,2138.968,34.89,34.89,3.41,18.84,18.22,0.620000000000001,10.12062771,-69.17660498,473.4569960022844
16896,VNM55760,VNM,55760,LONGXUYEN,189255.0,110.41,30.8,30.8,0.5,25.78,25.51,0.2699999999999996,10.37024187,105.4544282,1714.1110406666064
16897,VNM55761,VNM,55761,VUNGTAU,164314.0,70.53,31.41,31.41,1.85,24.65,24.76,-0.11000000000000298,10.39150571,107.1180693,2329.7036721962286
16901,IND55768,IND,55768,DINDIGUL,195156.0,132.6,44.75,44.75,0.77,26.261,25.720999999999997,0.3299999999999983,10.36707518,77.98409311,1471.764705882353
16904,PHL55775,PHL,55775,TOLEDO,141174.0,47.765,28.24,28.24,-1.7769999999999997,23.06,22.72,0.33999999999999986,10.38234453,123.6558535,4766.171505739365
16905,VNM55781,VNM,55781,MYTHO,154045.0,69.75,31.04,31.04,0.24,25.05,24.8,0.25,10.36337405,106.3592786,2208.5304659498206
16907,NGA55785,NGA,55785,BAUCHI,319458.0,209.5,36.96,36.96,2.29,19.91,20.41,-0.5,10.30846087,9.835005723,1524.8591885441529
16915,NGA55799,NGA,55799,GOMBE,253052.0,140.24,39.22,39.22,0.46,21.16,21.26,-0.10000000000000142,10.29239762,11.16008275,1804.4209925841415
16917,VEN55808,VEN,55808,PUERTOLACRUZ,272690.0,687.19,33.23,33.23,2.63,21.2,20.35,0.8499999999999979,10.13598361,-64.60590368,396.8189292626493
16919,NGA55817,NGA,55817,MUBI,199374.0,83.64,38.02,38.02,0.93,19.88,21.48,-0.7299999999999969,10.2663646,13.26804782,2383.715925394548
16923,VNM55829,VNM,55829,VINHLONG,119744.0,52.83,31.09,31.09,1.03,24.24,24.33,-0.08999999999999986,10.25149879,105.9703051,2266.590952110543
16929,IND55857,IND,55857,KOCHI,1027920.0,601.69,30.61,30.61,0.09,24.16,23.92,0.23999999999999844,10.0414624,76.36042279,1708.3880403530056
16931,CRI55866,CRI,55866,SANJOSE,1129347.0,1962.02,30.11,30.11,4.17,14.78,14.32,0.4599999999999991,9.971699053,-84.14694538,575.6042242178979
16932,VEN55875,VEN,55875,MATURIN,333099.0,1619.4,33.0,33.0,0.84,17.06,17.0,0.05999999999999872,9.760274691,-63.34590085,205.69284920340866
16938,VNM55896,VNM,55896,CANTHO,305156.0,130.04,30.09,30.09,-1.34,24.27,23.95,0.3200000000000003,10.04791337,105.766194,2346.6318055982774
16941,GIN55910,GIN,55910,KINDIA,112236.0,69.33,30.92,30.92,2.06,19.76,18.05,1.7100000000000009,10.05541093,-12.84858368,1618.866291648637
16944,IND55919,IND,55919,TENIALLINAGARAM,166124.0,77.79,39.43,39.43,1.98,22.33,21.95,0.379999999999999,10.01916971,77.48123885,2135.544414449158
16947,VNM55926,VNM,55926,RACHGIA,202459.0,76.68,28.24,28.24,-0.94,24.22,24.34,-0.120000000000001,9.99341901,105.1130766,2640.3103808033384
16955,NGA55942,NGA,55942,JOS,789300.0,441.91,28.84,28.84,1.23,16.46,16.05,0.41000000000000014,9.883870342,8.879638588,1786.1102939512568
16956,IND55945,IND,55945,MADURAI,1030741.0,391.61,47.42,47.42,0.26,26.261,25.720999999999997,0.40000000000000213,9.912559836,78.08857086,2632.0599576108884
16975,PHL56020,PHL,56020,SURIGAO,118534.0,49.02,30.03,30.03,1.15,20.22,22.08,-0.7299999999999969,9.768757944,125.4836979,2418.0742554059566
16978,VEN56032,VEN,56032,MERCEDESDIAZ,154161.0,1036.79,35.45,35.45,1.07,19.89,18.63,1.2600000000000016,9.424002776,-70.57925153,148.69067024180404
16987,GIN56064,GIN,56064,CONAKRY,1276801.0,226.56,32.92,32.92,3.84,19.9,20.03,-0.13000000000000256,9.622786502,-13.58378127,5635.597634180791
16988,NGA56065,NGA,56065,MINNA,292629.0,239.57,30.43,30.43,0.41,21.95,20.85,1.0999999999999979,9.620308744,6.551067308,1221.475977793547
16990,VEN56069,VEN,56069,ACARIGUA,214116.0,482.62,32.09,32.09,1.02,19.41,19.55,-0.14000000000000057,9.565694516,-69.19110086,443.653391902532
16993,ETH56091,ETH,56091,DIREDAWA,212560.0,115.14,42.17,42.17,1.97,16.64,15.04,1.6000000000000014,9.600574303,41.86561561,1846.1003995136355
16994,VNM56093,VNM,56093,SOCTRANG,128956.0,60.95,29.05,29.05,0.14,25.44,24.72,0.7200000000000024,9.604842715,105.9801975,2115.7670221493026
16998,SOM56112,SOM,56112,HARGEYSA,172694.0,47.765,38.43,38.43,-1.7769999999999997,15.33,15.32,0.009999999999999787,9.57030005,44.06680204,7034.378818737271
17000,IND56117,IND,56117,ALAPPUZHA,249230.0,89.56,29.01,29.01,0.94,23.47,25.14,-0.7299999999999969,9.513008971,76.33750541,2782.8271549799015
17004,IND56130,IND,56130,RAJAPALAIYAMCITY,334869.0,196.49,43.93,43.93,2.67,26.261,24.72,1.7710000000000001,9.461393378,77.58001927,1704.254669448827
17009,VEN56142,VEN,56142,ANACO,121624.0,1489.63,35.79,35.79,0.3,18.2,18.45,-0.25,9.302035664,-64.41780833,81.64712042587756
17010,IND56144,IND,56144,SIVAKASI,182893.0,109.25,44.86,44.86,1.11,26.261,25.720999999999997,0.9499999999999993,9.461861107,77.80512625,1674.0778032036612
17011,CIV56148,CIV,56148,KORHOGO,109445.0,109.26,32.22,32.22,-0.77,20.14,19.79,0.3500000000000014,9.459211622,-5.619871373,1001.6932088596009
17012,PAN56149,PAN,56149,COLON,147830.0,170.29,30.13,30.13,1.91,22.29,21.48,0.8099999999999987,9.339389926,-79.84635213,868.1073462916203
17014,GHA56151,GHA,56151,TAMALE,283750.0,165.17,33.34,33.34,0.03,20.04,19.83,0.21000000000000085,9.424709517,-0.843233642,1717.9269843191864
17016,IND56154,IND,56154,THIRUVALLA,108627.0,85.55,29.97,29.97,0.9,24.18,23.92,0.259999999999998,9.436014515,76.55968465,1269.7486849795441
17021,COL56177,COL,56177,SINCELEJO,291452.0,627.95,41.41,41.41,0.81,23.51,23.28,0.23000000000000043,9.25964628,-75.35251772,464.1324946253682
17023,BEN56180,BEN,56180,PARAKOU,111535.0,95.74,33.3,33.3,2.46,19.04,18.47,0.5700000000000003,9.351619871,2.632920464,1164.978065594318
17029,CMR56194,CMR,56194,GAROUA,342315.0,135.05,37.36,37.36,-0.5,24.66,24.11,0.5500000000000007,9.320525186,13.39445978,2534.727878563495
17030,PHL56196,PHL,56196,DUMAGUETE,105379.2,52.47,29.88,29.88,0.65,21.69,20.66,1.0300000000000011,9.310088184,123.2812525,1949.0184867543358
17032,NGA56201,NGA,56201,JIMETA,303986.0,220.76,37.88,37.88,1.2,23.19,22.43,0.7600000000000016,9.254618002,12.46407734,1376.9976445008153
17036,VNM56217,VNM,56217,BACLIEU,122476.0,52.54,31.05,31.05,2.44,26.261,25.64,1.6499999999999986,9.293340218,105.7333225,2331.100114198706
17040,PAN56226,PAN,56226,PANAMA,830100.0,1268.19,30.76,30.76,1.29,22.4,21.89,0.509999999999998,9.04699741,-79.56099328,654.5549168499988
17041,THA56228,THA,56228,SURATTHANI,133876.0,639.87,31.66,31.66,0.38,22.79,22.78,0.00999999999999801,9.162169817,99.34162314,209.22374857392907
17046,NGA56235,NGA,56235,SULEJA,162523.0,207.66,28.86,28.86,0.53,18.03,18.06,-0.029999999999997584,9.197183166,7.198138721,782.6398921313686
17051,VNM56263,VNM,56263,CAMAU,120156.0,71.2,29.74,29.74,-0.28,25.81,25.720999999999997,-0.40000000000000213,9.179198701,105.1606033,1687.5842696629213
17059,NGA56276,NGA,56276,ABUJA,165607.0,834.36,29.93,29.93,1.2,18.17,17.67,0.5,9.057807264,7.42674546,198.48386787477827
17061,NGA56284,NGA,56284,BIDA,172066.0,117.85,31.62,31.62,1.5,20.61,21.79,-0.7299999999999969,9.093344944,6.012192983,1460.0424268137463
17064,IND56296,IND,56296,KADAYANALLUR,105379.2,47.765,41.57,41.57,4.14,20.82,21.94,-0.7299999999999969,9.083549947,77.35753409,3227.382849856551
17065,VEN56298,VEN,56298,GUANARE,108328.0,341.74,33.82,33.82,1.86,20.11,19.79,0.3200000000000003,9.030691283,-69.75119593,316.98952419968396
17066,NGA56300,NGA,56300,KISHI,120602.0,47.765,34.36,34.36,1.07,20.18,18.86,1.3200000000000003,9.082032083,3.852347727,6184.717948717948
17067,ETH56301,ETH,56301,ADDISABABA,2067882.5999999978,586.88,28.24,28.24,1.07,10.75,10.299000000000001,0.4299999999999997,8.987058806,38.75775859,4856.6998364231185
17069,VEN56307,VEN,56307,ELTIGRE,200943.0,1052.64,36.25,36.25,0.06,17.62,17.98,-0.35999999999999943,8.933350625,-64.20988584,190.8943228454172
17071,TGO56313,TGO,56313,SOKODE,106396.0,68.69,32.54,32.54,2.62,19.71,19.25,0.46000000000000085,8.994311105,1.149735547,1548.9299752511283
17076,PHL56328,PHL,56328,BUTUAN,120000.0,137.09,33.21,33.21,2.25,21.97,22.05,-0.08000000000000185,8.962003729,125.5410395,875.3373696112043
17077,IND56331,IND,56331,KOLLAM,352378.0,234.71,29.71,29.71,0.72,24.38,24.44,-0.060000000000002274,8.922306269,76.62903448,1501.3335605641003
17079,COL56338,COL,56338,MONTERIA,318331.0,587.96,34.26,34.26,-0.4,22.33,22.0,0.3299999999999983,8.840017453,-75.799433,541.416082726716
17093,NGA56394,NGA,56394,IGBOHO,106053.0,47.765,31.35,31.35,0.89,19.2,19.17,0.029999999999997584,8.832276342,3.762048599,6806.996148908857
17094,IND56395,IND,56395,TUTICORIN,612047.0,197.75,39.54,39.54,-1.73,26.261,25.720999999999997,0.13000000000000256,8.787264291,78.11461325,3095.054361567636
17096,VEN56398,VEN,56398,BARINAS,249195.0,758.84,31.06,31.06,1.35,18.87,18.54,0.33000000000000185,8.670248785,-70.24531586,328.38938379632066
17098,IND56403,IND,56403,TIRUNELVELI,400985.0,252.05,40.99,40.99,-1.69,25.55,25.56,-0.00999999999999801,8.743749596,77.72155251,1590.894663757191
17110,VEN56446,VEN,56446,MERIDA,207996.0,428.77,29.84,29.84,4.17,12.47,10.299000000000001,1.7710000000000001,8.567565041,-71.21844499,485.0992373533596
17111,PHL56447,PHL,56447,CAGAYANDEORO,345000.0,291.94,30.13,30.13,-0.57,22.72,22.5,0.21999999999999886,8.51488173,124.7035445,1181.7496745906694
17117,IND56467,IND,56467,TRIVANDRUM,845477.0,421.18,29.67,29.67,1.32,23.0,22.61,0.39000000000000057,8.499579916,76.96367209,2007.4006363075168
17120,TCD56476,TCD,56476,MOUNDOU,123971.0,55.37,35.77,35.77,-0.37,21.67,21.33,0.3400000000000034,8.559805056,16.08249935,2238.956113418819
17126,NGA56492,NGA,56492,ILORIN,823002.0,222.5,33.24,33.24,2.56,19.96,19.25,0.7100000000000009,8.485125732,4.564273779,3698.885393258427
17129,SLE56501,SLE,56501,FREETOWN,972415.0,93.62,29.29,29.29,3.04,19.51,20.17,-0.6600000000000001,8.454265376,-13.22875558,10386.829737235634
17130,NGA56502,NGA,56502,LAFIA,122790.0,47.765,32.45,32.45,-0.44,20.21,20.38,-0.16999999999999815,8.503878827,8.5242209,2677.4967291757525
17131,THA56505,THA,56505,NAKHONSITHAMMARAT,118764.0,210.63,33.41,33.41,1.52,22.95,24.14,-0.7299999999999969,8.441021412,99.96410334,563.8513032331576
17137,VEN56520,VEN,56520,CIUDADGUAYANA,610514.0,1172.39,32.52,32.52,1.19,21.53,21.66,-0.129999999999999,8.296579223,-62.66416186,520.7430974334478
17152,PHL56561,PHL,56561,ILIGAN,285061.0,190.4,31.4,31.4,0.23,22.19,21.66,0.5300000000000011,8.229406681,124.2496883,1497.1691176470588
17160,VEN56591,VEN,56591,CIUDADBOLIVAR,280758.0,605.27,32.66,32.66,-1.7769999999999997,21.61,21.01,0.5999999999999979,8.09718686,-63.53120528,463.85579989095777
17161,IND56592,IND,56592,NAGERCOIL,233763.0,130.04,30.85,30.85,-1.09,24.48,23.49,0.990000000000002,8.177752901,77.43847127,1797.6238080590588
17165,NGA56601,NGA,56601,OFFA,114962.0,63.75,29.26,29.26,1.97,19.41,18.75,0.6600000000000001,8.158718053,4.724937123,1803.3254901960784
17166,NGA56602,NGA,56602,OGBOMOSHO,669738.0,103.7,30.33,30.33,0.15,18.75,18.84,-0.08999999999999986,8.144181686,4.249241152,6458.418514946962
17167,PHL56603,PHL,56603,OZAMIS,110420.0,47.765,28.24,28.24,-1.7769999999999997,23.92,22.6,1.3200000000000003,8.161331585,123.8375445,3286.309523809524
17168,PHL56606,PHL,56606,MALAYBALAY,123672.0,47.765,29.94,29.94,0.94,19.05,18.49,0.5600000000000023,8.156318129,125.1359243,4546.764705882353
17179,VEN56637,VEN,56637,LACONCORDIA,299055.0,1389.49,30.09,30.09,1.19,16.39,16.37,0.019999999999999574,7.829639085,-72.27263967,215.22644999244326
17180,COL56637,COL,56637,CUCUTA,704999.0,389.97,39.23,39.23,4.17,21.32,19.45,1.7710000000000001,7.889562395,-72.53511301,1807.8288073441545
17183,COL56654,COL,56654,APARTADO,138257.0,560.15,29.73,29.73,-0.57,21.63,21.46,0.16999999999999815,7.832171442,-76.65939013,246.82138712844775
17184,PHL56657,PHL,56657,MARAWI,131090.0,49.32,32.22,32.22,2.39,19.72,19.08,0.6400000000000006,8.014990586,124.2824638,2657.948094079481
17190,SLE56671,SLE,56671,BOTOWN,105379.2,47.765,28.24,28.24,-0.9,21.9,20.41,1.4899999999999984,7.963790867,-11.74071165,2341.0900045228404
17196,NGA56687,NGA,56687,IKIRUN,118426.0,50.18,28.24,28.24,1.87,19.13,18.24,0.8900000000000006,7.912405638,4.681136658,2360.0239139099244
17198,NGA56695,NGA,56695,EJIGBO,107291.0,47.765,28.86,28.86,1.76,18.42,18.26,0.16000000000000014,7.900735864,4.320744614,5485.224948875256
17201,NGA56699,NGA,56699,OYO,572129.0,70.6,33.3,33.3,2.75,18.54,18.54,0.0,7.840239008,3.936589041,8103.810198300284
17202,NGA56705,NGA,56705,IFONOSUN,188695.0,47.765,28.24,28.24,0.06,19.29,18.5,0.7899999999999991,7.837829351,4.495826005,20159.722222222223
17206,NGA56716,NGA,56716,OSHOGBO,608353.0,106.34,30.37,30.37,3.5,18.5,18.25,0.25,7.783229418,4.560759318,5720.829415083694
17207,NGA56718,NGA,56718,MAKURDI,234354.0,143.9,31.1,31.1,2.62,21.22,20.69,0.5299999999999976,7.739406262,8.539960398,1628.5892981236968
17211,CIV56731,CIV,56731,BOUAKE,329850.0,228.89,32.96,32.96,2.21,19.42,18.76,0.6600000000000001,7.704093351,-5.028306274,1441.0852374503038
17212,GIN56733,GIN,56733,NZEREKORE,125385.0,47.765,32.11,32.11,3.94,17.31,18.71,-0.7299999999999969,7.751110735,-8.809902999,4604.663973558575
17214,LKA56737,LKA,56737,BATTICALOA,110835.0,47.765,37.43,37.43,1.8,25.7,24.07,1.629999999999999,7.701650827,81.70544437,2906.766325727773
17215,NGA56743,NGA,56743,ADO,241445.0,100.42,28.24,28.24,1.61,18.22,18.06,0.16000000000000014,7.647363473,5.219554676,2404.3517227643897
17216,SDN56745,SDN,56745,WAW,121442.0,47.765,41.21,41.21,3.97,23.23,22.06,1.1700000000000017,7.694026101,27.98903558,9083.171278982798
17217,ETH56746,ETH,56746,JIMMA,114551.0,47.765,28.83,28.83,1.64,10.75,10.299000000000001,1.7710000000000001,7.676314258,36.85052117,2447.6709401709404
17218,NGA56751,NGA,56751,ILESA,215685.0,97.02,28.95,28.95,2.63,18.67,18.32,0.3500000000000014,7.634101412,4.750869815,2223.0983302411873
17220,NGA56754,NGA,56754,IWO,194340.0,53.61,29.8,29.8,1.9,18.09,17.59,0.5,7.641929825,4.187889452,3625.0699496362618
17221,NGA56756,NGA,56756,OKENE,639988.0,235.76,31.39,31.39,2.56,20.09,20.27,-0.17999999999999972,7.590717425,6.264658475,2714.574143196471
17231,NGA56778,NGA,56778,IBADAN,2067882.5999999978,466.61,33.36,33.36,4.17,19.77,19.01,0.759999999999998,7.40534769,3.907246264,6083.731595979511
17232,NGA56780,NGA,56780,IFE,289017.0,118.33,30.2,30.2,3.44,18.74,18.58,0.16000000000000014,7.494544007,4.552660503,2442.4659849573227
17238,NGA56800,NGA,56800,GBONGAN,108165.0,47.765,28.24,28.24,1.22,18.94,18.38,0.5600000000000023,7.480329556,4.361659341,12710.340775558167
17243,LKA56808,LKA,56808,COLOMBO,1995980.0,1482.11,32.02,32.02,1.39,22.1,22.76,-0.6600000000000001,6.998906545,79.9495328,1346.7151560950267
17249,CMR56819,CMR,56819,NGAOUNDERE,182043.0,286.14,28.49,28.49,0.51,17.55,17.24,0.3100000000000023,7.331554628,13.57546341,636.2025581882995
17253,NGA56828,NGA,56828,GBOKO,156655.0,104.75,34.04,34.04,3.67,22.42,21.45,0.9700000000000024,7.335458224,9.010663182,1495.5131264916467
17254,LKA56829,LKA,56829,KANDY,133525.0,299.58,29.74,29.74,1.16,20.86,20.76,0.09999999999999787,7.281236544,80.62965713,445.7073235863543
17255,NGA56831,NGA,56831,IKIRE,172360.0,47.765,32.88,32.88,4.17,19.47,18.99,0.4800000000000004,7.360150897,4.191063981,7229.86577181208
17258,NGA56843,NGA,56843,AKURE,369862.0,149.05,29.47,29.47,2.34,19.94,18.73,1.2100000000000009,7.263496224,5.196111555,2481.462596444146
17260,COL56853,COL,56853,BUCARAMANGA,854126.0,638.2,31.12,31.12,1.59,17.56,15.65,1.7710000000000001,7.09298145,-73.11825637,1338.3359448448762
17265,THA56862,THA,56862,HATYAI,269673.0,577.25,32.43,32.43,1.62,23.92,23.58,0.3400000000000034,6.994443046,100.4981201,467.16847119965354
17266,PHL56864,PHL,56864,COTABATO,163849.0,87.74,31.34,31.34,-0.75,23.36,22.9,0.46000000000000085,7.209026627,124.2479241,1867.4378846592206
17267,PHL56865,PHL,56865,DAVAO,782609.0,272.42,31.69,31.69,1.88,21.94,21.4,0.5400000000000027,7.10418047,125.5923701,2872.8030247412084
17268,NGA56868,NGA,56868,OWO,243118.0,63.89,28.24,28.24,0.91,20.01,19.36,0.6500000000000021,7.203718331,5.591048139,3805.2590389732354
17270,BEN56873,BEN,56873,ABOMEY,118502.0,102.23,34.59,34.59,1.55,20.61,20.19,0.41999999999999815,7.184148906,2.036173277,1159.1704978968992
17271,NGA56874,NGA,56874,ABEOKUTA,545589.0,181.46,32.47,32.47,2.34,21.8,19.78,1.7710000000000001,7.155004755,3.355763411,3006.662625371983
17273,COL56881,COL,56881,BARRANCABERMEJA,167057.0,543.52,35.64,35.64,1.3,24.04,23.6,0.4399999999999977,7.042293317,-73.82200279,307.3612746541066
17279,NGA56890,NGA,56890,ONDO,225902.0,99.69,29.65,29.65,2.5,19.49,19.16,0.3299999999999983,7.098940524,4.844116573,2266.0447386899386
17290,NGA56913,NGA,56913,SHAGAMU,197209.0,269.37,28.76,28.76,1.05,19.5,19.17,0.3299999999999983,6.878784134,3.679554899,732.111964955266
17291,NGA56914,NGA,56914,IJEBUIGBO,105379.2,59.66,28.24,28.24,1.46,18.86,18.93,-0.07000000000000028,6.976400853,4.001421202,1682.584646329199
17296,PHL56923,PHL,56923,ZAMBOANGA,135000.0,192.77,34.4,34.4,4.17,23.5,22.05,1.4499999999999993,6.948564435,122.0689327,700.316439279971
17300,CIV56933,CIV,56933,DALOA,121842.0,97.18,30.76,30.76,1.57,20.59,20.29,0.3000000000000007,6.88227403,-6.44328178,1253.7764972216505
17302,CIV56936,CIV,56936,YAMOUSSOUKRO,106786.0,221.65,30.66,30.66,1.28,18.33,18.22,0.10999999999999943,6.841194799,-5.269718502,481.77757726144824
17304,NGA56954,NGA,56954,IJEBUODE,192259.0,202.06,28.78,28.78,1.25,19.8,19.07,0.7300000000000004,6.819510189,3.94972903,951.4946055627041
17311,GHA56967,GHA,56967,KUMASI,765378.0,471.58,33.63,33.63,4.17,21.17,20.21,0.9600000000000009,6.702235685,-1.601446252,1623.0077611433903
17316,NGA56980,NGA,56980,LAGOS,2067882.5999999978,1341.94,32.83,32.83,2.8,20.55,19.72,0.8300000000000018,6.566553906,3.331363289,6320.037408527952
17320,NGA56986,NGA,56986,UROMI,113792.0,47.765,28.24,28.24,1.46,23.12,21.16,1.7710000000000001,6.710692657,6.333860089,3421.2868310282624
17329,GHA57003,GHA,57003,NKAWKAW,115946.0,133.91,28.24,28.24,-0.75,20.12,20.06,0.060000000000002274,6.601046104,-0.754492294,865.850197894108
17351,BEN57041,BEN,57041,PORTONOVO,192902.0,102.26,31.76,31.76,0.72,20.45,20.01,0.4399999999999977,6.502456953,2.635816516,1886.3876393506746
17354,NGA57046,NGA,57046,ENUGU,630692.0,386.5,29.53,29.53,2.1,21.78,21.03,0.75,6.451037721,7.513173093,1631.803363518758
17358,COL57051,COL,57051,MEDELLIN,2067882.5999999978,2138.968,28.86,28.86,1.47,10.9,12.4,-0.7299999999999969,6.199367691,-75.48260784,1272.9125373639904
17369,BEN57066,BEN,57066,COTONOU,578075.0,199.26,32.23,32.23,2.0,19.76,19.69,0.07000000000000028,6.385430868,2.401417255,2901.1091036836297
17373,NGA57074,NGA,57074,BENIN,1179697.0,278.2,29.92,29.92,3.41,19.88,19.38,0.5,6.348897948,5.63514085,4240.463695183322
17376,LBR57080,LBR,57080,MONROVIA,882429.0,87.71,30.65,30.65,1.06,18.49,19.08,-0.5899999999999999,6.346870675,-10.76898134,10060.757040246266
17381,NGA57088,NGA,57088,ABAKALIKI,129386.0,119.48,31.78,31.78,1.66,20.62,20.5,0.120000000000001,6.316043905,8.128146981,1082.9092735185804
17389,LKA57107,LKA,57107,GALLA,109747.0,271.9,30.69,30.69,0.27,22.09,22.14,-0.05000000000000071,6.118493734,80.18021056,403.63001103346824
17393,MYS57114,MYS,57114,ALORSETAR,169907.0,438.16,33.4,33.4,1.47,25.37,24.96,0.41000000000000014,6.149129951,100.4016409,387.7738725579697
17399,TGO57122,TGO,57122,LOME,1024665.0,278.1,36.3,36.3,2.65,19.93,19.58,0.3500000000000014,6.1896897,1.242938559,3684.519956850054
17405,GHA57128,GHA,57128,OBUASI,124659.0,182.68,29.12,29.12,1.71,21.05,20.55,0.5,6.190127008,-1.665077258,682.3899715349245
17406,NGA57129,NGA,57129,AWKA,228308.0,158.77,28.24,28.24,0.51,20.49,20.06,0.4299999999999997,6.19172739,7.016704066,1437.9794671537443
17409,GHA57133,GHA,57133,TAFO,105379.2,47.765,28.24,28.24,-1.19,20.64,19.89,0.75,6.223506599,-0.363028051,3827.8652508238742
17412,NGA57141,NGA,57141,ONITSHA,1037941.0,319.98,28.53,28.53,1.57,20.91,20.01,0.8999999999999986,6.107124566,6.847736538,3243.7683605225325
17416,MYS57151,MYS,57151,KOTABHARU,254323.0,271.17,32.01,32.01,-0.53,24.97,24.81,0.16000000000000014,6.110614712,102.2750461,937.8729210458383
17417,MYS57152,MYS,57152,KOTAKINABALU,423619.0,415.79,31.96,31.96,1.61,22.67,21.63,1.0400000000000027,6.012780247,116.1507908,1018.8292166718776
17418,PHL57154,PHL,57154,GENERALSANTOS,250000.0,205.78,31.29,31.29,-0.82,23.48,21.85,1.629999999999999,6.113749262,125.153953,1214.8896880163281
17447,CMR57207,CMR,57207,BAMENDA,303182.0,83.69,28.24,28.24,2.98,16.98,13.69,1.7710000000000001,5.962149297,10.17150603,3622.6789341617878
17452,MYS57214,MYS,57214,SUNGAIPETANI,219927.0,444.71,32.5,32.5,0.33,24.18,24.29,-0.10999999999999943,5.740078851,100.4874455,494.5402621933395
17460,MYS57225,MYS,57225,SANDAKAN,275375.0,213.48,31.78,31.78,1.73,23.2,23.49,-0.28999999999999915,5.849612339,118.0439168,1289.9334832302793
17464,COL57234,COL,57234,SOGAMOSO,222678.0,603.97,29.34,29.34,3.4,10.75,10.299000000000001,1.4399999999999977,5.777786679,-72.97440859,368.69049787241084
17466,SUR57236,SUR,57236,PARAMARIBO,267957.0,427.56,31.92,31.92,2.01,21.87,21.54,0.33000000000000185,5.787322484,-55.18846566,626.7120404153803
17482,GHA57278,GHA,57278,ACCRA,2067882.5999999978,824.41,36.24,36.24,1.66,21.0,20.8,0.1999999999999993,5.645819878,-0.160248889,2933.8775609223567
17496,COL57305,COL,57305,TUNJA,117267.0,169.21,28.24,28.24,1.6,10.75,10.299000000000001,1.5,5.550582126,-73.36191454,693.026416878435
17501,IDN57311,IDN,57311,BANDAACEH,227013.0,232.16,34.58,34.58,0.61,23.0,22.19,0.8099999999999987,5.525618217,95.33302411,977.82994486561
17505,NGA57321,NGA,57321,UMUAHIA,227628.0,76.06,28.73,28.73,0.93,24.27,23.28,0.9899999999999984,5.521443721,7.493953199,2992.7425716539574
17509,MYS57326,MYS,57326,GEORGETOWN,854520.0,1077.05,32.87,32.87,0.42,24.77,24.28,0.48999999999999844,5.351406661,100.4354116,793.3893505408291
17515,NGA57331,NGA,57331,OWERRI,185161.0,76.92,29.03,29.03,1.28,21.56,22.13,-0.5700000000000003,5.495699894,7.044251742,2407.189287571503
17516,CIV57332,CIV,57332,ABIDJAN,2014521.0,662.58,30.83,30.83,2.37,18.94,19.47,-0.5299999999999976,5.36356355,-4.003295391,3040.419270125871
17517,CMR57334,CMR,57334,BAFOUSSAM,232110.0,113.68,28.24,28.24,0.32,15.92,16.12,-0.20000000000000107,5.480436077,10.44169015,2041.7839549612947
17522,MYS57353,MYS,57353,KUALATERENGGANU,277221.0,312.67,34.51,34.51,2.43,23.24,23.01,0.22999999999999687,5.302836303,103.1186692,886.6248760674192
17558,NGA57418,NGA,57418,IKOTEKPENE,184680.0,47.765,28.24,28.24,0.5,23.88,22.42,1.4599999999999973,5.179704624,7.723950789,5398.421514177141
17564,GHA57427,GHA,57427,CAPE COAST,179209.0,159.62,31.38,31.38,0.33,18.72,19.03,-0.3100000000000023,5.136047256,-1.268883962,1122.7227164515725
17565,NGA57428,NGA,57428,ABA,773652.0,124.01,29.82,29.82,1.52,21.32,20.99,0.33000000000000185,5.116105358,7.365423486,6238.625917264736
17567,COL57437,COL,57437,BOGOTA,2067882.5999999978,2138.968,28.24,28.24,3.03,10.75,10.299000000000001,-0.7299999999999969,4.76183552,-74.13496657,2244.219789077719
17570,COL57443,COL,57443,PEREIRA,1585538.0,1523.94,32.02,32.02,3.3,15.58,13.029999999999998,1.7710000000000001,4.763971129,-75.68487907,1040.4202265181043
17577,BRN57457,BRN,57457,BANDARSERIBEGAWAN,136900.0,1061.33,30.06,30.06,1.01,22.91,23.18,-0.2699999999999996,4.804674874,114.723312,128.98909858385235
17579,NGA57459,NGA,57459,CALABAR,480786.0,155.37,29.48,29.48,2.72,24.12,23.02,1.1000000000000014,4.98243894,8.345242634,3094.4583896505114
17581,GHA57461,GHA,57461,TAKORADI,238117.0,207.55,31.89,31.89,2.83,18.66,18.3,0.35999999999999943,4.953103948,-1.740749722,1147.2753553360635
17586,CMR57476,CMR,57476,NKONGSAMBA,106080.0,47.765,28.24,28.24,-0.11,16.77,15.17,1.5999999999999996,4.957790803,9.940980687,2884.1761827079936
17591,SDN57483,SDN,57483,JUBA,180717.0,75.44,35.41,35.41,3.25,18.5,19.38,-0.7299999999999969,4.874129187,31.59392462,2395.5063626723227
17597,MYS57491,MYS,57491,TAIPING,305032.0,193.36,35.53,35.53,3.21,24.11,23.64,0.46999999999999886,4.852615927,100.7299291,1577.5341332230037
17606,MYS57517,MYS,57517,IPOH,600249.0,671.01,34.58,34.58,2.91,23.24,21.98,1.259999999999998,4.585630307,101.1127763,894.5455358340413
17613,CMR57535,CMR,57535,KUMBA,120467.0,47.765,28.24,28.24,0.47,21.26,19.99,1.2700000000000031,4.641565041,9.44927425,4853.626107977438
17618,MYS57547,MYS,57547,MIRI,167535.0,408.27,30.11,30.11,0.72,24.1,22.85,1.25,4.431257617,114.0068187,410.3534425747667
17625,COL57559,COL,57559,IBAGUE,392567.0,294.48,30.47,30.47,1.81,13.88,10.44,1.7710000000000001,4.439355434,-75.19530432,1333.085438739473
17627,CAF57560,CAF,57560,BANGUI,451690.0,234.18,29.86,29.86,1.16,20.06,19.31,0.75,4.398707958,18.5664799,1928.8154411136732
17640,COL57579,COL,57579,GIRARDOT,147605.0,409.96,37.14,37.14,1.15,22.04,21.4,0.6400000000000006,4.250988755,-74.72624335,360.047321689921
17641,MYS57580,MYS,57580,TAWAU,213903.0,190.49,30.21,30.21,1.45,21.31,21.56,-0.25,4.285604247,117.8997985,1122.9093390729172
17658,COL57610,COL,57610,VILLAVICENCIO,253843.0,375.97,30.1,30.1,1.45,17.13,16.97,0.16000000000000014,4.121200981,-73.60997821,675.1682315078331
17660,COL57616,COL,57616,TULUA,162895.0,173.0,37.6,37.6,3.18,19.13,17.65,1.4800000000000004,4.10350651,-76.20714146,941.5895953757225
17662,CMR57623,CMR,57623,DOUALA,1433619.0,354.7,28.24,28.24,-0.03,20.72,21.29,-0.5700000000000003,4.054371218,9.726040781,4041.7789681420923
17666,CMR57633,CMR,57633,LIMBE,108968.0,80.6,28.24,28.24,0.02,19.78,18.37,1.4100000000000001,4.026010308,9.180975644,1351.9602977667494
17669,MYS57638,MYS,57638,KUANTAN,289395.0,423.01,32.11,32.11,0.86,23.53,23.15,0.38000000000000256,3.843476489,103.2957105,684.1327628188459
17670,COL57639,COL,57639,CALI,2067882.5999999978,2138.968,36.48,36.48,4.17,17.74,13.99,1.7710000000000001,3.508201941,-76.39529233,1012.9210646629695
17672,CMR57645,CMR,57645,YAOUNDE,1197192.0,382.08,28.63,28.63,2.82,21.42,20.78,0.6400000000000006,3.851973754,11.52626287,3133.354271356784
17676,COL57649,COL,57649,BUENAVENTURA,224707.0,166.88,29.08,29.08,1.67,17.52,19.96,-0.7299999999999969,3.88203033,-77.01977372,1346.518456375839
17683,CMR57662,CMR,57662,EDEA,117302.0,64.99,28.24,28.24,0.68,17.6,20.7,-0.7299999999999969,3.803899985,10.12981313,1804.9238344360672
17684,IDN57663,IDN,57663,MEDAN,2067882.5999999978,1095.89,36.32,36.32,2.52,24.16,24.06,0.10000000000000142,3.610310483,98.71266055,3240.177390066521
17711,MYS57736,MYS,57736,KUALALUMPUR,2067882.5999999978,2138.968,34.84,34.84,2.05,23.7,22.75,0.9499999999999993,3.081372207,101.6235214,1523.5350945954533
17712,IDN57737,IDN,57737,TEBINGTINGGI,118176.0,71.14,35.1,35.1,0.56,23.11,22.98,0.129999999999999,3.337829572,99.16740924,1661.175147596289
17713,IDN57740,IDN,57740,TARAKAN,119568.0,155.54,28.24,28.24,0.72,22.17,22.27,-0.09999999999999787,3.330782982,117.5957813,768.7283014015687
17720,COL57770,COL,57770,NEIVA,273764.0,565.76,40.66,40.66,3.07,21.71,19.91,1.7710000000000001,2.987135706,-75.28306201,483.88716063348414
17729,IDN57782,IDN,57782,KISARAN,118255.0,85.75,34.3,34.3,-0.46,22.69,22.04,0.6500000000000021,2.984662633,99.63582081,1379.067055393586
17730,IDN57785,IDN,57785,TANJUNGBALAI,160980.0,57.29,34.24,34.24,0.21,22.16,22.69,-0.5300000000000011,2.975468996,99.81240622,2809.914470239134
17731,IDN57787,IDN,57787,PEMATANGSIANTAR,204331.0,76.32,37.0,37.0,3.62,20.0,20.2,-0.1999999999999993,2.952811244,99.07990549,2677.2929769392035
17734,BRA57792,BRA,57792,BOAVISTA,197098.0,428.95,33.78,33.78,1.21,20.89,23.3,-0.7299999999999969,2.833492046,-60.68617033,459.4894509849633
17740,MYS57816,MYS,57816,SEREMBAN,246441.0,252.95,34.82,34.82,2.32,23.23,22.43,0.8000000000000007,2.707160913,101.9815649,974.267641826448
17753,COL57850,COL,57850,POPAYAN,205751.0,258.98,32.19,32.19,1.89,11.54,10.299000000000001,1.5399999999999991,2.441886183,-76.60781246,794.4667541895127
17754,MYS57855,MYS,57855,MELAKA,254277.0,618.51,35.49,35.49,2.28,23.09,22.52,0.5700000000000003,2.309353456,102.2333209,411.11218897026725
17762,MYS57874,MYS,57874,SIBU,155000.0,342.3,33.26,33.26,0.04,22.51,22.07,0.4400000000000013,2.285650303,111.8694054,452.81916447560616
17770,IDN57907,IDN,57907,RANTAUPRAPAT,132876.0,70.34,36.22,36.22,1.89,21.8,22.33,-0.5299999999999976,2.095960128,99.8317993,1889.0531703156098
17771,MYS57908,MYS,57908,MUAR,116240.0,160.18,35.56,35.56,1.6,22.93,22.95,-0.019999999999999574,2.058434139,102.610276,725.6836059433138
17772,SOM57909,SOM,57909,MOGADISHU,1016021.0,173.62,35.37,35.37,-0.9,18.27,16.81,1.4600000000000009,2.046861219,45.30687046,5851.981338555466
17774,MYS57911,MYS,57911,KLUANG,134880.0,181.87,32.5,32.5,0.41,22.38,21.82,0.5599999999999987,2.019394412,103.3316717,741.628635838786
17780,MYS57929,MYS,57929,BANDARPENGGARAM,108312.0,192.43,35.15,35.15,1.11,22.88,22.24,0.6400000000000006,1.856317716,102.9585421,562.8644182300056
17788,MYS57950,MYS,57950,KUCHING,152310.0,551.43,34.76,34.76,2.34,23.72,23.31,0.41000000000000014,1.546629197,110.3472999,276.2091289918938
17789,IDN57952,IDN,57952,DUMAI,128041.0,279.43,36.12,36.12,-0.61,22.91,22.56,0.3500000000000014,1.656420237,101.466515,458.22209497906454
17793,IDN57964,IDN,57964,BATAM,130415.0,327.51,31.98,31.98,1.66,23.89,24.26,-0.370000000000001,1.097531112,104.0366282,398.2015816310952
17794,MYS57964,MYS,57964,JOHORBAHRU,644992.0,919.9,35.14,35.14,2.69,22.94,23.11,-0.16999999999999815,1.536805219,103.7472404,701.1544733123166
17795,SGP57964,SGP,57964,SINGAPORE,2067882.5999999978,590.3,35.56,35.56,1.91,24.92,23.73,1.1900000000000013,1.361737786,103.8197032,6806.256140945283
17802,IDN57977,IDN,57977,MANADO,435807.0,177.88,31.29,31.29,2.84,22.11,20.74,1.370000000000001,1.480131184,124.8770919,2450.0056217674837
17806,IDN57985,IDN,57985,BITUNG,116133.0,71.26,29.38,29.38,1.56,21.91,20.92,0.9899999999999984,1.442910313,125.1881866,1629.7081111422956
17809,IDN57994,IDN,57994,PADANGSIDEMPUAN,144342.0,71.24,33.58,33.58,3.04,19.44,19.44,0.0,1.373572275,99.28256943,2026.1370016844471
17815,COL58013,COL,58013,PASTO,307917.0,218.88,28.24,28.24,-0.85,10.75,10.299000000000001,-0.7299999999999969,1.21171886,-77.26508557,1406.7845394736842
17834,IDN58069,IDN,58069,TANJUNGPINANG,142377.0,56.42,35.83,35.83,4.13,23.62,23.24,0.38000000000000256,0.922789924,104.4728375,2523.520028358738
17836,IDN58072,IDN,58072,SINGKAWANG,125509.0,87.3,35.07,35.07,1.08,23.36,22.88,0.4800000000000004,0.914180126,108.9995301,1437.6746849942726
17847,IDN58116,IDN,58116,PEKANBARU,540384.0,342.57,34.83,34.83,0.45,23.44,22.71,0.7300000000000004,0.537870788,101.4558267,1577.4411069270514
17848,IDN58117,IDN,58117,GORONTALO,148942.0,208.31,31.46,31.46,2.45,23.13,21.88,1.25,0.573354148,123.0553424,715.001680188181
17854,COD58130,COD,58130,KISANGANI,317581.0,110.21,31.68,31.68,2.02,18.91,18.78,0.129999999999999,0.524149499,25.19997474,2881.598765992197
17855,KEN58132,KEN,58132,ELDORET,172423.0,156.26,28.92,28.92,1.03,10.75,10.299000000000001,0.40000000000000036,0.512967027,35.28396618,1103.4365800588762
17857,UGA58138,UGA,58138,JINJA,155926.0,129.35,33.91,33.91,1.42,16.26,15.83,0.4300000000000015,0.469026611,33.23191106,1205.4580595284112
17858,GAB58141,GAB,58141,LIBREVILLE,558959.0,285.61,30.29,30.29,3.21,19.46,19.97,-0.509999999999998,0.412928793,9.489036184,1957.0708308532614
17861,UGA58151,UGA,58151,KAMPALA,1188099.0,561.79,35.41,35.41,2.99,16.46,14.71,1.75,0.326784626,32.6086863,2114.845404866587
17862,ECU58154,ECU,58154,IBARRA,153692.0,459.74,32.76,32.76,4.17,10.75,10.299000000000001,0.8300000000000001,0.312776452,-78.18928178,334.3019967807891
17873,BRA58180,BRA,58180,MACAPA,335914.0,485.16,34.24,34.24,2.78,21.61,22.43,-0.7299999999999969,0.027198459,-51.09267252,692.3777722813093
17875,ECU58184,ECU,58184,QUITO,1551810.0,1689.84,32.77,32.77,4.17,10.75,10.299000000000001,1.7710000000000001,-0.146082706,-78.39544318,918.3177105524784
17880,IDN58201,IDN,58201,PONTIANAK,613521.0,374.9,33.97,33.97,1.07,20.73,21.09,-0.35999999999999943,-0.065272093,109.3581598,1636.4923979727928
17884,KEN58218,KEN,58218,KISUMU,200683.0,128.95,43.47,43.47,4.17,18.94,17.86,1.0800000000000018,-0.086811765,34.79222377,1556.2853819309812
17886,ECU58237,ECU,58237,SANTODOMINGO,195107.0,281.63,28.83,28.83,0.64,16.77,14.3,1.7710000000000001,-0.25531051,-79.1646896,692.777758051344
17891,KEN58246,KEN,58246,NAKURU,226467.0,180.85,39.69,39.69,1.37,10.75,10.299000000000001,-0.02999999999999936,-0.292400446,36.09963017,1252.2366602156483
17892,IDN58248,IDN,58248,BUKITTINGGI,114160.0,82.43,33.31,33.31,4.17,15.3,15.79,-0.48999999999999844,-0.307829783,100.3883554,1384.9326701443647
17894,SOM58263,SOM,58263,KISMAYO,171672.0,47.765,41.36,41.36,-1.7769999999999997,23.43,23.62,-0.19000000000000128,-0.360344213,42.54882741,16667.184466019415
17898,IDN58276,IDN,58276,SAMARINDA,530243.0,349.83,29.18,29.18,-1.18,22.42,22.34,0.08000000000000185,-0.532624253,117.1554963,1515.716205013864
17906,GAB58299,GAB,58299,PORT-GENTIL,105538.0,128.91,30.01,30.01,1.83,19.76,20.54,-0.7299999999999969,-0.762090646,8.777872385,818.695213714995
17915,IDN58336,IDN,58336,PALU,226074.0,142.36,35.73,35.73,4.17,22.24,20.52,1.7199999999999989,-0.903097926,119.8903649,1588.044394492835
17916,IDN58339,IDN,58339,PADANG,755441.0,315.7,28.95,28.95,3.27,22.47,20.06,1.7710000000000001,-0.94824292,100.4166568,2392.9078238834336
17919,IDN58344,IDN,58344,SORONG,126138.0,326.15,31.54,31.54,1.86,24.07,22.93,1.1400000000000006,-0.949823681,131.3170406,386.7484286371302
17921,ECU58354,ECU,58354,MANTA,176924.0,240.22,31.95,31.95,-1.7769999999999997,19.1,18.9,0.20000000000000284,-0.997125726,-80.68394754,736.5082008159187
17922,ECU58356,ECU,58356,PORTOVIEJO,167882.0,304.74,33.77,33.77,0.07,19.66,19.26,0.3999999999999986,-1.029282534,-80.44734079,550.9024086106189
17925,ECU58367,ECU,58367,QUEVEDO,116866.0,155.38,29.55,29.55,-1.01,16.61,16.69,-0.08000000000000185,-1.019029852,-79.45421763,752.1302612948899
17931,KEN58389,KEN,58389,NAIROBI,2067882.5999999978,1195.69,39.69,39.69,-1.7769999999999997,12.8,13.43,-0.629999999999999,-1.248728046,36.79228932,1938.407112211359
17935,ECU58401,ECU,58401,AMBATO,151099.0,429.17,37.91,37.91,4.17,10.75,10.299000000000001,-0.7299999999999969,-1.276037114,-78.59858665,352.07260526131836
17936,IDN58403,IDN,58403,BALIKPAPAN,489678.0,345.63,28.24,28.24,-1.11,22.28,22.06,0.22000000000000242,-1.247647906,116.8001273,1416.7693776581893
17937,BRA58414,BRA,58414,BELEM,1753055.0,1015.81,30.19,30.19,0.93,23.13,22.59,0.5399999999999991,-1.39368741,-48.45333248,1725.7705673305047
17938,BRA58418,BRA,58418,CASTANHAL,118337.0,145.06,33.96,33.96,1.05,22.56,20.75,1.7710000000000001,-1.29091773,-47.92414199,815.7796773748794
17948,IDN58463,IDN,58463,JAMBI,477320.0,384.2,28.24,28.24,-0.43,22.04,21.01,1.0299999999999976,-1.595017886,103.6346963,1242.373763664758
17949,TZA58465,TZA,58465,MUSOMA,111582.0,47.765,41.38,41.38,4.17,18.29,19.22,-0.7299999999999969,-1.521555085,33.80866521,2880.2787816210634
17954,ECU58484,ECU,58484,RIOBAMBA,121691.0,298.63,39.95,39.95,4.17,10.75,10.299000000000001,0.05999999999999872,-1.66305585,-78.66480307,407.49757224659277
17966,ECU58523,ECU,58523,GUAYAQUIL,2067882.5999999978,1119.17,30.9,30.9,0.46,18.27,17.68,0.5899999999999999,-2.128114485,-79.92629486,1931.4527730371613
17970,RWA58545,RWA,58545,KIGALI,424964.0,120.11,36.33,36.33,2.27,16.0,14.18,1.7710000000000001,-1.953241629,30.09088472,3538.123386895346
17976,IDN58576,IDN,58576,PANGKALPINANG,171617.0,111.22,28.83,28.83,0.38,19.05,20.0,-0.7299999999999969,-2.129256402,106.1271036,1543.0408199964036
17977,ECU58578,ECU,58578,MILAGRO,111478.0,192.15,31.5,31.5,-0.19,16.01,18.27,-0.7299999999999969,-2.123628896,-79.60301746,580.1613322924799
17978,ECU58581,ECU,58581,LALIBERTAD,128906.0,266.28,34.88,34.88,1.98,19.91,19.36,0.5500000000000007,-2.227618429,-80.84637962,484.09944419408146
17979,IDN58586,IDN,58586,PALANGKARAYA,157865.0,228.16,35.23,35.23,1.92,22.03,22.08,-0.04999999999999716,-2.227866258,113.9316617,691.9048036465638
17983,BRA58628,BRA,58628,SANTARE,176486.0,156.6,31.31,31.31,2.11,21.5,23.35,-0.7299999999999969,-2.464728503,-54.71239052,1126.98595146871
17986,BRA58638,BRA,58638,SAOLUIS,863789.0,888.71,32.56,32.56,2.31,22.96,23.39,-0.4299999999999997,-2.576004266,-44.23163774,971.9582315941083
17988,TZA58641,TZA,58641,MWANZA,302020.0,114.25,35.51,35.51,2.31,20.25,20.23,0.019999999999999574,-2.516779263,32.93174863,2643.5010940919037
17990,COD58642,COD,58642,BUKAVU,175245.0,47.765,34.74,34.74,4.17,14.43,11.65,1.7710000000000001,-2.506472819,28.85315882,5631.266066838046
17993,IDN58656,IDN,58656,JAYAPURA,151617.0,98.37,31.31,31.31,1.48,22.63,22.43,0.1999999999999993,-2.576556728,140.6732401,1541.29307715767
18001,ECU58709,ECU,58709,CUENCA,295792.0,759.32,31.52,31.52,4.17,10.75,10.299000000000001,1.1799999999999997,-2.838045491,-78.89305021,389.54854343359847
18003,IDN58743,IDN,58743,PALEMBANG,1718872.0,541.65,28.24,28.24,-0.21,22.46,22.18,0.28000000000000114,-2.979502043,104.790812,3173.3997969168286
18004,BRA58747,BRA,58747,PARNAIBA,124988.0,256.98,38.49,38.49,1.38,23.46,22.89,0.5700000000000003,-2.905655626,-41.71242902,486.37248034866525
18010,BRA58773,BRA,58773,MANAUS,1396768.0,590.68,31.97,31.97,1.09,24.02,23.93,0.08999999999999986,-3.057100051,-59.99090217,2364.6779982393177
18011,IDN58778,IDN,58778,PALOPO,117934.0,80.27,29.99,29.99,1.25,20.85,18.38,1.7710000000000001,-3.027797068,120.2114186,1469.2163946679957
18015,ECU58834,ECU,58834,MACHALA,242107.0,439.1,32.29,32.29,1.97,19.66,18.96,0.6999999999999993,-3.2754761,-79.88522532,551.370986107948
18017,IDN58844,IDN,58844,BANJARMASIN,701664.0,296.57,28.24,28.24,-1.7769999999999997,19.73,17.53,1.7710000000000001,-3.313498006,114.5883278,2365.9304717267423
18023,TZA58866,TZA,58866,MOSHI,169757.0,130.29,49.41,49.41,4.17,20.38,18.21,1.7710000000000001,-3.343255648,37.33217334,1302.9165707268403
18025,BDI58872,BDI,58872,BUJUMBURA,354674.0,137.79,34.75,34.75,3.76,19.97,17.67,1.7710000000000001,-3.372030826,29.37808626,2574.01843384861
18026,TZA58874,TZA,58874,ARUSHA,179760.0,163.71,42.23,42.23,-1.47,15.73,15.34,0.39000000000000057,-3.377266228,36.69661002,1098.0392156862745
18030,IDN58888,IDN,58888,BANJARBARU,166484.0,204.84,30.14,30.14,1.74,20.92,21.45,-0.5299999999999976,-3.435077149,114.8269242,812.7514157391134
18043,BRA58963,BRA,58963,FORTALEZA,2067882.5999999978,1071.78,39.16,39.16,0.7,23.32,22.12,1.1999999999999993,-3.834929898,-38.54632455,2515.4397357666685
18044,IDN58965,IDN,58965,AMBON,324927.0,148.91,30.14,30.14,2.09,22.58,22.38,0.1999999999999993,-3.67835496,128.2056338,2182.0361292055604
18045,BRA58970,BRA,58970,SOBRAL,119433.0,159.37,41.75,41.75,1.2,22.19,21.49,0.7000000000000028,-3.68878298,-40.33965656,749.4070402208697
18055,KEN59028,KEN,59028,MOMBASA,686547.0,225.64,41.25,41.25,-1.7769999999999997,23.37,23.03,0.33999999999999986,-4.009411894,39.66727127,3042.66530756958
18056,ECU59030,ECU,59030,LOJA,116093.0,216.71,28.24,28.24,-0.25,10.75,10.299000000000001,-0.46000000000000085,-3.987038174,-79.19109596,535.7067048128836
18057,IDN59037,IDN,59037,KENDARI,150157.0,115.17,29.18,29.18,-0.44,21.6,23.63,-0.7299999999999969,-3.97474433,122.5396107,1303.7857080837023
18059,IDN59044,IDN,59044,PAREPARE,133163.0,67.76,34.12,34.12,1.3,21.54,22.84,-0.7299999999999969,-4.028513988,119.6460592,1965.21546635183
18075,COG59111,COG,59111,BRAZAVILLE,1117617.0,262.33,33.9,33.9,1.68,22.18,21.04,1.1400000000000006,-4.258274765,15.26762948,4260.347653718599
18076,COD59111,COD,59111,KINSHASA,2067882.5999999978,502.99,35.92,35.92,4.17,21.8,20.87,0.9299999999999997,-4.400377999,15.32589575,5296.924392135033
18090,IDN59191,IDN,59191,WATAMPONE,105379.2,67.28,30.8,30.8,-0.07,23.284,22.93,0.3539999999999992,-4.546879147,120.3309221,1536.1177170035671
18097,COG59215,COG,59215,POINTENOIRE,611002.0,210.87,33.69,33.69,1.16,21.57,21.49,0.08000000000000185,-4.750365978,11.86963195,2897.5292834447764
18102,BRA59253,BRA,59253,CAXIAS,105379.2,138.6,37.42,37.42,2.57,21.77,21.83,-0.05999999999999872,-4.857848837,-43.35190923,746.6450216450216
18104,PER59260,PER,59260,SULLANA,220549.0,158.27,43.09,43.09,-1.7769999999999997,17.47,18.37,-0.7299999999999969,-4.885323554,-80.67876633,1393.4984520123837
18105,TZA59267,TZA,59267,KIGOMA,130115.0,56.08,36.34,36.34,4.17,19.14,19.44,-0.3000000000000007,-4.884657203,29.65270448,2320.167617689016
18112,BRA59312,BRA,59312,TERESINA,790330.0,571.04,36.69,36.69,1.34,22.79,22.28,0.509999999999998,-5.09297458,-42.77881349,1384.0186326702158
18113,TZA59319,TZA,59319,TABORA,163916.0,76.98,33.89,33.89,2.0,15.49,17.73,-0.7299999999999969,-5.020503413,32.81832442,2129.3322941023644
18114,IDN59320,IDN,59320,UJUNGPANDANG,1445569.0,436.51,33.11,33.11,1.3,22.28,22.04,0.240000000000002,-5.13593249,119.5019856,3311.651508556505
18121,IDN59354,IDN,59354,METRO,116007.0,91.51,31.48,31.48,1.53,19.415788724373577,18.891927231381466,0.5238614929921113,-5.120580626,105.3117887,1267.6975193967871
18123,BRA59363,BRA,59363,MOSSORO,199081.0,266.8,46.68,46.68,0.84,23.97,23.95,0.019999999999999574,-5.186902909,-37.3389484,746.1806596701649
18125,PER59368,PER,59368,PIURA,382664.0,265.93,50.19,50.19,-1.01,20.18,18.61,1.5700000000000003,-5.202416499,-80.64020942,1438.965141202572
18128,IDN59377,IDN,59377,BANDARLAMPUNG,725137.0,392.2,29.22,29.22,0.11,20.78,21.48,-0.6999999999999993,-5.356089924,105.2573043,1848.8959714431412
18134,BRA59409,BRA,59409,MARABA,134373.0,176.39,29.15,29.15,-0.12,19.83,21.01,-0.7299999999999969,-5.362913506,-49.09099261,761.7948863314248
18136,BRA59447,BRA,59447,IMPERATRIZ,218673.0,298.85,31.25,31.25,0.17,24.34,22.84,1.5,-5.498346268,-47.45062968,731.7149071440522
18144,AGO59504,AGO,59504,CABINDA,160683.0,47.765,31.58,31.58,-0.14,19.72,20.32,-0.6000000000000014,-5.5678757,12.1999132,3955.76070901034
18147,BRA59531,BRA,59531,NATAL,1038821.0,628.49,38.75,38.75,-1.42,22.44,21.62,0.8200000000000003,-5.829517401,-35.26055652,1652.8838963229327
18153,COD59581,COD,59581,MATADI,138798.0,122.01,34.35,34.35,0.24,20.63,21.08,-0.4499999999999993,-5.824310676,13.47349781,1137.5952790754857
18154,COD59587,COD,59587,BOMA,197600.0,58.33,33.2,33.2,1.45,16.52,19.75,-0.7299999999999969,-5.837086854,13.06603982,3387.6221498371337
18157,IDN59607,IDN,59607,JAKARTA,2067882.5999999978,2138.968,28.66,28.66,0.89,22.73,21.46,1.2699999999999996,-6.290611652,106.7656139,4839.034461589434
18158,COD59608,COD,59608,KANANGA,298693.0,47.765,32.09,32.09,-1.37,20.68,19.66,1.0199999999999996,-5.891082715,22.41078236,18668.3125
18168,TZA59691,TZA,59691,ZANZIBAR,276333.0,113.8,40.49,40.49,-0.44,23.09,23.3,-0.21000000000000085,-6.159662191,39.23600709,2428.23374340949
18170,COD59702,COD,59702,MBUJIMAYI,486235.0,92.63,36.55,36.55,0.98,20.99,19.12,1.7710000000000001,-6.131693374,23.60172396,5249.217316204254
18171,TZA59714,TZA,59714,DODOMA,145859.0,130.61,39.43,39.43,0.33,18.78,18.75,0.030000000000001137,-6.168052495,35.7447352,1116.7521629278
18190,IDN59879,IDN,59879,PURWAKARTA,151913.0,139.49,28.24,28.24,-1.19,21.67,21.53,0.14000000000000057,-6.521988013,107.4257372,1089.0601476808372
18192,IDN59927,IDN,59927,SUBANG,115639.0,47.765,29.66,29.66,0.3,22.87,22.61,0.26000000000000156,-6.560567299,107.7652127,2606.8304779080254
18194,IDN59931,IDN,59931,JEPARA,151343.0,76.63,28.24,28.24,0.49,22.01,21.57,0.4400000000000013,-6.586056564,110.689886,1974.9836878507112
18198,IDN59962,IDN,59962,CIREBON,989677.0,283.5,32.75,32.75,1.68,21.92,22.0,-0.0799999999999983,-6.726931939,108.485711,3490.9241622574955
18199,TZA59969,TZA,59969,DARESSALAAM,2067882.5999999978,557.2,46.03,46.03,0.13,23.72,23.27,0.4499999999999993,-6.816115831,39.2272154,3792.3151471643932
18201,PER59991,PER,59991,CHICLAYO,484660.0,600.65,40.36,40.36,-1.7769999999999997,18.48,17.65,0.8300000000000018,-6.783483659,-79.81713692,806.8925330891534
18202,IDN60000,IDN,60000,PECANGAKAN,116552.0,47.765,31.79,31.79,3.39,21.17,21.47,-0.29999999999999716,-6.721077961,110.7165119,4712.9801860088955
18204,IDN60005,IDN,60005,KUDUS,594172.0,606.19,28.24,28.24,0.01,21.96,22.55,-0.5899999999999999,-6.807153906,110.9805973,980.1745327372605
18212,TZA60038,TZA,60038,MOROGORO,206434.0,156.02,47.82,47.82,3.33,21.35,20.29,1.0600000000000023,-6.81840841,37.66440404,1323.1252403538008
18213,IDN60054,IDN,60054,CIANJUR,225547.0,57.12,28.24,28.24,-1.46,18.23,17.69,0.5399999999999991,-6.822866098,107.1531602,3948.651960784314
18214,IDN60055,IDN,60055,BANDUNG,2067882.5999999978,877.9,32.37,32.37,4.17,18.17,16.51,1.6600000000000001,-6.944621249,107.6483143,5214.428750427156
18217,IDN60077,IDN,60077,TEGAL,1210722.0,424.44,28.25,28.25,-0.73,22.92,23.8,-0.7299999999999969,-6.929717563,109.1673987,2852.51625671473
18220,IDN60085,IDN,60085,PEKALONGAN,1045532.0,666.33,30.62,30.62,1.15,19.65,21.02,-0.7299999999999969,-6.927001475,109.5903366,1569.0903906472768
18221,IDN60091,IDN,60091,SEMARANG,1873411.0,819.53,29.6,29.6,1.16,18.1,20.99,-0.7299999999999969,-7.012778364,110.3270494,2285.9578050834016
18226,IDN60100,IDN,60100,SUKABUMI,289711.0,96.32,28.67,28.67,0.76,19.28,17.2,1.7710000000000001,-6.927435379,106.9267208,3007.796926910299
18227,BRA60106,BRA,60106,JOAOPESSOA,826680.0,521.19,37.4,37.4,0.36,19.31,19.5,-0.19000000000000128,-7.130384559,-34.90395236,1586.1394117308466
18229,IDN60125,IDN,60125,KUNINGAN,119679.0,103.12,30.04,30.04,1.58,19.1,15.74,1.7710000000000001,-6.979662938,108.5224741,1160.5799069045772
18231,IDN60132,IDN,60132,SUMENEP,106118.0,114.59,30.5,30.5,1.29,23.37,23.7,-0.3299999999999983,-7.014006138,113.8789046,926.0668470198098
18236,BRA60178,BRA,60178,CAMPINAGRANDE,328444.0,362.89,45.43,45.43,0.69,18.78,17.71,1.0700000000000003,-7.201723902,-35.89879254,905.0786739783406
18239,PER60190,PER,60190,CAJAMARCA,111925.0,126.09,33.04,33.04,2.09,10.75,10.299000000000001,0.2900000000000027,-7.159298105,-78.48508252,887.6596082163534
18241,IDN60194,IDN,60194,SURABAYA,2067882.5999999978,1412.29,30.03,30.03,0.94,21.74,21.02,0.7199999999999989,-7.430054285,112.6784272,3621.807843998046
18242,BRA60203,BRA,60203,ARAGUAINA,105874.0,161.0,33.15,33.15,0.43,23.88,23.39,0.48999999999999844,-7.195899987,-48.2103886,657.6024844720497
18243,IDN60208,IDN,60208,BOJONEGORO,105379.2,49.41,28.75,28.75,-0.16,23.3,22.87,0.4299999999999997,-7.164899665,111.8883509,2054.17931592795
18245,BRA60212,BRA,60212,JUAZEIRODONORTE,322259.0,409.7,42.85,42.85,4.17,19.7,19.78,-0.08000000000000185,-7.244203968,-39.33062714,786.5731022699537
18246,IDN60217,IDN,60217,GARUT,249346.0,96.26,32.13,32.13,4.17,17.82,14.65,1.7710000000000001,-7.220207469,107.904081,2590.3386661126115
18251,IDN60251,IDN,60251,TASIKMALAYA,564872.0,293.8,31.93,31.93,2.51,19.86,19.23,0.629999999999999,-7.33400541,108.2610162,1922.641252552757
18252,IDN60268,IDN,60268,SALATIGA,155204.0,50.24,28.84,28.84,1.59,19.75,18.9,0.8500000000000014,-7.333215548,110.5161604,3089.251592356688
18259,IDN60302,IDN,60302,PURWOKERTO,417770.0,141.33,31.22,31.22,1.16,23.0,22.13,0.870000000000001,-7.433556038,109.2598784,2955.9895280549067
18262,IDN60309,IDN,60309,MOJOKERTO,501550.0,458.84,33.3,33.3,1.43,23.42,22.86,0.5600000000000023,-7.502847477,112.3682246,1093.0825560108099
18263,IDN60315,IDN,60315,MAGELANG,290542.0,85.98,28.61,28.61,1.34,18.81,18.12,0.6899999999999977,-7.484694535,110.2297328,3379.1812049313794
18270,IDN60345,IDN,60345,SURAKARTA,1346918.0,398.32,30.54,30.54,0.62,21.06,21.1,-0.0400000000000027,-7.593491253,110.8469264,3381.4972886121714
18272,IDN60353,IDN,60353,MADIUN,366611.0,733.44,30.1,30.1,0.69,23.41,22.49,0.9200000000000017,-7.710062337,111.4938983,499.85138525305405
18274,IDN60365,IDN,60365,KEDIRI,236646.0,443.27,30.54,30.54,1.08,22.75,22.3,0.4499999999999993,-7.74172843,111.9953258,533.8642362442755
18275,IDN60380,IDN,60380,KARANGANYAR,109039.0,47.765,30.25,30.25,1.49,18.758,18.89,-0.13200000000000145,-7.612566363,109.5232017,3050.041958041958
18277,IDN60385,IDN,60385,KLATEN,306926.0,238.26,29.39,29.39,-0.35,20.3,20.05,0.25,-7.674491238,110.6500181,1288.1977671451357
18279,BRA60389,BRA,60389,RECIFE,2067882.5999999978,2115.35,34.5,34.5,-0.2,20.55,20.35,0.1999999999999993,-8.241477368,-35.02407326,1518.7949984636114
18280,IDN60396,IDN,60396,PASURUAN,211693.0,185.33,31.85,31.85,2.75,22.79,22.33,0.46000000000000085,-7.692895806,112.9277114,1142.2489613122536
18281,IDN60398,IDN,60398,CILACAP,327674.0,167.33,29.35,29.35,-1.04,15.31,21.78,-0.7299999999999969,-7.688355098,109.0261251,1958.2501643459032
18285,IDN60413,IDN,60413,KEBUMEN,121522.0,90.2,32.91,32.91,2.23,19.78,19.59,0.19000000000000128,-7.682217394,109.6658689,1347.250554323725
18286,IDN60416,IDN,60416,PANJI,222555.0,153.07,29.74,29.74,1.35,22.48,22.05,0.4299999999999997,-7.705240099,114.0047461,1453.9426406219377
18287,IDN60428,IDN,60428,PURWOREJO,132152.0,122.52,31.47,31.47,1.25,18.584,18.11,0.4740000000000002,-7.727273584,109.9759154,1078.6157362063336
18288,IDN60430,IDN,60430,PROBOLINGGO,300039.0,436.09,31.34,31.34,2.71,20.58,20.49,0.08999999999999986,-7.775743529,113.4043964,688.0208213900801
18290,IDN60439,IDN,60439,YOGYAKARTA,1413893.0,415.13,31.98,31.98,1.19,19.65,19.78,-0.13000000000000256,-7.808327708,110.3871297,3405.90417459591
18293,BRA60444,BRA,60444,CARPINA,120142.0,348.76,40.21,40.21,1.65,20.27,20.05,0.21999999999999886,-7.831559926,-35.21750603,344.48331230645715
18295,TZA60448,TZA,60448,IRINGA,148760.0,125.06,36.92,36.92,2.59,14.48,14.97,-0.4900000000000002,-7.775208406,35.71186786,1189.5090356628818
18301,IDN60488,IDN,60488,MALANG,1334318.0,350.37,30.56,30.56,3.83,19.57,17.57,1.7710000000000001,-7.934803772,112.6295392,3808.311213859634
18312,PER60537,PER,60537,TRUJILLO,601171.0,488.5,44.8,44.8,-0.54,13.03,14.98,-0.7299999999999969,-8.107680563,-79.00531655,1230.646878198567
18318,IDN60553,IDN,60553,TULUNGAGUNG,299446.0,106.27,32.75,32.75,2.72,22.747999999999998,22.27,0.477999999999998,-8.070836722,111.9041544,2817.784887550579
18320,IDN60564,IDN,60564,BLITAR,230537.0,98.6,30.94,30.94,1.46,22.76,21.73,1.0300000000000011,-8.114324798,112.1715402,2338.1034482758623
18321,IDN60565,IDN,60565,KEPANJEN,137834.0,207.39,29.85,29.85,0.23,20.26,20.1,0.16000000000000014,-8.149635391,112.6319908,664.6125656974782
18322,IDN60570,IDN,60570,LUMAJANG,110135.0,76.5,33.98,33.98,4.17,21.9,20.75,1.1499999999999986,-8.124670485,113.2355446,1439.673202614379
18323,IDN60571,IDN,60571,SINGARAJA,119296.0,78.22,29.82,29.82,1.37,19.67,20.81,-0.7299999999999969,-8.128997949,115.0981788,1525.13423676809
18324,IDN60581,IDN,60581,BANYUWANGI,142322.0,101.1,29.57,29.57,1.93,21.62,20.76,0.8599999999999994,-8.199191863,114.3667961,1407.734915924827
18325,IDN60585,IDN,60585,JEMBER,346045.0,180.18,31.68,31.68,2.07,20.13,20.39,-0.26000000000000156,-8.17636024,113.7034079,1920.5516705516704
18330,BRA60619,BRA,60619,CARUARU,216139.0,196.27,45.84,45.84,2.48,19.34,18.66,0.6799999999999997,-8.280712451,-35.97257132,1101.2329953635299
18336,PER60636,PER,60636,PUCALLPA,199328.0,188.7,31.93,31.93,1.39,22.47,22.31,0.16000000000000014,-8.381801977,-74.55286853,1056.3222045574987
18344,IDN60667,IDN,60667,DENPASAR,714088.0,815.18,30.05,30.05,0.76,21.31,21.04,0.2699999999999996,-8.585123877,115.2465352,875.9881253220149
18350,IDN60686,IDN,60686,MATARAM,435609.0,239.05,33.58,33.58,2.86,21.62,20.65,0.9700000000000024,-8.584298551,116.1330247,1822.250575193474
18357,BRA60725,BRA,60725,PORTOVELHO,262157.0,384.84,29.58,29.58,0.71,22.95,23.02,-0.07000000000000028,-8.759435175,-63.85958565,681.210373142085
18359,AGO60738,AGO,60738,LUANDA,2067882.5999999978,572.11,43.21,43.21,0.44,22.09,20.84,1.25,-8.866719247,13.30810079,6408.760553040499
18364,BRA60765,BRA,60765,GARANHUS,105379.2,124.71,42.76,42.76,-0.22,18.84,18.56,0.28000000000000114,-8.886546127,-36.48093018,805.4366129420256
18365,TZA60767,TZA,60767,MBEYA,229290.0,178.14,28.48,28.48,2.32,12.01,12.12,-0.10999999999999943,-8.912844098,33.45217396,1287.1337150555744
18367,PER60783,PER,60783,CHIMBOTE,340937.0,320.71,40.21,40.21,-1.7769999999999997,10.75,10.299000000000001,-0.20999999999999908,-9.058590397,-78.55573749,1063.0694396807085
18375,BRA60858,BRA,60858,PETROLINA,289845.0,362.94,42.77,42.77,-0.05,23.34,22.69,0.6499999999999986,-9.398743135,-40.50138071,798.6030748884114
18379,PNG60867,PNG,60867,PORTMORESBY,254158.0,401.52,37.68,37.68,2.27,23.27,22.32,0.9499999999999993,-9.417269808,147.2246656,632.9896393703925
18382,BRA60875,BRA,60875,MACEIO,960965.0,1421.7,38.42,38.42,0.3,20.39,20.31,0.08000000000000185,-9.648678936,-35.90751254,675.9267074628965
18387,AGO60904,AGO,60904,MALANJE,240363.0,47.765,37.32,37.32,3.47,18.77,18.61,0.16000000000000014,-9.543627999,16.34749132,8882.59423503326
18390,BRA60928,BRA,60928,ARAPIRACA,152354.0,151.48,44.28,44.28,-0.91,20.45,19.99,0.46000000000000085,-9.747086492,-36.65230936,1005.7697385793505
18393,BRA60966,BRA,60966,RIOBRANCO,226298.0,310.2,30.1,30.1,0.39,23.2,23.03,0.16999999999999815,-9.96831843,-67.8144947,729.5228884590587
18395,PER60968,PER,60968,HUANUCO,137463.0,138.71,37.04,37.04,4.17,10.75,10.299000000000001,1.7710000000000001,-9.93783041,-76.23064404,991.010020906928
18402,IDN61005,IDN,61005,KUPANG,204684.0,136.91,33.78,33.78,2.44,20.79,20.76,0.029999999999997584,-10.18245813,123.6158346,1495.0259294426996
18403,BRA61008,BRA,61008,PALMAS,130789.0,294.89,32.86,32.86,-0.22,23.42,23.27,0.15000000000000213,-10.23659725,-48.3115499,443.5179219369935
18407,TZA61026,TZA,61026,MTWARA,134336.0,50.65,41.33,41.33,2.66,24.38,22.95,1.4299999999999997,-10.2823881,40.19248204,2652.2408687068114
18414,BRA61079,BRA,61079,ARACAJU,692318.0,926.71,38.24,38.24,0.61,20.48,20.39,0.08999999999999986,-10.83551734,-37.09221718,747.0708204292605
18416,PER61090,PER,61090,CERRODEPASCO,105379.2,66.66,28.24,28.24,-1.7769999999999997,10.75,10.299000000000001,0.6000000000000014,-10.67419561,-76.25174426,1564.1914191419144
18420,PER61100,PER,61100,BARRANCA,108799.0,221.56,38.69,38.69,-1.7769999999999997,15.71,15.95,-0.23999999999999844,-10.73297148,-77.75571675,491.0588553890594
18432,COD61160,COD,61160,LIKASI,213862.0,193.86,32.17,32.17,2.29,17.13,17.61,-0.4800000000000004,-10.99376416,26.73147711,1103.1775508098626
18435,PER61168,PER,61168,HUACHO,117775.0,175.22,38.21,38.21,-1.7769999999999997,17.68,14.47,1.7710000000000001,-11.07494614,-77.59717908,672.1550051364
18457,COD61293,COD,61293,LUBUMBASHI,564830.0,294.32,34.79,34.79,4.17,18.22,17.42,0.7999999999999972,-11.66028891,27.48825358,1919.1016580592552
18463,PER61321,PER,61321,ELTAMBO,372911.0,816.48,28.24,28.24,3.55,10.75,10.299000000000001,1.7710000000000001,-11.95776302,-75.30974343,456.73010973936897
18464,PER61325,PER,61325,SANJUANDELURIGANCHO,2067882.5999999978,2050.55,45.4,45.4,3.71,18.18,13.45,1.7710000000000001,-12.05639645,-76.92159711,3372.1684426129573
18470,BRA61394,BRA,61394,ALAGOINHAS,110751.0,154.46,39.38,39.38,2.02,18.38,17.73,0.6499999999999986,-12.12833846,-38.42142719,717.0205878544607
18471,BRA61395,BRA,61395,BARREIRAS,105379.2,181.32,41.21,41.21,1.8,21.07,19.28,1.7710000000000001,-12.13037987,-45.00795344,551.9799249944849
18476,BRA61413,BRA,61413,FEIRADESANTANA,419816.0,335.62,42.8,42.8,1.03,20.33,19.36,0.9699999999999989,-12.25702381,-38.93842228,1250.8670520231215
18479,AGO61447,AGO,61447,LOBITO,452810.0,158.28,45.19,45.19,-1.7769999999999997,17.79,18.65,-0.7299999999999969,-12.38223059,13.57973332,2860.8162749557746
18484,AGO61465,AGO,61465,KUITO,144078.0,47.765,38.07,38.07,2.12,13.06,12.53,0.5300000000000011,-12.38139268,16.9374185,11462.052505966587
18487,ZMB61485,ZMB,61485,CHINGOLA,160610.0,191.1,32.51,32.51,2.88,17.54,17.55,-0.010000000000001563,-12.54173847,27.87250616,840.4500261643119
18489,BRA61497,BRA,61497,SALVADOR,2067882.5999999978,1724.07,35.57,35.57,0.99,20.97,19.9,1.0700000000000003,-12.78363227,-38.43554344,1694.437580840685
18490,ZMB61498,ZMB,61498,MUFULIRA,139802.0,154.97,30.84,30.84,1.8,18.92,18.35,0.5700000000000003,-12.55408045,28.25368068,902.122991546751
18493,AGO61508,AGO,61508,BENGUELA,311843.0,99.77,48.14,48.14,-1.36,18.29,18.43,-0.14000000000000057,-12.58919199,13.42309984,3125.6189235241054
18501,ZMB61551,ZMB,61551,KITWE,361051.0,343.49,32.99,32.99,2.61,19.26,18.71,0.5500000000000007,-12.81274191,28.19112488,1051.1252147078517
18505,AGO61563,AGO,61563,HUAMBO,470739.0,47.765,36.69,36.69,0.76,13.13,12.5,0.6300000000000008,-12.76300003,15.73532958,26822.735042735043
18509,ZMB61591,ZMB,61591,NDOLA,371375.0,341.36,33.15,33.15,2.82,19.52,17.56,1.7710000000000001,-12.98988629,28.65444423,1087.9277009608625
18512,PER61601,PER,61601,NUEVOIMPERIAL,110960.0,244.15,43.79,43.79,-1.7769999999999997,17.18,17.96,-0.7299999999999969,-13.03126679,-76.376326,454.4747081712062
18514,MOZ61605,MOZ,61605,PEMBA,105379.2,47.765,40.97,40.97,4.17,24.76,24.44,0.3200000000000003,-12.98838047,40.53412837,2143.934216146946
18518,ZMB61637,ZMB,61637,LUANSHYA,133267.0,179.78,32.14,32.14,1.59,17.689999999999998,17.4,0.28999999999999915,-13.12457283,28.39396416,741.2782289464901
18519,PER61642,PER,61642,AYACUCHO,147581.0,110.36,34.22,34.22,3.04,10.75,10.299000000000001,-0.7299999999999969,-13.16065445,-74.21439703,1337.2689380210222
18525,PER61686,PER,61686,CHINCHAALTA,137158.0,222.16,45.73,45.73,-1.7769999999999997,16.13,17.59,-0.7299999999999969,-13.42699267,-76.1332137,617.3838674828952
18529,PER61716,PER,61716,CUSCO,222534.0,354.76,28.24,28.24,1.35,10.75,10.299000000000001,-0.22999999999999687,-13.54785636,-71.91536678,627.2804149284024
18543,BRA61810,BRA,61810,JEQUIE,126906.0,136.64,37.89,37.89,3.76,16.36,16.31,0.05000000000000071,-13.86087378,-40.06836243,928.7617096018736
18545,MWI61815,MWI,61815,LILONGWE,492350.0,387.48,34.55,34.55,-0.73,18.68,17.96,0.7199999999999989,-13.95442781,33.78118323,1270.6462269020335
18547,PER61826,PER,61826,ICA,233056.0,377.28,49.58,49.58,-1.7769999999999997,15.52,15.75,-0.23000000000000043,-14.07173531,-75.71752601,617.7268871925361
18564,ZMB61902,ZMB,61902,KABWE,174073.0,196.25,36.61,36.61,3.82,19.02,18.47,0.5500000000000007,-14.42576442,28.45391155,886.996178343949
18570,MOZ61926,MOZ,61926,NACALA,194272.0,90.43,38.38,38.38,1.0,23.12,22.89,0.23000000000000043,-14.54623456,40.68645843,2148.313612739135
18576,BRA61964,BRA,61964,ILHEUS,154624.0,152.08,31.57,31.57,0.79,16.67,17.43,-0.7299999999999969,-14.83133795,-39.05884461,1016.7280378748027
18577,BRA61973,BRA,61973,ITABUNA,191184.0,206.7,31.57,31.57,1.29,16.84,16.73,0.10999999999999943,-14.80437152,-39.28476095,924.9346879535559
18585,BRA61988,BRA,61988,VITORIADECONQUISTA,215182.0,282.99,37.25,37.25,2.92,16.45,15.69,0.7599999999999998,-14.86661754,-40.83845917,760.3872928372027
18589,AGO62002,AGO,62002,LUBANGO,240933.0,145.19,37.64,37.64,-0.05,12.78,11.85,0.9299999999999997,-14.92136013,13.52020645,1659.4324678008127
18596,MOZ62040,MOZ,62040,NAMPULA,358665.0,86.21,41.51,41.51,2.71,22.96,22.07,0.8900000000000006,-15.11232996,39.26497543,4160.364226887832
18604,ZMB62082,ZMB,62082,LUSAKA,800163.0,932.02,34.66,34.66,2.93,18.56,17.97,0.5899999999999999,-15.41727621,28.29893328,858.5255681208558
18608,PER62107,PER,62107,JULIACA,164955.0,209.33,32.03,32.03,-0.32,10.75,10.299000000000001,-0.07000000000000028,-15.50219005,-70.11125201,788.0141403525533
18611,BRA62121,BRA,62121,COXIPODAPONTE,684578.0,792.19,37.39,37.39,0.76,24.02,23.61,0.41000000000000014,-15.61874598,-56.06441871,864.158850780747
18616,BRA62137,BRA,62137,BRASILIA,2067882.5999999978,2138.968,37.54,37.54,2.16,15.79,15.5,0.28999999999999915,-15.86455974,-47.95158198,1020.6261069360011
18621,MWI62158,MWI,62158,BLANTYRE,529538.0,448.65,30.23,30.23,-1.7769999999999997,18.18,18.8,-0.620000000000001,-15.78463806,35.0405301,1180.291987072328
18632,PER62188,PER,62188,PUNO,106298.0,88.77,28.24,28.24,1.19,10.75,10.299000000000001,0.33000000000000185,-15.84130659,-70.02374522,1197.4540948518645
18646,MOZ62242,MOZ,62242,TETE,120582.0,61.52,46.34,46.34,4.17,23.8,23.81,-0.00999999999999801,-16.15605799,33.59495468,1960.045513654096
18654,BRA62273,BRA,62273,ANAPOLIS,274642.0,296.63,39.44,39.44,3.01,16.19,15.41,0.7800000000000011,-16.33552606,-48.94060679,925.8739844250413
18657,PER62280,PER,62280,PAUCARPATA,613494.0,642.42,43.23,43.23,-1.01,10.75,10.299000000000001,1.7710000000000001,-16.4177469,-71.54976966,954.9733818996918
18662,BRA62304,BRA,62304,RONDOPOLIS,107495.0,263.51,37.6,37.6,1.31,21.19,21.11,0.08000000000000185,-16.45339388,-54.62529129,407.9351827255133
18663,BOL62313,BOL,62313,LAPAZ,1381266.0,529.32,31.96,31.96,2.65,10.75,10.299000000000001,0.9300000000000033,-16.51538368,-68.13921507,2609.5103151212875
18669,BRA62338,BRA,62338,GOIANIA,1549307.0,1159.6,39.81,39.81,3.25,17.55,16.77,0.7800000000000011,-16.69895446,-49.27258809,1336.070196619524
18671,BRA62351,BRA,62351,MONTESCLAROS,283631.0,317.42,37.23,37.23,1.65,19.15,18.12,1.0299999999999976,-16.71577503,-43.85579113,893.5511309936361
18673,AUS62365,AUS,62365,CAIRNS,112824.0,421.72,33.63,33.63,1.8,22.27,21.85,0.41999999999999815,-16.91163027,145.7345176,267.5329602579911
18694,BOL62465,BOL,62465,COCHABAMBA,741547.0,633.35,34.62,34.62,4.17,10.75,10.299000000000001,1.7710000000000001,-17.39788548,-66.18624356,1170.8328728191364
18704,PYF62500,PYF,62500,PAPEETE,107915.0,216.6,31.54,31.54,3.75,21.19,20.13,1.0600000000000023,-17.59087938,-149.5456458,498.22253000923365
18711,BOL62526,BOL,62526,SANTACRUZ,1089368.0,780.76,35.73,35.73,3.5,22.97,22.54,0.4299999999999997,-17.79122754,-63.15702439,1395.2661509298632
18713,ZWE62534,ZWE,62534,HARARE,1875829.0,1407.26,35.53,35.53,1.77,16.0,15.65,0.34999999999999964,-17.86278842,31.06920372,1332.96547901596
18720,BRA62548,BRA,62548,RIOVERDE,105379.2,190.49,42.72,42.72,1.51,17.34,16.22,1.120000000000001,-17.79425193,-50.90506636,542.674156123681
18730,MOZ62566,MOZ,62566,QUELIMANE,177491.0,80.39,35.27,35.27,0.5,23.32,22.78,0.5399999999999991,-17.86933948,36.89877466,2207.8741136957333
18735,BOL62580,BOL,62580,ORURO,199168.0,214.81,35.42,35.42,0.91,10.75,10.299000000000001,-0.7299999999999969,-17.9625174,-67.08696613,927.1821609794703
18738,PER62590,PER,62590,TACNA,203316.0,235.96,48.61,48.61,-1.49,12.15,11.04,1.1100000000000012,-18.02528901,-70.24730793,861.6545177148669
18743,MDG62623,MDG,62623,TOAMASINA,178571.0,69.16,35.53,35.53,2.0,17.15,18.67,-0.7299999999999969,-18.14870622,49.376816,2581.9982648930018
18752,CHL62666,CHL,62666,ARICA,172524.0,259.54,48.52,48.52,-1.01,13.56,11.38,1.7710000000000001,-18.45565537,-70.26836884,664.7299067581105
18758,BRA62704,BRA,62704,PATOSDEMINAS,107449.0,196.13,37.01,37.01,1.17,17.74,16.78,0.9599999999999973,-18.59055826,-46.49653077,547.8458165502473
18766,MDG62750,MDG,62750,ANTANANARIVO,799164.0,416.72,33.81,33.81,-0.15,18.67,17.13,1.5400000000000027,-18.90276425,47.52979117,1917.7481282395852
18767,BRA62755,BRA,62755,GOVERNADORVALADARES,227440.0,283.44,38.67,38.67,1.15,20.22,19.8,0.41999999999999815,-18.86619766,-41.94883815,802.4273214789727
18768,BRA62759,BRA,62759,UBERLANDIA,486551.0,420.74,41.02,41.02,4.02,18.0,16.55,1.4499999999999993,-18.91651307,-48.25980224,1156.4172648191281
18769,ZWE62763,ZWE,62763,QUEQUE,134914.0,386.53,36.16,36.16,1.39,16.66,16.45,0.21000000000000085,-18.95821281,29.80011407,349.0388844332911
18773,ZWE62772,ZWE,62772,MUTARE,168179.0,223.42,34.61,34.61,2.13,18.31,17.74,0.5700000000000003,-18.98676842,32.62654922,752.7481872706114
18778,BOL62785,BOL,62785,SUCRE,185733.0,202.91,38.28,38.28,3.29,10.75,10.299000000000001,1.7710000000000001,-19.03956953,-65.24967033,915.3467054359076
18781,MOZ62804,MOZ,62804,CHIMOIO,202250.0,71.39,36.77,36.77,0.2,20.93,19.88,1.0500000000000007,-19.11538882,33.48616544,2833.0298361115
18782,AUS62810,AUS,62810,TOWNSVILLE,117521.0,558.38,43.08,43.08,1.39,20.54,20.17,0.36999999999999744,-19.29104938,146.7470904,210.46778179734233
18787,BRA62845,BRA,62845,IPATINGA,243834.0,429.78,36.7,36.7,3.25,20.95,18.45,1.7710000000000001,-19.49558171,-42.57915658,567.3460840429988
18788,BRA62847,BRA,62847,BELOHORIZONTE,2067882.5999999978,2138.968,37.2,37.2,2.63,18.92,18.14,0.7800000000000011,-19.80927881,-44.05500672,1582.233294321744
18789,ZWE62849,ZWE,62849,GWERU,163916.0,280.08,39.66,39.66,0.09,16.86,16.44,0.41999999999999815,-19.47551221,29.80473633,585.2470722650671
18793,BOL62871,BOL,62871,POTOSI,130464.0,133.47,33.48,33.48,1.42,10.75,10.299000000000001,1.7710000000000001,-19.58757405,-65.75108979,977.478084962913
18802,BRA62899,BRA,62899,UBERABA,242394.0,286.87,40.25,40.25,2.79,17.88,17.32,0.5599999999999987,-19.75482196,-47.92935977,844.9611322201694
18805,MOZ62906,MOZ,62906,BEIRA,469833.0,157.14,35.18,35.18,1.49,19.41,19.71,-0.3000000000000007,-19.78288224,34.8736541,2989.900725467736
18817,MUS62972,MUS,62972,PORTLOUIS,867447.0,951.22,35.79,35.79,4.17,21.53,20.76,0.7699999999999996,-20.19715047,57.56472098,911.9309938815416
18821,BRA62980,BRA,62980,ITAQUARI,1187992.0,882.04,37.46,37.46,1.81,21.97,21.21,0.759999999999998,-20.26379527,-40.33703567,1346.868622738198
18825,BRA62997,BRA,62997,DIVINOPOLIS,174118.0,262.8,37.27,37.27,1.44,18.1,17.58,0.5200000000000031,-20.1365553,-44.88487274,662.5494672754946
18826,ZWE62999,ZWE,62999,BULAWAYO,795969.0,584.35,36.91,36.91,0.79,17.4,17.18,0.21999999999999886,-20.15995106,28.58521554,1362.144262856165
18830,CHL63030,CHL,63030,IQUIQUE,160350.0,178.67,49.75,49.75,1.44,11.47,10.299000000000001,1.5300000000000011,-20.23936832,-70.09648004,897.4645995410534
18843,BRA63083,BRA,63083,CAMPOGRANDE,654299.0,703.0,41.0,41.0,-0.22,20.38,20.38,0.0,-20.47690984,-54.60643129,930.724039829303
18856,BRA63124,BRA,63124,FRANCA,282203.0,273.38,40.1,40.1,2.0,17.73,16.64,1.0899999999999999,-20.53297842,-47.39186816,1032.2737581388544
18876,BRA63213,BRA,63213,SAOJOSEDORIOPRETO,373120.0,482.31,45.04,45.04,2.44,21.35,20.13,1.2200000000000024,-20.82356713,-49.39056935,773.6103336028696
18879,BRA63229,BRA,63229,CACHOEIRODEITAPEMIRIM,147965.0,238.3,40.6,40.6,2.18,22.11,21.87,0.23999999999999844,-20.85111456,-41.12443056,620.9190096516995
18880,REU63239,REU,63239,SAINTDENIS,691647.0,1036.43,32.48,32.48,4.03,19.21,16.0,1.7710000000000001,-21.07880798,55.47038257,667.335951294347
18893,BRA63297,BRA,63297,RIBEIRAOPRETO,632271.0,761.41,42.51,42.51,2.7,19.49,18.07,1.4199999999999982,-21.17069565,-47.82537833,830.3949252045547
18901,BRA63323,BRA,63323,CATANDUVA,105379.2,211.42,42.41,42.41,0.37,20.75,20.37,0.379999999999999,-21.1371373,-48.9542351,493.1794532210766
18909,BRA63342,BRA,63342,ARACATUBA,255467.0,389.72,43.37,43.37,1.84,20.39,19.71,0.6799999999999997,-21.24173859,-50.39385287,655.514215334086
18935,MDG63445,MDG,63445,FIARNARANTSOA,141590.0,47.765,33.95,33.95,0.96,19.07,18.15,0.9200000000000017,-21.44776249,47.10133259,3002.9692470837754
18941,BOL63466,BOL,63466,TARIJA,129736.0,160.53,40.81,40.81,2.13,14.27,12.28,1.7710000000000001,-21.53202828,-64.71847481,808.1729271787204
18946,BRA63476,BRA,63476,VARGINHA,105379.2,150.12,39.9,39.9,0.57,18.73,18.09,0.6400000000000006,-21.56075126,-45.43608637,693.8782307487344
18953,BRA63499,BRA,63499,CAMPOSDOSGOYTACAZES,311723.0,529.72,41.05,41.05,0.28,23.37,23.21,0.16000000000000014,-21.75512794,-41.29207301,588.4674922600619
18954,BRA63501,BRA,63501,JUIZDEFORA,450142.0,503.28,35.77,35.77,1.34,19.39,18.91,0.4800000000000004,-21.72698715,-43.38370178,894.4166269273566
18959,BRA63526,BRA,63526,ARARAQUARA,147444.0,327.71,41.35,41.35,0.96,19.5,18.06,1.4400000000000013,-21.7693065,-48.15196186,449.9221872997468
18965,BRA63552,BRA,63552,POCOSDECALDAS,130826.0,258.28,33.56,33.56,-0.55,16.06,16.59,-0.5300000000000011,-21.80183029,-46.57137881,506.5277992875949
18976,BRA63602,BRA,63602,SAOCARLOS,134826.0,249.97,41.04,41.04,2.46,18.82,18.38,0.4400000000000013,-21.99863414,-47.90831244,539.3687242469097
18986,BRA63634,BRA,63634,PRESIDENTEPRUDENTE,182023.0,406.4,44.01,44.01,0.85,21.54,20.93,0.6099999999999994,-22.13519629,-51.38215563,447.89124015748035
18995,BRA63660,BRA,63660,MARILIA,181401.0,341.81,40.48,40.48,0.57,20.4,19.56,0.8399999999999999,-22.20548382,-49.9201014,530.7071179895263
18998,NCL63668,NCL,63668,NOUMEA,124044.0,239.35,33.9,33.9,0.46,20.45,19.47,0.9800000000000004,-22.23057223,166.5111524,518.253603509505
19002,BRA63679,BRA,63679,DOURADOS,143590.0,275.79,46.67,46.67,0.87,21.6,19.78,1.7710000000000001,-22.22446546,-54.78205306,520.6497697523478
19004,BRA63686,BRA,63686,NOVAFRIBURGO,114164.0,265.37,33.06,33.06,1.44,18.11,18.27,-0.16000000000000014,-22.27474437,-42.51702116,430.2068809586615
19008,CHL63694,CHL,63694,CALAMA,122045.0,477.98,43.57,43.57,-0.65,10.75,10.299000000000001,1.0799999999999983,-22.36707055,-68.89057744,255.3349512531905
19012,BRA63703,BRA,63703,BAURU,339680.0,497.87,39.85,39.85,1.76,20.04,19.32,0.7199999999999989,-22.35539154,-49.04805824,682.2664550987206
19014,BRA63705,BRA,63705,MACAE,122307.0,174.97,40.48,40.48,-1.05,23.33,22.75,0.5799999999999983,-22.34097747,-41.77981111,699.016974338458
19015,BRA63716,BRA,63716,MOJI-GUACU,241649.0,399.3,41.49,41.49,1.65,19.18,17.71,1.4699999999999989,-22.39240451,-46.90340991,605.1815677435512
19019,BRA63738,BRA,63738,LIMEIRA,399552.0,513.26,43.09,43.09,2.64,18.46,18.42,0.03999999999999915,-22.48867639,-47.47649283,778.4592604138254
19020,BRA63739,BRA,63739,RIODEJANEIRO,2067882.5999999978,2138.968,40.87,40.87,4.17,23.33,21.42,1.7710000000000001,-22.75866384,-43.27704741,2343.4148054766342
19027,NAM63765,NAM,63765,WINDHOEK,223481.0,409.17,44.15,44.15,-0.34,15.08,13.69,1.3900000000000006,-22.54430757,17.08658778,546.1812938387467
19031,BRA63776,BRA,63776,VOLTAREDONDA,404793.0,387.83,40.22,40.22,1.84,21.12,20.22,0.9000000000000021,-22.51791221,-44.10677915,1043.738235824975
19035,BRA63792,BRA,63792,CABOFRIO,334662.0,873.51,39.44,39.44,0.94,22.79,22.79,0.0,-22.80080243,-42.18039119,383.12326132499913
19038,BRA63807,BRA,63807,SAOJOSEDOSCAMPOS,1465997.0,2138.968,41.37,41.37,4.17,19.42,18.18,1.240000000000002,-22.94601116,-45.4094733,569.4541231126598
19040,BRA63810,BRA,63810,SAOPAULO,2067882.5999999978,2138.968,41.02,41.02,4.17,19.05,18.07,0.9800000000000004,-23.32171394,-46.80090739,3066.086985362402
19043,BRA63832,BRA,63832,ASSIS,107557.0,246.37,41.09,41.09,0.33,19.8,19.38,0.4200000000000017,-22.68119471,-50.39530263,436.5669521451475
19045,BRA63841,BRA,63841,PIRACICABA,264970.0,303.31,43.14,43.14,1.77,18.71,17.97,0.740000000000002,-22.72280912,-47.6331103,873.5946721176355
19056,BRA63918,BRA,63918,BRAGANCAPAULISTA,207965.0,397.37,39.57,39.57,2.41,18.62,17.65,0.9700000000000024,-23.05307357,-46.55498346,523.3535495885446
19066,BRA63959,BRA,63959,INDAIATUBA,144740.0,156.37,42.51,42.51,0.62,20.08,19.48,0.5999999999999979,-23.09764919,-47.20135209,925.6251199079107
19076,BRA63993,BRA,63993,ITU,216007.0,233.51,42.61,42.61,2.13,20.1,19.26,0.8399999999999999,-23.23894289,-47.2897851,925.0438953363882
19082,BRA64009,BRA,64009,LONDRINA,670557.0,771.13,42.1,42.1,2.22,20.14,19.08,1.0600000000000023,-23.31189676,-51.22011396,869.5771141052741
19091,MDG64045,MDG,64045,TOLIARY,121978.0,62.9,49.84,49.84,3.21,22.01,22.78,-0.7299999999999969,-23.34561796,43.68484984,1939.2368839427663
19093,BRA64055,BRA,64055,MARINGA,396611.0,398.59,41.13,41.13,1.39,19.03,19.37,-0.33999999999999986,-23.43703815,-51.90823972,995.0349983692516
19095,BRA64067,BRA,64067,SOROCABA,579449.0,507.12,42.44,42.44,3.94,18.84,17.87,0.9699999999999989,-23.48292508,-47.44763749,1142.6269916390597
19096,BRA64077,BRA,64077,UBATUBA,130674.0,510.45,33.25,33.25,1.76,21.27,19.88,1.3900000000000006,-23.62376445,-45.30289307,255.99764913311785
19104,CHL64113,CHL,64113,ANTOFAGASTA,272110.0,276.65,45.34,45.34,-0.27,16.46,13.43,1.7710000000000001,-23.64963638,-70.37175627,983.5893728537865
19105,BRA64115,BRA,64115,ITAPETININGA,106723.0,201.43,40.53,40.53,1.86,18.46,16.79,1.6700000000000017,-23.58502129,-48.04408042,529.8267388174552
19119,BRA64172,BRA,64172,GUARUJA,1470774.0,1117.78,34.16,34.16,2.04,22.19,20.61,1.5800000000000018,-24.00176875,-46.49771858,1315.7991733614845
19121,ZAF64179,ZAF,64179,SESHEGO,105379.2,367.39,37.65,37.65,0.28,17.56,17.32,0.23999999999999844,-23.88617173,29.44927913,281.28691581153544
19123,MOZ64186,MOZ,64186,MAXIXE,173044.0,47.765,37.26,37.26,-1.41,21.66,21.32,0.33999999999999986,-23.86855878,35.3896828,4236.083231334149
19135,ARG64239,ARG,64239,SANSALVADORDEJUJUY,274585.0,356.25,35.84,35.84,2.12,17.0,14.52,1.7710000000000001,-24.198422,-65.28313488,770.7649122807018
19157,BWA64328,BWA,64328,GABORONE,158603.0,390.12,47.18,47.18,-0.51,21.59,20.84,0.75,-24.6270161,25.92636795,406.5492668922383
19164,ARG64356,ARG,64356,SALTA,473087.0,446.64,38.23,38.23,3.78,16.79,15.5,1.2899999999999991,-24.79689887,-65.4261606,1059.213236611141
19174,BRA64397,BRA,64397,CASCAVEL,225932.0,240.55,41.25,41.25,1.15,19.15,18.59,0.5599999999999987,-24.95442967,-53.44856233,939.2309291207648
19177,BRA64422,BRA,64422,PONTAGROSSA,265437.0,422.95,37.33,37.33,3.66,18.01,17.34,0.6700000000000017,-25.10928962,-50.13653985,627.5848209008158
19178,MOZ64425,MOZ,64425,XAI-XAI,117576.0,94.45,38.76,38.76,1.03,22.25,21.55,0.6999999999999993,-25.05223247,33.66885172,1244.8491265219693
19185,PRY64439,PRY,64439,ASUNCION,1613348.0,1635.55,43.43,43.43,0.04,24.24,23.6,0.639999999999997,-25.33407311,-57.42747198,986.4253614991899
19196,BRA64475,BRA,64475,CURITIBA,2067882.5999999978,1683.11,38.71,38.71,4.17,17.75,16.56,1.1900000000000013,-25.45580547,-49.26463575,1417.4878647266073
19202,BRA64487,BRA,64487,GUARAPUAVA,131831.0,249.01,34.53,34.53,3.22,16.71,16.27,0.4400000000000013,-25.38309314,-51.47558853,529.4205052005943
19203,ZAF64488,ZAF,64488,RUSTENBURG,109600.0,1018.97,49.02,49.02,2.72,18.6,18.45,0.15000000000000213,-25.60570355,27.28001236,107.5595944924777
19207,PRY64497,PRY,64497,CIUDADDELESTE,245530.0,473.98,40.91,40.91,0.36,21.05,21.05,0.0,-25.48093892,-54.71885237,518.0176378750158
19208,BRA64497,BRA,64497,FOZDOIGUACU,256524.0,301.55,44.66,44.66,4.17,21.03,21.17,-0.14000000000000057,-25.5224459,-54.52033917,850.6847952246725
19214,ZAF64524,ZAF,64524,JOHANNESBURG,2067882.5999999978,2138.968,42.19,42.19,0.14,16.73,16.45,0.28000000000000114,-26.19125749,28.01883332,1843.9630094619836
19215,BRA64530,BRA,64530,PARANAGUA,120848.0,215.41,35.25,35.25,2.11,22.51,22.31,0.20000000000000284,-25.51735475,-48.52365658,561.0138805069403
19239,ZAF64621,ZAF,64621,WITBANK,286020.0,1455.03,38.32,38.32,1.16,15.46,14.93,0.5300000000000011,-26.03728881,29.2556741,196.573266530587
19242,MOZ64627,MOZ,64627,MAPUTO,1645256.0,366.0,38.7,38.7,2.36,21.34,20.09,1.25,-25.91470799,32.53785721,4495.234972677596
19256,ARG64683,ARG,64683,FORMOSA,195449.0,250.83,40.16,40.16,1.75,23.34,23.42,-0.08000000000000185,-26.17991482,-58.19766418,779.2090260335685
19265,BRA64712,BRA,64712,JOINVILE,435143.0,398.02,38.03,38.03,3.94,22.42,21.7,0.7200000000000024,-26.28252691,-48.83365292,1093.269182453143
19279,AUS64744,AUS,64744,MAROOCHYDOREMOOLOOLABA,146586.0,574.31,38.59,38.59,2.13,13.93,16.29,-0.7299999999999969,-26.61736883,153.0392258,255.23846006512164
19281,ZAF64748,ZAF,64748,EMBALENHLE,127798.0,647.68,37.53,37.53,1.04,14.11,13.52,0.5899999999999999,-26.5170231,29.162146,197.31657608695653
19302,ZAF64808,ZAF,64808,POTCHEFSTROOM,113138.0,329.79,45.47,45.47,-1.7769999999999997,17.27,17.01,0.259999999999998,-26.71831306,27.0845264,343.0607356196367
19307,ARG64824,ARG,64824,SANMIGUELDETUCUMAN,746231.0,751.69,41.44,41.44,3.08,20.85,19.33,1.5200000000000031,-26.82333108,-65.21078036,992.737697721135
19311,BRA64836,BRA,64836,BLUMENAU,633841.0,1117.92,37.87,37.87,2.49,22.32,21.45,0.870000000000001,-26.91126258,-48.91211215,566.9824316587949
19317,ZAF64848,ZAF,64848,KLERKSDORP,510458.0,831.55,51.06699999999999,51.06699999999999,2.08,18.51,17.53,0.9800000000000004,-26.90388222,26.72721676,613.8632673922194
19342,BRA64919,BRA,64919,CHAPECO,132427.0,195.7,38.5,38.5,2.21,19.0,18.7,0.3000000000000007,-27.09019685,-52.62718628,676.6836995401125
19345,AUS64927,AUS,64927,BRISBANE,2067882.5999999978,2138.968,40.15,40.15,2.31,14.76,15.54,-0.7299999999999969,-27.60239341,153.0743104,719.8378371562236
19350,ARG64945,ARG,64945,CONCEPCION,126101.0,418.01,38.32,38.32,-0.38,19.89,20.08,-0.18999999999999773,-27.32915597,-65.57141564,301.6698165115667
19365,ARG64972,ARG,64972,POSADAS,286678.0,285.24,39.55,39.55,1.4,22.81,22.54,0.2699999999999996,-27.43876419,-55.87143358,1005.0413686719954
19378,CHL64996,CHL,64996,COPIAPO,119856.0,443.58,48.25,48.25,-0.39,16.54,15.38,1.1599999999999984,-27.41947148,-70.29072619,270.2015419991884
19388,ARG65016,ARG,65016,RESISTENCIA,677199.0,679.37,42.65,42.65,0.6,22.61,22.3,0.3099999999999987,-27.46079468,-58.89430472,996.8043923046351
19394,BRA65028,BRA,65028,FLORIANOPOLIS,523352.0,636.04,35.31,35.31,1.52,18.47,18.14,0.3299999999999983,-27.58949196,-48.57917016,822.8287529086222
19418,ZAF65108,ZAF,65108,NEWCASTLE,477369.0,617.66,40.78,40.78,0.02,17.64,17.13,0.5100000000000016,-27.77068719,30.05188243,772.8669494543924
19420,ARG65110,ARG,65110,SANTIAGODELESTERO,323329.0,425.4,44.33,44.33,0.52,21.88,21.41,0.46999999999999886,-27.78297328,-64.24376881,760.0587682181476
19424,ZAF65123,ZAF,65123,WELKOM,592056.0,1256.41,48.13,48.13,-0.1,18.2,17.21,0.9899999999999984,-27.98352784,26.80848883,471.22834106700833
19428,BRA65134,BRA,65134,LAGES,153365.0,223.29,36.62,36.62,2.62,18.4,17.39,1.009999999999998,-27.80474234,-50.30561665,686.8422231179185
19468,BRA65245,BRA,65245,PASSOFUNDO,163191.0,223.12,37.09,37.09,3.56,19.19,18.46,0.7300000000000004,-28.25547411,-52.40134721,731.4046253137325
19483,ARG65277,ARG,65277,SANFERNANDODELVALLEDECATAMARCA,160696.0,374.43,46.71,46.71,3.0,23.17,20.1,1.7710000000000001,-28.45371797,-65.74714875,429.1750126859493
19517,BRA65356,BRA,65356,CRICIUMA,185326.0,568.75,39.28,39.28,2.42,18.89,18.93,-0.03999999999999915,-28.67791982,-49.34674339,325.8479120879121
19522,ZAF65375,ZAF,65375,KIMBERLEY,219207.0,375.71,51.06699999999999,51.06699999999999,-1.11,18.86,18.98,-0.120000000000001,-28.72963749,24.76616586,583.4473397034948
19551,ZAF65464,ZAF,65464,BLOEMFONTEIN,534745.0,627.84,49.85,49.85,-1.35,17.43,16.96,0.46999999999999886,-29.11944708,26.23053233,851.7217762487257
19556,BRA65482,BRA,65482,CAXIASDOSUL,371414.0,381.6,36.28,36.28,2.16,17.96,18.55,-0.5899999999999999,-29.17317073,-51.2085101,973.3071278825995
19560,BRA65493,BRA,65493,BENTOGONCALVES,105379.2,252.56,35.71,35.71,1.1,19.7,19.31,0.39000000000000057,-29.21253974,-51.50115578,409.25324675324674
19566,ZAF65501,ZAF,65501,BOTSHABELO,238297.0,341.7,51.06699999999999,51.06699999999999,1.29,17.37,16.65,0.7200000000000024,-29.22415765,26.76702384,697.3865964296167
19569,LSO65517,LSO,65517,MASERU,126019.0,188.82,42.64,42.64,-0.02,16.56,15.97,0.5899999999999981,-29.32473125,27.53647166,667.4028174981464
19570,ZAF65518,ZAF,65518,DURBAN,2067882.5999999978,2138.968,37.21,37.21,1.77,17.51,16.89,0.620000000000001,-29.71838324,30.80192212,1076.7739376566246
19577,ARG65537,ARG,65537,LARIOJA,141728.0,231.88,51.06699999999999,51.06699999999999,3.87,22.63,20.52,1.7710000000000001,-29.40684664,-66.83664398,611.2126962221839
19588,BRA65564,BRA,65564,PAROBE,107907.0,256.1,38.73,38.73,2.3,19.83,19.2,0.629999999999999,-29.59078874,-50.78551287,421.34713002733304
19590,BRA65571,BRA,65571,PORTOALEGRE,2067882.5999999978,2138.968,41.01,41.01,3.16,20.63,19.87,0.759999999999998,-29.90284988,-51.13944136,1425.389025749957
19594,BRA65589,BRA,65589,SANTAMARIA,229031.0,289.42,37.67,37.67,0.85,21.2,20.72,0.4800000000000004,-29.68901604,-53.78406827,791.3447584824821
19602,BRA65605,BRA,65605,URUGUAIANA,117162.0,134.27,40.58,40.58,-0.1,21.87,21.14,0.7300000000000004,-29.76914744,-57.04534671,872.5850897445445
19614,CHL65635,CHL,65635,COQUIMBO,278988.0,289.18,43.25,43.25,-0.93,15.9,15.71,0.1899999999999995,-29.93956946,-71.24628626,964.7555155958227
19700,ARG65859,ARG,65859,CORDOBA,1454110.0,1467.22,44.36,44.36,1.04,18.4,16.87,1.5299999999999976,-31.36162914,-64.2729733,991.0647346682842
19709,ARG65881,ARG,65881,CONCORDIA,135181.0,206.1,44.73,44.73,1.46,18.79,20.13,-0.7299999999999969,-31.35933506,-58.04917208,655.9000485201359
19723,ARG65918,ARG,65918,SANJUAN,318116.0,914.03,50.85,50.85,-1.21,21.22,21.07,0.14999999999999858,-31.53744259,-68.50725307,348.03671651915147
19735,ARG65942,ARG,65942,SANTAFE,690656.0,918.95,40.11,40.11,0.72,20.84,20.2,0.6400000000000006,-31.66276605,-60.63104445,751.5708145165678
19753,AUS65991,AUS,65991,PERTH,1603171.0,2138.46,46.08,46.08,0.88,16.99,15.58,1.4099999999999984,-31.99452731,115.9058668,749.6848199171366
19758,BRA66003,BRA,66003,PELOTAS,318930.0,385.59,36.84,36.84,1.19,20.16,19.92,0.23999999999999844,-31.74629888,-52.33850702,827.1220726678597
19789,BRA66061,BRA,66061,RIOGRANDE,170601.0,436.94,35.28,35.28,-1.11,20.23,19.71,0.5199999999999996,-32.0747766,-52.13081924,390.4449123449444
19868,CHL66196,CHL,66196,VINADELMAR,857393.0,1031.51,39.7,39.7,2.09,13.85,13.25,0.5999999999999996,-32.93773843,-71.34975254,831.2018303264147
19869,ARG66197,ARG,66197,ROSARIO,1164808.0,1198.19,42.08,42.08,2.83,19.02,18.14,0.879999999999999,-32.92789728,-60.70064219,972.1396439629774
19879,AUS66211,AUS,66211,NEWCASTLE,637097.0,1762.19,38.62,38.62,1.15,18.02,17.98,0.03999999999999915,-33.03585677,151.5514522,361.5370646752053
19890,ARG66235,ARG,66235,GUAYMALLEN,957956.0,1474.16,47.38,47.38,-1.46,18.28,17.5,0.7800000000000011,-32.99437014,-68.71264773,649.8317686004233
19892,ZAF66241,ZAF,66241,BISHO,220282.0,413.61,38.9,38.9,0.43,16.43,16.4,0.030000000000001137,-32.8716735,27.40919507,532.5838350136602
19899,ZAF66254,ZAF,66254,EASTLONDON,520725.0,462.4,35.84,35.84,0.13,18.24,17.01,1.2299999999999969,-32.95934922,27.82687182,1126.1353806228374
19913,ARG66284,ARG,66284,RIOCUARTO,147402.0,284.06,42.81,42.81,-0.14,17.33,16.86,0.46999999999999886,-33.12016493,-64.3391091,518.9114975709357
19926,CHL66311,CHL,66311,SANTIAGO,2067882.5999999978,2138.968,44.98,44.98,0.96,14.56,13.45,1.1100000000000012,-33.4978273,-70.69331954,2487.9815905208447
19935,ARG66325,ARG,66325,SANNICOLASDELOSARROYOS,176103.0,360.03,37.28,37.28,1.11,18.83,18.3,0.5299999999999976,-33.31363308,-60.25260353,489.13423881343226
19937,ARG66330,ARG,66330,SANLUIS,152662.0,313.67,45.14,45.14,-0.13,19.3,18.19,1.1099999999999994,-33.28457608,-66.29351256,486.69620939203617
19967,AUS66381,AUS,66381,BATHURSTORANGE,105379.2,151.94,51.06699999999999,51.06699999999999,-0.37,11.91,12.28,-0.3699999999999992,-33.41350541,149.5906714,670.8634987495064
19993,AUS66430,AUS,66430,SYDNEY,2067882.5999999978,2138.968,43.68,43.68,4.17,17.58,16.67,0.9099999999999966,-33.82346391,150.9527167,1652.19879929049
20001,ZAF66441,ZAF,66441,KAYAMNANDI,1356050.0,2138.968,40.19,40.19,0.45,16.48,15.98,0.5,-33.94124009,18.72229006,562.1608400595304
20015,ZAF66471,ZAF,66471,PORTELIZABETH,1281743.0,1045.24,39.73,39.73,1.49,16.12,15.57,0.5500000000000007,-33.87023869,25.49048201,1226.266694730397
20027,ZAF66502,ZAF,66502,GEORGE,105379.2,481.51,35.17,35.17,-1.7769999999999997,15.21,15.63,-0.41999999999999993,-33.93635945,22.42437901,215.88129010820128
20034,ARG66540,ARG,66540,ZARATE,172988.0,471.7,41.07,41.07,2.09,17.51,16.69,0.8200000000000003,-34.10839588,-59.03831022,366.73309306762775
20048,CHL66561,CHL,66561,RANCAGUA,273697.0,746.42,40.51,40.51,0.74,14.16,13.8,0.35999999999999943,-34.27551665,-70.8478417,366.67961737359667
20066,ARG66611,ARG,66611,BUENOSAIRES,2067882.5999999978,2138.968,40.19,40.19,0.61,16.79,15.43,1.3599999999999994,-34.70132604,-58.55372074,2402.220390971936
20068,AUS66613,AUS,66613,WOLLONGONG,294858.0,435.37,34.79,34.79,1.98,16.69,16.33,0.360000000000003,-34.4893282,150.8319602,677.2584238693524
20096,ARG66681,ARG,66681,SANRAFAEL,105379.2,401.35,49.92,49.92,-1.31,15.18,15.87,-0.6899999999999995,-34.62028173,-68.35000597,257.5208670736265
20097,AUS66683,AUS,66683,ADELAIDE,1141188.0,1690.45,47.8,47.8,-0.85,14.16,11.99,1.7710000000000001,-34.90345865,138.649536,675.0794167233577
20102,URY66693,URY,66693,MONTEVIDEO,1611062.0,1520.47,36.35,36.35,0.2,15.18,14.59,0.5899999999999999,-34.7716779,-55.98604901,1059.5815767492945
20127,CHL66746,CHL,66746,CURICO,113389.0,396.69,40.83,40.83,0.35,13.57,13.58,-0.009999999999999787,-34.99915227,-71.23008746,285.83780786004183
20154,AUS66795,AUS,66795,CANBERRA,366721.0,893.74,50.96,50.96,0.41,14.16,12.68,1.4800000000000004,-35.31360553,149.124159,410.3217938102804
20168,CHL66820,CHL,66820,TALCA,183132.0,330.03,41.93,41.93,1.0,13.400000000000002,13.29,0.11000000000000298,-35.47906559,-71.66564687,554.8950095445869
20238,CHL66982,CHL,66982,CHILLAN,146512.0,244.73,43.37,43.37,1.43,11.33,11.37,-0.03999999999999915,-36.59261467,-72.08994508,598.667919748294
20240,CHL66984,CHL,66984,CONCEPCION,608507.0,891.61,32.02,32.02,0.59,12.29,12.16,0.129999999999999,-36.83318747,-73.03376534,682.4811296418837
20243,NZL66990,NZL,66990,AUCKLAND,1062708.0,1047.38,32.42,32.42,4.17,12.489999999999998,12.02,0.46999999999999886,-36.88160012,174.7821347,1014.6346120796653
20244,ARG66991,ARG,66991,SANTAROSA,105379.2,243.92,50.63,50.63,-0.8,16.32,15.7,0.620000000000001,-36.63293131,-64.30184043,414.0906854706461
20298,AUS67135,AUS,67135,MELBOURNE,2067882.5999999978,2138.968,45.21,45.21,1.96,11.79,10.38,1.4099999999999984,-37.86556533,145.0828928,1156.6206432598667
20308,NZL67156,NZL,67156,HAMILTON,183126.0,472.1,34.9,34.9,1.18,10.75,10.299000000000001,0.4399999999999995,-37.78997925,175.3177596,387.89663206947677
20322,ARG67182,ARG,67182,MARDELPLATA,571046.0,646.08,37.01,37.01,-0.59,11.1,10.32,0.7799999999999994,-38.02194729,-57.65943895,883.8626795443288
20328,AUS67203,AUS,67203,GEELONG,149894.0,439.55,44.7,44.7,1.55,11.43,11.09,0.33999999999999986,-38.10682207,144.3788943,341.01694915254234
20356,ARG67287,ARG,67287,QUEQUEN,141036.0,194.7,38.72,38.72,1.88,11.66,11.34,0.3200000000000003,-38.54128909,-58.71304984,724.3759630200309
20360,ARG67302,ARG,67302,BAHIABLANCA,333722.0,629.45,45.71,45.71,-0.74,15.68,15.42,0.2599999999999998,-38.7513309,-62.22649983,530.180316149019
20361,CHL67304,CHL,67304,TEMUCO,218185.0,274.65,37.62,37.62,0.53,10.75,10.299000000000001,0.6400000000000006,-38.72454677,-72.57939449,794.4110686328055
20362,ARG67306,ARG,67306,NEUQUEN,357742.0,897.49,45.47,45.47,-1.7769999999999997,14.91,14.83,0.08000000000000007,-38.89490049,-68.06818197,398.6027699472975
20395,BEL80001,BEL,80001,KORTRIJK,683175.0,2138.968,32.96,32.96,1.33,12.719999999999999,12.25,0.46999999999999886,50.82945899,3.279828876,68.55311706334673
20396,BEL80002,BEL,80002,CHARLEROI,1076736.0,2138.968,32.55,32.55,2.26,12.51,11.79,0.7200000000000006,50.4598349,4.314236431,108.04495049485081
20397,BEL80003,BEL,80003,HASSELT,470990.0,2138.968,33.82,33.82,1.11,13.62,12.59,1.0299999999999994,50.95453118,5.357278333,47.26143756089681
20399,BEL80005,BEL,80005,LIEGE,967281.0,2138.968,31.98,31.98,1.31,12.11,11.85,0.2599999999999998,50.61560316,5.591338734,97.06170106656579
20556,PHL90001,PHL,90001,SANTIAGO,110531.0,71.91,35.94,35.94,2.14,20.04,22.18,-0.7299999999999969,17.74724589,121.7564177,1537.0741204283133
20557,PSE90001,PSE,90001,QABATIYA,143318.0,404.12,46.23,46.23,-0.64,21.36,21.99,-0.629999999999999,32.37259749,35.25475272,354.6421854894586
20558,IDN90001,IDN,90001,LHOKSEUMAWE,173504.0,106.75,35.22,35.22,2.38,22.72,21.63,1.0899999999999999,5.120001148,97.06999832,1625.3302107728337
20559,PRK90001,PRK,90001,KANGGYE,238814.0,146.33,31.58,31.58,3.43,14.35,16.78,-0.7299999999999969,40.97140402,126.5980523,1632.0235085081663
20560,SDN90001,SDN,90001,BURSUDAN,445569.0,200.85,51.06699999999999,51.06699999999999,0.56,23.73,23.93,-0.1999999999999993,19.53124033,37.19847269,2218.4167289021657
20561,IRQ90001,IRQ,90001,KIRKUK,600646.0,571.47,51.06699999999999,51.06699999999999,-0.16,24.75,23.35,1.3999999999999986,35.46769803,44.39260423,1051.054298563354
20699,IRQ90002,IRQ,90002,ASSAMAWAH,107610.0,165.25,51.06699999999999,51.06699999999999,-0.48,26.261,25.67,1.2999999999999972,31.31220883,45.28696578,651.1951588502269
20700,IRN90002,IRN,90002,MASJEDESOLEYMAN,124939.0,324.45,51.06699999999999,51.06699999999999,0.97,26.261,25.720999999999997,0.019999999999999574,31.93641448,49.3038874,385.0793650793651
20701,SOM90002,SOM,90002,MERKA,147439.0,70.37,37.14,37.14,0.9,16.47,17.49,-0.7299999999999969,1.799890484,44.83332794,2095.1968168253516
20702,LKA90002,LKA,90002,JAFFNA,128001.0,128.09,36.74,36.74,1.42,26.261,25.720999999999997,0.21999999999999886,9.683558176,80.01502391,999.3051760480912
20703,VEN90002,VEN,90002,PUNTOFIJO,195796.0,338.76,44.32,44.32,2.21,24.85,24.61,0.240000000000002,11.70794205,-70.15278436,577.9785098594875
20704,PRK90002,PRK,90002,KIMCHAEK,202284.0,82.84,32.95,32.95,2.97,16.21,17.92,-0.7299999999999969,40.67500591,129.1734489,2441.863833896668
20705,MLT90002,MLT,90002,BIRKIRKARA,368591.0,241.18,43.28,43.28,4.17,20.98,21.91,-0.7299999999999969,35.88764664,14.44232806,1528.2817812422256
20832,IDN90003,IDN,90003,SIBOLGA,113315.0,63.66,28.24,28.24,-1.34,19.38,21.42,-0.7299999999999969,1.752420134,98.80678986,1780.0031416902295
20833,IRN90003,IRN,90003,MAHSHAHR,105379.2,258.01,51.06699999999999,51.06699999999999,1.28,26.16,25.720999999999997,-0.019999999999999574,30.65001859,49.21999834,393.891709623658
20834,TZA90003,TZA,90003,GEITA,208262.0,94.0,30.57,30.57,-1.12,17.54,17.45,0.08999999999999986,-2.866667379,32.16666753,2215.553191489362
20835,KAZ90003,KAZ,90003,EKIBASTUS,126445.0,123.67,34.9,34.9,-1.7769999999999997,13.5,13.46,0.03999999999999915,51.99430903,74.91361675,1022.4387482817175
20836,PRK90003,PRK,90003,TANCHON,330875.0,173.41,32.08,32.08,1.67,18.26,18.3,-0.03999999999999915,40.53331594,128.9667055,1908.050285450666
20951,SDN90004,SDN,90004,SINNAR,105379.2,87.06,51.06699999999999,51.06699999999999,1.45,21.16,20.75,0.41000000000000014,13.54596762,33.40738666,1198.7479898920285
20953,PHL90004,PHL,90004,SANJOSE,108254.0,68.41,36.37,36.37,-0.37,24.0,24.21,-0.21000000000000085,15.03479393,120.7885189,1582.4294693758222
20955,VEN90004,VEN,90004,ELCARMEN,155581.0,890.09,34.27,34.27,-0.22,18.77,18.22,0.5500000000000007,9.815998034,-64.13091065,174.79243671988226
20956,PRK90004,PRK,90004,HUICHON,161848.0,121.92,28.65,28.65,0.38,17.79,16.09,1.6999999999999993,40.10001017,126.333297,1327.4934383202099
20957,PER90004,PER,90004,IQUITOS,317886.0,201.48,29.11,29.11,0.11,23.47,22.95,0.5199999999999996,-3.75536367,-73.25300562,1577.7546158427635
21070,NGA90005,NGA,90005,JALINGO,105379.2,57.58,35.76,35.76,2.13,21.19,20.95,0.240000000000002,8.890001056,11.36999958,1805.852726641195
21071,KAZ90005,KAZ,90005,AKTAU,141927.0,111.19,45.66,45.66,4.17,18.09,16.75,1.3399999999999999,43.65710107,51.20661623,1276.4367299217556
21072,PRK90005,PRK,90005,KUSONG,196662.0,132.3,29.71,29.71,0.32,17.99,17.77,0.21999999999999886,39.98331212,125.300002,1486.485260770975
21174,MYS90006,MYS,90006,BINTULU,105379.2,122.02,33.69,33.69,1.61,24.79,24.79,0.0,3.15182591,113.0583861,842.1652188165875
21175,NGA90006,NGA,90006,SHAKI,138587.0,65.19,32.0,32.0,3.65,20.84,19.29,1.5500000000000007,8.660000806,3.399999549,2125.8935419542877
21176,PRK90006,PRK,90006,TOKCHON,233431.0,146.08,31.31,31.31,1.38,17.54,17.65,-0.10999999999999943,39.75001439,126.3000023,1597.9668674698794
21270,AFG90007,AFG,90007,BAGLAN,109436.0,96.08,49.33,49.33,-1.7769999999999997,20.91,20.85,0.05999999999999872,36.14000812,68.69999678,1139.0091590341383
21271,NGA90007,NGA,90007,ILA,139051.0,65.28,28.24,28.24,0.71,17.29,17.58,-0.28999999999999915,8.020001393,4.899999558,2130.0704656862745
21272,SDN90007,SDN,90007,KUSTI,250978.0,179.4,51.06699999999999,51.06699999999999,-1.42,20.09,20.69,-0.6000000000000014,13.17000002,32.45999884,1398.9855072463768
21273,PRK90007,PRK,90007,ANJU,243917.0,135.34,30.94,30.94,0.16,17.71,19.05,-0.7299999999999969,39.61799489,125.6670241,1802.2535835673118
21274,TUR90007,TUR,90007,SIVAS,251800.0,328.98,44.24,44.24,-0.22,10.75,10.299000000000001,-0.019999999999999574,39.74836786,37.0161103,765.3960727095872
21275,RUS90007,RUS,90007,SEVERODVINSK,208170.0,459.08,28.24,28.24,1.12,10.75,10.299000000000001,0.16000000000000192,64.47968121,39.94244169,453.45037901890737
21365,IDN90008,IDN,90008,BONTANG,105845.0,47.765,30.05,30.05,1.81,21.84,21.58,0.26000000000000156,0.130379756,117.4836829,2718.1561376476634
21367,PRK90008,PRK,90008,MUNCHON,117215.0,92.22,31.88,31.88,0.98,18.24,18.73,-0.490000000000002,39.23301732,127.3126183,1271.036651485578
21368,NGA90008,NGA,90008,ISEYIN,264393.0,86.17,29.8,29.8,0.75,18.11,18.39,-0.28000000000000114,7.966667863,3.599999282,3068.2720204247416
21453,MOZ90009,MOZ,90009,LICHINGA,105379.2,58.78,30.6,30.6,0.36,17.39,17.72,-0.3299999999999983,-13.31277382,35.24055495,1725.0255188839742
21457,NGA90009,NGA,90009,INISA,127318.0,62.84,28.24,28.24,-0.15,19.18,18.25,0.9299999999999997,7.83990052,4.330000191,2026.0661998726926
21458,PAK90009,PAK,90009,BAHAWALNAGAR,114736.0,105.73,40.34,40.34,0.05,25.24,25.3,-0.060000000000002274,30.55083815,73.3908308,1085.1792301144424
21459,AFG90009,AFG,90009,CARIKAR,183032.0,134.36,43.34,43.34,-1.7769999999999997,19.02,18.37,0.6499999999999986,35.02001293,69.16999864,1362.2506698422148
21548,NGA90010,NGA,90010,IJERO,147504.0,66.97,28.24,28.24,0.07,17.12,17.56,-0.4399999999999977,7.816667513,5.08333305,2202.5384500522623
21549,PHL90010,PHL,90010,KABANKALAN,149769.0,85.02,34.11,34.11,0.78,23.25,22.76,0.48999999999999844,9.883334498,122.8332973,1761.573747353564
21634,AFG90011,AFG,90011,QALEHYENAW,110394.0,96.63,51.06699999999999,51.06699999999999,-1.0,19.05,19.02,0.030000000000001137,34.99001042,63.11999805,1142.440235951568
21635,PHL90011,PHL,90011,GINGOOG,105379.2,47.765,28.24,28.24,0.39,21.81,21.42,0.389999999999997,8.820647319,125.1398833,2226.598521096129
21636,NGA90011,NGA,90011,EFONALAYE,245931.0,83.51,28.24,28.24,1.05,18.53,18.03,0.5,7.650001275,4.916665932,2944.9287510477784
21718,SDN90012,SDN,90012,ADDAMAZIN,105379.2,60.96,41.32,41.32,-0.2,18.97,16.74,1.7710000000000001,11.77042476,34.33746827,1703.3136482939633
21719,PHL90012,PHL,90012,KIDAPAWAN,105379.2,76.62,34.58,34.58,1.53,23.0,21.71,1.2899999999999991,7.033333776,125.0832972,1320.8692247454971
21720,NGA90012,NGA,90012,ILAWE,160860.0,69.52,28.24,28.24,0.56,18.09,18.06,0.030000000000001137,7.580000965,5.00999972,2313.866513233602
21800,NGA90013,NGA,90013,IKARE,160618.0,69.47,28.24,28.24,0.95,19.89,19.96,-0.07000000000000028,7.516667827,5.74999956,2312.048366201238
21801,RUS90013,RUS,90013,SURGUT,279382.0,595.84,30.24,30.24,1.32,10.75,11.29,-0.7299999999999969,61.36717622,73.48466245,468.8876208378088
21877,GIN90014,GIN,90014,KANKAN,117047.0,61.53,33.37,33.37,3.05,16.63,17.39,-0.7299999999999969,10.38333364,-9.300000467,1902.2753128555175
21878,NGA90014,NGA,90014,ISE,167258.0,70.7,28.24,28.24,-0.39,18.59,18.91,-0.3200000000000003,7.460001088,5.419999599,2365.7425742574255
21947,AFG90015,AFG,90015,MEHTARLAM,113557.0,98.43,50.38,50.38,-1.74,24.12,23.7,0.4200000000000017,34.65001016,70.19999689,1153.6828202783704
21948,SDN90015,SDN,90015,MALAKAL,105379.2,78.75,39.51,39.51,-0.48,21.61,20.82,0.7899999999999991,9.537245664,31.65684722,1321.815873015873
21949,TZA90015,TZA,90015,KILOSA,105379.2,57.15,40.5,40.5,-0.21,21.39,21.02,0.370000000000001,-6.833334125,36.98333338,1837.8127734033246
22017,LBR90016,LBR,90016,HARBEL,132969.0,58.44,28.24,28.24,0.2,19.5,19.72,-0.21999999999999886,6.280000975,-10.34666663,2275.3080082135525
22079,IDN90017,IDN,90017,TERNATE,132330.0,51.57,29.42,29.42,2.27,23.42,21.29,1.7710000000000001,-3.275060157,126.0259968,2566.026759744037
22080,RUS90017,RUS,90017,NEFTEJUGANSK,105540.0,283.0,28.24,28.24,-0.44,12.81,12.59,0.22000000000000064,61.141237,72.7317853,372.9328621908127
22142,NGA90018,NGA,90018,OTUKPO,128716.0,63.14,29.59,29.59,0.21,21.26,21.94,-0.6799999999999997,6.885470759,8.668629245,2038.580931263858
22201,TGO90019,TGO,90019,LITIME,106548.0,57.22,31.76,31.76,-0.98,19.17,19.88,-0.7099999999999973,7.050000955,0.819999711,1862.0761971338693
22202,IDN90019,IDN,90019,BENGKULU,231819.0,95.42,33.45,33.45,1.33,22.94,19.42,1.7710000000000001,-3.803690104,102.2816901,2429.4592328652275
22203,RUS90019,RUS,90019,NIZNEVARTOVSK,239307.0,553.25,29.58,29.58,1.29,11.63,13.39,-0.7299999999999969,60.94490119,76.81590792,432.5476728422955
22317,KGZ90021,KGZ,90021,CHAUVAY,123001.0,133.52,40.58,40.58,-0.67,14.78,13.77,1.0099999999999998,40.13334767,72.13332979,921.2177950868783
22372,MOZ90022,MOZ,90022,GURUE,119852.0,63.31,33.18,33.18,0.66,17.5,16.96,0.5399999999999991,-15.459987,36.97999894,1893.0974569578266
22373,SLE90022,SLE,90022,SEFADU,142852.0,67.29,28.24,28.24,-1.08,20.29,19.98,0.3099999999999987,8.57000061,-10.91000013,2122.9305989002823
22425,NGA90023,NGA,90023,OKPOKO,162562.0,59.96,28.24,28.24,-0.78,23.36,22.77,0.5899999999999999,6.448168526,6.727746193,2711.174116077385
22476,NGA90024,NGA,90024,ISHIEKE,151735.0,100.2,29.01,29.01,-0.62,19.06,20.03,-0.7299999999999969,6.423439945,8.053438878,1514.321357285429
22524,TGO90025,TGO,90025,SECTAURDAFRAGNAG,105379.2,69.29,34.33,34.33,1.39,20.05,20.27,-0.21999999999999886,6.486995503,1.638341279,1507.6923076923076
22570,SDN90026,SDN,90026,AMADI,114961.0,94.28,31.7,31.7,1.36,21.44,20.27,1.1700000000000017,5.515834571,30.33583235,1219.3572337717437
22571,IDN90026,IDN,90026,INDRAMAYU,124697.0,92.64,30.92,30.92,1.3,20.56,20.12,0.4399999999999977,-6.349296879,108.3113714,1346.0384283246976
22657,TGO90028,TGO,90028,LOGBO,124522.0,108.09,35.39,35.39,1.07,21.57,20.26,1.3099999999999987,6.364473972,1.528164308,1152.0214635951522
22658,NGA90028,NGA,90028,SAPELE,169485.0,71.11,28.24,28.24,-0.9,20.07,19.69,0.379999999999999,5.916667332,5.699999353,2383.420053438335
22739,IDN90030,IDN,90030,CIBADAK,114743.0,78.06,31.27,31.27,3.56,19.91,21.01,-0.7299999999999969,-6.570834181,106.9606002,1469.9333845759672
22778,NGA90031,NGA,90031,UGEP,208458.0,77.76,28.24,28.24,-0.46,17.09,21.4,-0.7299999999999969,5.800001121,8.083332673,2680.787037037037
22815,NGA90032,NGA,90032,AMAIGBO,109441.0,58.86,28.24,28.24,0.19,23.59,23.44,0.14999999999999858,5.780000892,7.829999632,1859.344206591913
22816,AFG90032,AFG,90032,QANDAHAR,315564.0,191.65,49.6,49.6,-1.28,21.76,21.02,0.740000000000002,31.61001546,65.69000202,1646.5640490477433
22886,IDN90034,IDN,90034,DAYEUHKOLOT,115201.0,78.3,28.24,28.24,-0.77,17.81,19.18,-0.7299999999999969,-6.67000085,107.6369004,1471.2771392081738
22952,NGA90036,NGA,90036,WARRI,562057.0,118.1,28.24,28.24,-0.67,21.97,21.22,0.75,5.50980731,5.749546444,4759.161727349704
22985,COD90037,COD,90037,BUTEMBO,105379.2,131.72,29.41,29.41,1.6,12.84,12.870000000000001,-0.030000000000001137,0.11712338,29.31004476,769.344063164288
23017,COD90038,COD,90038,MBANDAKA,137291.0,70.34,28.24,28.24,0.18,17.96,19.15,-0.7299999999999969,0.035674497,18.26413192,1951.8197327267558
23049,TCD90039,TCD,90039,SARH,105379.2,52.84,34.99,34.99,0.78,23.59,22.91,0.6799999999999997,9.149595745,18.38175378,1929.2959878879635
23050,NGA90039,NGA,90039,PORTHARCOURT,1214124.0,187.11,30.59,30.59,0.76,19.52,20.73,-0.7299999999999969,4.770852105,7.026339106,6488.8247554914215
23082,NGA90040,NGA,90040,BUGAMA,128170.0,57.59,28.24,28.24,0.23,20.02,19.73,0.28999999999999915,4.73655773,6.862739722,2225.5599930543494
23114,MOZ90041,MOZ,90041,MACHAZE,105379.2,59.32,31.6,31.6,0.02,16.05,19.02,-0.7299999999999969,-20.84988003,33.43000029,1744.7909642616319
23174,DZA90043,DZA,90043,BORDJARRERIDJ,148651.0,177.62,51.06699999999999,51.06699999999999,0.75,17.95,18.44,-0.490000000000002,36.05856576,4.62494908,836.9046278572233
23264,CMR90046,CMR,90046,KUMBO,111739.0,47.765,28.24,28.24,0.79,10.75,10.299000000000001,1.7710000000000001,6.200000329,10.66666665,2731.3370813981915
23526,CMR90056,CMR,90056,FOUMBAN,108478.0,47.765,28.24,28.24,1.31,16.68,15.55,1.129999999999999,5.716667103,10.91666683,2676.486553170491
23849,GHA90071,GHA,90071,KOFORIDUA,112836.0,70.42,29.32,29.32,-0.65,19.75,19.87,-0.120000000000001,6.019074914,-0.198801451,1602.3288838398182
24161,COD90088,COD,90088,KIKWIT,149296.0,94.31,35.0,35.0,2.49,21.4,21.0,0.3999999999999986,-5.030001055,18.80999884,1583.0346728872867
24212,CMR90091,CMR,90091,LOUM,135621.0,47.765,28.24,28.24,1.38,18.82,20.39,-0.7299999999999969,4.716667088,9.733333119,3119.8757763975154
24278,CMR90095,CMR,90095,BERTOUA,165930.0,47.765,29.42,29.42,2.91,19.07,19.0,0.07000000000000028,4.583333901,13.68333317,3583.0274238825305
24512,COD90111,COD,90111,TSHIKAPA,116016.0,82.98,33.35,33.35,1.23,23.4,22.25,1.1499999999999986,-6.410841909,20.76899149,1398.120028922632
24818,COD90135,COD,90135,KOLWEZI,416100.0,83.23,30.13,30.13,1.37,11.32,13.65,-0.7299999999999969,-10.68943523,25.64788433,4999.399255076294
25434,ETH90206,ETH,90206,NAZET,164791.0,58.13,33.1,33.1,0.77,10.75,10.299000000000001,0.17999999999999972,8.65000037,39.3199993,2834.8701186994667
26411,IND90367,IND,90367,FATEHPUR,147945.0,103.26,45.98,45.98,3.96,26.261,25.720999999999997,0.05000000000000071,25.82629605,80.83257991,1432.74259151656
26552,IND90415,IND,90415,Arrah,223063.0,123.29,47.98,47.98,0.87,26.261,25.720999999999997,-0.14000000000000057,25.34000705,84.40000124,1809.2546029686105
26555,CHN90416,CHN,90416,YUMEN,122264.0,54.31,46.84,46.84,0.5,13.0,12.68,0.3200000000000003,39.83333252,97.73332851,2251.2244522187443
26706,CHN90468,CHN,90468,TANGHU,108698.0,71.84,36.35,36.35,-0.08,20.4,20.46,-0.060000000000002274,39.21992348,115.4431937,1513.056792873051
26806,IND90502,IND,90502,SINGRAULI,180926.0,116.63,45.11,45.11,4.17,22.14,22.88,-0.7299999999999969,23.83968588,82.26999612,1551.281831432736
26829,CHN90510,CHN,90510,DASHANGTUN,112509.0,59.58,37.23,37.23,0.22,20.17,20.44,-0.2699999999999996,38.66979075,116.4697866,1888.368580060423
26844,CHN90515,CHN,90515,WENREN,109351.0,65.49,37.27,37.27,-1.25,20.45,20.54,-0.08999999999999986,38.62437021,115.4400434,1669.735837532448
26993,CHN90568,CHN,90568,SHENZHOU,133806.0,57.56,36.04,36.04,-1.65,20.34,19.21,1.129999999999999,38.08889513,115.5480585,2324.6351633078525
27026,IND90579,IND,90579,VEJALPUR,110980.0,88.01,51.01,51.01,2.42,24.36,24.04,0.3200000000000003,22.67978077,73.55999642,1260.9930689694352
27089,CHN90600,CHN,90600,FANZHUANG,139187.0,66.21,34.44,34.44,-1.7769999999999997,20.37,20.66,-0.28999999999999915,37.79282124,114.967028,2102.205104969038
27125,CHN90612,CHN,90612,SUJIAZHUANG,140385.0,85.72,40.37,40.37,1.28,19.6,20.99,-0.7299999999999969,37.71527129,115.126527,1637.7158189454037
27194,CHN90643,CHN,90643,HEQU,108602.0,62.61,43.35,43.35,-0.61,23.07,22.77,0.3000000000000007,37.57825063,114.8406016,1734.5791407123463
27337,IND90717,IND,90717,LBNAGAR,266344.0,143.7,51.06699999999999,51.06699999999999,0.46,20.38,20.43,-0.05000000000000071,17.42997126,77.999999,1853.4725121781491
27397,CHN90747,CHN,90747,HAOQIAO,120178.0,72.19,44.78,44.78,0.4,20.02,19.2,0.8200000000000003,37.0973773,114.7932196,1664.7458096689293
27459,CHN90778,CHN,90778,ZAOYUAN,124231.0,86.61,39.1,39.1,0.03,19.61,19.68,-0.07000000000000028,36.96063712,115.4182931,1434.3724743101259
27473,CHN90785,CHN,90785,SHAHE,178024.0,65.62,45.35,45.35,0.27,21.84,21.55,0.28999999999999915,36.94023289,114.5054803,2712.9533678756475
27543,CHN90820,CHN,90820,NANYANCUN,126771.0,70.14,41.17,41.17,0.62,22.82,21.41,1.4100000000000001,36.67324852,114.6923652,1807.3994867408042
27703,IND90900,IND,90900,VALPARAICITY,134923.0,97.67,28.54,28.54,1.65,18.57,17.9,0.6700000000000017,10.35000154,76.94999622,1381.417016484079
27731,CHN90914,CHN,90914,L?CUN,108099.0,62.63,38.11,38.11,-0.57,22.33,22.18,0.14999999999999858,36.09944398,114.6154834,1725.99393262015
27813,CHN90958,CHN,90958,HOUMIAO,122514.0,61.05,36.87,36.87,0.74,23.16,22.62,0.5399999999999991,35.90246071,115.7653653,2006.781326781327
27834,CHN90979,CHN,90979,WANGZHUANG,112013.0,64.6,39.16,39.16,-0.27,23.46,23.63,-0.16999999999999815,35.79946134,114.5860571,1733.9473684210527
27861,CHN91006,CHN,91006,YUANZHUANG,112549.0,72.85,37.2,37.2,0.24,21.52,21.63,-0.10999999999999943,35.75106401,116.6391408,1544.9416609471518
27902,CHN91047,CHN,91047,CIQIU,207325.0,109.44,36.48,36.48,-0.07,20.53,20.93,-0.3999999999999986,35.61630303,116.4254822,1894.4170321637428
27940,CHN91085,CHN,91085,XINZHEN,168347.0,96.88,37.83,37.83,0.11,23.46,23.59,-0.129999999999999,35.49458432,114.3866994,1737.6857968620975
27941,CHN91086,CHN,91086,ZHAIDIAN,105379.2,71.59,36.48,36.48,0.27,21.34,21.39,-0.05000000000000071,35.49995269,110.9593519,1456.4464310657913
27961,CHN91106,CHN,91106,LAODIAN,134506.0,71.66,39.95,39.95,0.5,24.44,24.21,0.23000000000000043,35.442991,114.5984772,1877.0025118615686
27977,CHN91122,CHN,91122,GAOPING,108731.0,64.18,38.9,38.9,0.09,24.31,24.12,0.18999999999999773,35.39175103,114.7697544,1694.1570582736053
28016,CHN91161,CHN,91161,FANXIANG,122433.0,70.36,38.92,38.92,0.89,23.78,23.89,-0.10999999999999943,35.29228857,114.6441886,1740.0938032973281
28059,CHN91204,CHN,91204,LIANGCHENG,105379.2,58.46,35.1,35.1,1.47,24.68,24.56,0.120000000000001,35.15839642,116.7154981,1742.2682175846733
28077,CHN91222,CHN,91222,JIAYINGGUAN,285658.0,171.64,36.85,36.85,-0.26,22.89,22.83,0.060000000000002274,35.07916308,113.5923414,1664.2857142857144
28084,CHN91229,CHN,91229,JIAOYUAN,120095.0,78.37,35.73,35.73,-0.16,23.64,23.67,-0.030000000000001137,35.09552956,114.9192014,1532.4103611075666
28115,CHN91260,CHN,91260,SHIQIAO,115655.0,64.19,35.91,35.91,0.39,22.88,22.65,0.23000000000000043,35.05808422,119.1887571,1801.760398816015
28118,CHN91263,CHN,91263,XITAO,114976.0,63.75,38.03,38.03,0.77,22.91,23.08,-0.16999999999999815,35.05720458,113.2423122,1803.5450980392156
28157,CHN91302,CHN,91302,LINZHAO,105379.2,67.3,35.47,35.47,-0.95,23.26,23.27,-0.00999999999999801,34.98504581,112.966884,1506.9390787518573
28184,CHN91329,CHN,91329,CHENGTOU,105379.2,68.63,34.75,34.75,0.35,22.96,22.65,0.3100000000000023,34.87629864,118.9361536,1524.8725047355385
28198,CHN91343,CHN,91343,ZHANGJUNMU,119127.0,67.1,34.47,34.47,-0.68,22.4,22.86,-0.46000000000000085,34.86435339,115.1118021,1775.3651266766021
28228,CHN91373,CHN,91373,SHIZHAI,137697.0,70.51,33.53,33.53,0.42,24.14,24.26,-0.120000000000001,34.79545053,116.6136151,1952.8719330591405
28243,CHN91388,CHN,91388,BEIGUAN,118647.0,66.29,34.48,34.48,-0.34,22.71,22.87,-0.16000000000000014,34.76050897,115.2666707,1789.8174686981442
28264,CHN91409,CHN,91409,HUANGCHUAN,114837.0,59.6,35.03,35.03,0.44,22.92,23.03,-0.10999999999999943,34.71119101,118.9202196,1926.7953020134228
28295,CHN91440,CHN,91440,GEGANG,126947.0,70.58,36.1,36.1,-0.19,24.44,24.09,0.3500000000000014,34.62429377,114.6828621,1798.6256729951829
28301,CHN91446,CHN,91446,HUASHAN,199808.0,106.61,32.0,32.0,-0.3,24.66,24.72,-0.05999999999999872,34.61426675,116.7809005,1874.1956664478005
28319,CHN91464,CHN,91464,ZHANGZHUANG,236403.0,94.77,32.25,32.25,0.15,23.97,24.56,-0.5899999999999999,34.55205067,117.069028,2494.4919278252614
28362,CHN91507,CHN,91507,FANLOU,119936.0,66.11,32.24,32.24,-0.08,24.55,24.41,0.14000000000000057,34.46765906,116.8685961,1814.1884737558614
28384,CHN91529,CHN,91529,LIANGLI,128458.0,77.9,32.42,32.42,0.11,24.54,24.42,0.11999999999999744,34.41634379,116.565462,1649.0115532734274
28408,CHN91554,CHN,91554,YANGLOU,111964.0,63.79,32.27,32.27,0.01,24.42,24.2,0.22000000000000242,34.34749046,116.8743406,1755.1967393008308
28410,CHN91556,CHN,91556,SANGXU,144125.0,88.86,33.78,33.78,0.54,23.89,23.8,0.08999999999999986,34.30502513,118.8388112,1621.933378347963
28417,CHN91563,CHN,91563,WUGONG,105379.2,64.86,40.49,40.49,1.24,20.74,20.38,0.35999999999999943,34.33196426,108.1440519,1581.236509404872
28426,CHN91572,CHN,91572,YANGJI,105597.0,50.07,33.68,33.68,-0.8,24.71,24.36,0.3500000000000014,34.29901547,119.4515641,2108.9874176153385
28434,CHN91580,CHN,91580,DAXU,185421.0,78.67,32.65,32.65,-0.46,24.76,24.38,0.38000000000000256,34.27384334,117.5112089,2356.9467395449346
28435,CHN91581,CHN,91581,DOUGOU,124224.0,78.66,32.86,32.86,-0.12,23.89,23.87,0.019999999999999574,34.2684258,119.1083368,1579.2524790236462
28456,CHN91602,CHN,91602,DANJIORSHANJI,105379.2,57.36,34.04,34.04,-0.02,24.16,24.11,0.05000000000000071,34.18908084,117.5913344,1818.7761506276152
28511,CHN91657,CHN,91657,SHENJIAN,141507.0,86.19,35.57,35.57,-1.13,24.28,23.95,0.33000000000000185,34.0602157,113.6808473,1641.8029933867037
28537,CHN91683,CHN,91683,CAOTANG,125690.0,80.05,38.32,38.32,2.9,22.53,21.79,0.740000000000002,34.04566928,108.7962539,1570.1436602123674
28580,CHN91726,CHN,91726,GUANSHAN,139974.0,47.765,34.15,34.15,-1.35,24.46,24.47,-0.00999999999999801,33.96847672,117.8720897,3033.6801040312093
28614,CHN91760,CHN,91760,WANGJI,108082.0,61.3,34.27,34.27,0.6,24.26,23.95,0.3100000000000023,33.86809452,118.7126244,1763.1647634584015
28621,CHN91767,CHN,91767,TAOYUAN,139971.0,74.21,39.35,39.35,1.32,24.27,24.31,-0.03999999999999915,33.84495628,117.7385905,1886.1474194852447
28658,CHN91804,CHN,91804,DINGYING,115677.0,72.92,33.25,33.25,-0.43,23.07,22.66,0.41000000000000014,33.75728927,113.6508129,1586.354909489852
28674,CHN91820,CHN,91820,LINHE,183012.0,105.47,34.81,34.81,-0.33,24.66,24.13,0.5300000000000011,33.71252156,118.4792691,1735.204323504314
28694,CHN91841,CHN,91841,MALOU,316242.0,165.67,35.71,35.71,0.13,24.37,24.2,0.1700000000000017,33.65803246,113.1091468,1908.867024808354
28699,CHN91846,CHN,91846,PEICHENG,110775.0,65.44,34.76,34.76,1.24,23.09,22.9,0.19000000000000128,33.65584345,113.7527299,1692.7720048899755
28735,CHN91883,CHN,91883,PEIWEI,144120.0,85.18,36.33,36.33,2.2,23.41,23.6,-0.19000000000000128,33.51677797,118.7050768,1691.9464663066447
28763,CHN91911,CHN,91911,WANJIN,115820.0,66.3,33.37,33.37,-0.16,23.34,23.26,0.0799999999999983,33.46781313,114.2399508,1746.9079939668175
28804,CHN91952,CHN,91952,XIAOJIAN,107463.0,60.24,34.76,34.76,-0.89,24.75,24.27,0.4800000000000004,33.35390744,116.4456059,1783.914342629482
28838,CHN91986,CHN,91986,QINNAN,132023.0,71.74,33.92,33.92,-0.41,25.61,25.720999999999997,-0.5,33.24169531,119.934403,1840.2982994145527
28848,CHN91996,CHN,91996,GONGDIAN,124728.0,59.34,34.3,34.3,0.19,23.85,24.18,-0.3299999999999983,33.23075023,115.9279985,2101.9211324570274
28863,CHN92011,CHN,92011,ZHONGTUAN,105833.0,60.82,34.29,34.29,-1.7769999999999997,24.41,24.47,-0.05999999999999872,33.18064988,116.322901,1740.101940151266
28951,CHN92099,CHN,92099,CHANGGUAN,301900.0,164.35,34.06,34.06,-0.11,23.26,23.59,-0.3299999999999983,32.98130969,115.3623823,1836.9333738971707
28952,CHN92100,CHN,92100,KANTUAN,123635.0,68.56,44.09,44.09,0.11,24.79,24.81,-0.019999999999999574,32.98956565,116.2996013,1803.310968494749
28955,CHN92103,CHN,92103,MIAOCHA,115250.0,61.66,33.46,33.46,-0.31,23.6,23.71,-0.10999999999999943,32.99162456,114.9248703,1869.1209860525464
28970,CHN92118,CHN,92118,HOUJI,156098.0,89.42,36.53,36.53,0.15,24.09,24.09,0.0,32.94338626,112.2590685,1745.6721091478416
28977,CHN92125,CHN,92125,YINGXIAN,161274.0,86.5,34.88,34.88,0.51,23.72,23.76,-0.0400000000000027,32.92628423,115.126517,1864.4393063583816
29001,CHN92149,CHN,92149,SONGJI,108013.0,59.9,34.79,34.79,-0.35,23.39,23.11,0.28000000000000114,32.85057204,115.2965562,1803.2220367278799
29025,CHN92173,CHN,92173,JIANGKOU,232620.0,129.18,41.54,41.54,0.35,24.87,24.3,0.5700000000000003,32.75452267,116.2270899,1800.743149094287
29037,CHN92185,CHN,92185,HUAJI,179349.0,106.13,38.08,38.08,1.69,22.73,22.89,-0.16000000000000014,32.72070455,115.3967531,1689.8991802506362
29052,CHN92200,CHN,92200,GENGPENG,107102.0,62.12,39.76,39.76,0.23,23.56,24.5,-0.7299999999999969,32.64916224,116.1212939,1724.1146168705732
29062,CHN92210,CHN,92210,DUANYING,112906.0,65.77,36.82,36.82,0.18,23.8,23.42,0.379999999999999,32.60504583,115.3688118,1716.679337083777
29081,CHN92229,CHN,92229,PINCHA,132200.0,67.18,38.72,38.72,0.91,25.33,25.36,-0.030000000000001137,32.52780154,120.928518,1967.8475736826435
29087,CHN92235,CHN,92235,QUTANG,105379.2,71.78,36.01,36.01,-0.05,25.29,25.720999999999997,-0.5899999999999999,32.50773931,120.3171955,1396.2245750905545
29255,CHN92403,CHN,92403,DONGSHAN,161310.0,59.54,40.15,40.15,-1.31,26.261,25.720999999999997,-0.019999999999999574,31.86363276,118.7621964,2709.2710782667114
29331,CHN92479,CHN,92479,BAISHENMIAO,125126.0,75.81,37.87,37.87,0.69,25.05,25.16,-0.10999999999999943,31.42722375,117.1348764,1650.521039440707
29337,CHN92485,CHN,92485,DONGXIANG,105379.2,48.1,34.05,34.05,-0.62,22.13,22.02,0.10999999999999943,31.41670396,107.6333007,2104.5322245322245
29492,CHN92640,CHN,92640,TAIHE,149353.0,61.77,31.73,31.73,-0.84,21.27,21.33,-0.05999999999999872,30.90030351,105.2987502,2417.888942852517
29513,CHN92661,CHN,92661,CHICHENG,107861.0,62.99,32.52,32.52,0.51,21.24,21.76,-0.5200000000000031,30.84648619,105.6802617,1712.351166851881
29559,CHN92707,CHN,92707,JINYUAN,120663.0,53.86,29.27,29.27,-1.17,21.5,21.0,0.5,30.68333443,103.4833293,2240.308206461196
29581,CHN92729,CHN,92729,YEZHOU,111665.0,51.24,31.36,31.36,0.04,18.72,18.75,-0.030000000000001137,30.61667431,109.6333313,2179.254488680718
29671,CHN92820,CHN,92820,YUEYANG,111907.0,51.31,33.42,33.42,0.05,22.39,22.7,-0.3099999999999987,30.15000325,105.3000028,2180.9978561683884
29690,CHN92839,CHN,92839,MAOJIAGANG,109933.0,47.765,34.36,34.36,-1.32,26.25,25.720999999999997,0.19000000000000128,30.04454007,112.0668707,3101.946952595937
29714,CHN92863,CHN,92863,SHIZIKOU,122264.0,65.64,36.36,36.36,0.43,26.23,25.720999999999997,-0.14999999999999858,29.94144021,112.0248181,1862.6447288238878
29728,CHN92877,CHN,92877,CHIBI,271018.0,90.61,34.09,34.09,-0.78,26.261,25.720999999999997,-0.4800000000000004,29.88333571,113.6333319,2991.038516720009
29746,CHN92895,CHN,92895,LONGJIANG,136974.0,76.32,34.75,34.75,0.36,23.14,23.06,0.08000000000000185,29.80320951,105.0790746,1794.732704402516
29775,CHN92924,CHN,92924,GAOLESHAN,113293.0,61.7,33.85,33.85,1.09,21.92,21.3,0.620000000000001,29.68984784,109.0137916,1836.191247974068
29855,CHN93004,CHN,93004,LINGYANG,121453.0,54.08,41.24,41.24,0.75,22.95,23.28,-0.33000000000000185,29.32000338,111.0916673,2245.8025147928993
29857,CHN93006,CHN,93006,HUAGE,108076.0,73.77,36.81,36.81,1.52,26.261,25.720999999999997,-0.13999999999999702,29.31398704,112.7101882,1465.0399891554832
29862,CHN93011,CHN,93011,ZHANGJIAJIE,198567.0,74.19,36.61,36.61,-1.22,22.74,23.21,-0.4700000000000024,29.2802842,110.4086076,2676.465830974525
29903,CHN93052,CHN,93052,QINGSHUZUI,105379.2,59.94,34.8,34.8,0.05,26.261,25.720999999999997,0.23000000000000043,29.15879243,112.3588842,1709.5762429095762
30128,CHN93278,CHN,93278,WENJIANG,106483.0,61.6,35.1,35.1,0.54,22.2,21.93,0.2699999999999996,28.33356446,104.5114097,1728.6201298701299
30254,CHN93404,CHN,93404,XIHE,121003.0,66.39,41.02,41.02,1.56,24.2,24.2,0.0,27.7859247,111.190296,1822.6088266305167
30260,CHN93410,CHN,93410,SHITAN,127139.0,70.44,39.01,39.01,-0.04,26.18,25.720999999999997,-0.10000000000000142,27.76038813,112.7422365,1804.9261783077798
30294,CHN93444,CHN,93444,SHEXINGSHAN,106251.0,47.77,41.26,41.26,0.85,25.64,25.720999999999997,-0.18999999999999773,27.58970995,112.0900141,2224.2202218965876
30306,CHN93456,CHN,93456,PINGSHANG,146016.0,84.89,38.66,38.66,0.46,24.7,24.23,0.46999999999999886,27.51774099,111.5636651,1720.061255742726
30309,CHN93459,CHN,93459,XIANGTANG,140552.0,71.43,37.7,37.7,0.12,26.01,25.720999999999997,0.23000000000000043,27.50233489,112.5202172,1967.6886462270752
30331,CHN93481,CHN,93481,GANTANG,177132.0,85.28,40.87,40.87,0.39,25.74,25.51,0.22999999999999687,27.40783986,111.9922542,2077.0637898686678
30490,CHN93640,CHN,93640,GAOSHA,110238.0,50.82,39.95,39.95,0.17,23.51,23.29,0.22000000000000242,26.95917248,110.679718,2169.185360094451
30511,CHN93661,CHN,93661,TAIHETANG,108164.0,67.19,40.61,40.61,0.68,24.69,24.38,0.3100000000000023,26.89784208,111.6697607,1609.8228903110582
30521,CHN93671,CHN,93671,WUFENGPU,113916.0,63.25,38.48,38.48,0.12,24.27,23.55,0.7199999999999989,26.86915779,111.4661069,1801.0434782608695
30535,CHN93685,CHN,93685,YONGXI,105379.2,58.18,32.27,32.27,0.0,16.83,16.46,0.36999999999999744,26.83935514,105.2652661,1752.9219663114472
30537,CHN93687,CHN,93687,TANZISHAN,121550.0,70.26,41.07,41.07,0.5,25.4,25.23,0.16999999999999815,26.83877287,112.2851254,1730.002846569883
30599,CHN93749,CHN,93749,YANGJIAOTANG,105379.2,60.78,39.59,39.59,-0.28,25.4,25.31,0.08999999999999986,26.63903565,112.0923939,1717.456400131622
30652,CHN93802,CHN,93802,JINSHI,126277.0,73.69,40.04,40.04,3.57,23.44,22.03,1.4100000000000001,26.43368434,110.8231867,1713.624643777989
30758,CHN93909,CHN,93909,ZIXING,138215.0,58.77,38.07,38.07,2.21,22.36,22.86,-0.5,25.96962316,113.3990023,2351.79513357155
30791,CHN93942,CHN,93942,RUIJIN,110874.0,51.0,35.85,35.85,0.72,22.16,22.62,-0.46000000000000085,25.80000217,116.0000003,2174.0
30951,CHN94102,CHN,94102,DAITOU,112739.0,47.765,39.51,39.51,3.61,23.61,22.91,0.6999999999999993,25.25656874,119.2273567,2753.761602344895
31000,CHN94151,CHN,94151,XINGYI,303592.0,97.47,32.05,32.05,1.38,19.46,18.94,0.5199999999999996,25.04979341,104.9835833,3114.7224787113983
31002,CHN94153,CHN,94153,SANCHAHE,106639.0,49.74,28.24,28.24,-1.7769999999999997,10.75,11.57,-0.7299999999999969,25.050002,103.8000027,2143.9284278246882
31162,CHN94313,CHN,94313,RAOYANG,105379.2,61.16,36.26,36.26,3.21,23.42,21.74,1.6800000000000033,24.07648429,116.8720054,1649.4277305428386
31176,CHN94327,CHN,94327,LENGKENG,120807.0,67.11,38.21,38.21,2.94,23.58,23.03,0.5499999999999972,24.03403417,112.0208843,1800.134108180599
31197,CHN94348,CHN,94348,DUXUN,115744.0,63.01,36.11,36.11,2.79,24.22,23.13,1.0899999999999999,23.96475154,117.6382715,1836.914775432471
31289,CHN94440,CHN,94440,BAITA,197814.0,78.42,39.06,39.06,2.52,24.43,23.7,0.7300000000000004,23.56177777,116.220975,2522.494261667942
31293,CHN94444,CHN,94444,JINGXIYUAN,108945.0,71.19,36.04,36.04,0.98,23.1,22.92,0.17999999999999972,23.52490606,116.058585,1530.3413400758534
31382,CHN94533,CHN,94533,ZHOUTIAN,129719.0,62.1,34.6,34.6,1.7,23.96,23.26,0.6999999999999993,23.01024379,116.4759997,2088.8727858293073
31410,CHN94561,CHN,94561,SIMAO,154354.0,63.09,28.94,28.94,2.97,17.66,17.65,0.010000000000001563,22.76639666,101.0834947,2446.568394357267
31434,CHN94585,CHN,94585,MENGMA,111109.0,51.07,28.24,28.24,-0.47,19.07,18.35,0.7199999999999989,22.26647651,99.40000098,2175.621695711768
